crate,component,file,line,function,owner,trait,kind,role,async,unsafe,const,doc
tokio,tokio (crate root),tokio/src/blocking.rs,27,spawn_blocking,,,Crate-internal,Runtime/task control,False,False,False,
tokio,tokio (crate root),tokio/src/blocking.rs,39,spawn_mandatory_blocking,,,Crate-internal,Runtime/task control,False,False,False,
tokio,tokio (crate root),tokio/src/blocking.rs,54,spawn_blocking,,,Crate-internal,Runtime/task control,False,False,False,
tokio,tokio (crate root),tokio/src/blocking.rs,64,spawn_mandatory_blocking,,,Crate-internal,Runtime/task control,False,False,False,
tokio,tokio (crate root),tokio/src/blocking.rs,83,poll,JoinHandle<R>,Future,Trait impl,Future impl (poll),False,False,False,
tokio,tokio (crate root),tokio/src/blocking.rs,92,fmt,JoinHandle<T>,fmt::Debug,Trait impl,Formatting,False,False,False,
tokio,tokio (crate root),tokio/src/blocking.rs,97,assert_send_sync,,,Private helper,Debugging / tracing,False,False,False,
tokio,tokio (crate root),tokio/src/lib.rs,636,trace_leaf,,,Crate-internal,Debugging / tracing,False,False,False,
tokio,tokio (crate root),tokio/src/lib.rs,642,async_trace_leaf,,,Crate-internal,Async operation,True,False,False,
tokio,tokio (crate root),tokio/src/lib.rs,749,is_unpin,,,Test,Accessor / query,False,False,False,
tokio-macros,tokio-macros (crate root),tokio-macros/src/entry.rs,17,from_str,RuntimeFlavor,,Private helper,Conversion,False,False,False,
tokio-macros,tokio-macros (crate root),tokio-macros/src/entry.rs,37,from_str,UnhandledPanic,,Private helper,Conversion,False,False,False,
tokio-macros,tokio-macros (crate root),tokio-macros/src/entry.rs,45,into_tokens,UnhandledPanic,,Private helper,Conversion,False,False,False,
tokio-macros,tokio-macros (crate root),tokio-macros/src/entry.rs,87,new,Configuration,,Private helper,Constructor,False,False,False,
tokio-macros,tokio-macros (crate root),tokio-macros/src/entry.rs,104,set_name,Configuration,,Private helper,Configuration / setter,False,False,False,
tokio-macros,tokio-macros (crate root),tokio-macros/src/entry.rs,114,set_flavor,Configuration,,Private helper,Configuration / setter,False,False,False,
tokio-macros,tokio-macros (crate root),tokio-macros/src/entry.rs,126,set_worker_threads,Configuration,,Private helper,Configuration / setter,False,False,False,
tokio-macros,tokio-macros (crate root),tokio-macros/src/entry.rs,146,set_start_paused,Configuration,,Private helper,Configuration / setter,False,False,False,
tokio-macros,tokio-macros (crate root),tokio-macros/src/entry.rs,156,set_crate_name,Configuration,,Private helper,Configuration / setter,False,False,False,
tokio-macros,tokio-macros (crate root),tokio-macros/src/entry.rs,165,set_unhandled_panic,Configuration,,Private helper,Configuration / setter,False,False,False,
tokio-macros,tokio-macros (crate root),tokio-macros/src/entry.rs,184,macro_name,Configuration,,Private helper,Other / internal logic,False,False,False,
tokio-macros,tokio-macros (crate root),tokio-macros/src/entry.rs,192,build,Configuration,,Private helper,Constructor,False,False,False,
tokio-macros,tokio-macros (crate root),tokio-macros/src/entry.rs,254,parse_int,,,Private helper,Other / internal logic,False,False,False,
tokio-macros,tokio-macros (crate root),tokio-macros/src/entry.rs,270,parse_string,,,Private helper,Other / internal logic,False,False,False,
tokio-macros,tokio-macros (crate root),tokio-macros/src/entry.rs,281,parse_path,,,Private helper,Other / internal logic,False,False,False,
tokio-macros,tokio-macros (crate root),tokio-macros/src/entry.rs,301,parse_bool,,,Private helper,Other / internal logic,False,False,False,
tokio-macros,tokio-macros (crate root),tokio-macros/src/entry.rs,311,contains_impl_trait,,,Private helper,Other / internal logic,False,False,False,
tokio-macros,tokio-macros (crate root),tokio-macros/src/entry.rs,340,build_config,,,Private helper,Constructor,False,False,False,
tokio-macros,tokio-macros (crate root),tokio-macros/src/entry.rs,440,parse_knobs,,,Private helper,Other / internal logic,False,False,False,
tokio-macros,tokio-macros (crate root),tokio-macros/src/entry.rs,577,token_stream_with_error,,,Private helper,Other / internal logic,False,False,False,
tokio-macros,tokio-macros (crate root),tokio-macros/src/entry.rs,582,main,,,Crate-internal,Other / internal logic,False,False,False,
tokio-macros,tokio-macros (crate root),tokio-macros/src/entry.rs,610,is_test_attribute,,,Private helper,Accessor / query,False,False,False,
tokio-macros,tokio-macros (crate root),tokio-macros/src/entry.rs,635,test,,,Crate-internal,Other / internal logic,False,False,False,
tokio-macros,tokio-macros (crate root),tokio-macros/src/entry.rs,669,attrs,ItemFn,,Private helper,Other / internal logic,False,False,False,Access all attributes of the function item.
tokio-macros,tokio-macros (crate root),tokio-macros/src/entry.rs,675,body,ItemFn,,Private helper,Other / internal logic,False,False,False,Get the body of the function item in a manner so that it can be conveniently used with the `quote!` macro.
tokio-macros,tokio-macros (crate root),tokio-macros/src/entry.rs,683,into_tokens,ItemFn,,Private helper,Conversion,False,False,False,Convert our local function item into a token stream.
tokio-macros,tokio-macros (crate root),tokio-macros/src/entry.rs,720,parse,ItemFn,Parse,Trait impl,Other / internal logic,False,False,False,
tokio-macros,tokio-macros (crate root),tokio-macros/src/entry.rs,774,to_tokens,Body<'_>,ToTokens,Trait impl,Conversion,False,False,False,
tokio-macros,tokio-macros (crate root),tokio-macros/src/lib.rs,314,main,,,Public API,Other / internal logic,False,False,False,Marks async function to be executed by the selected runtime.
tokio-macros,tokio-macros (crate root),tokio-macros/src/lib.rs,378,main_rt,,,Public API,Other / internal logic,False,False,False,Marks async function to be executed by selected runtime.
tokio-macros,tokio-macros (crate root),tokio-macros/src/lib.rs,607,test,,,Public API,Other / internal logic,False,False,False,"Marks async function to be executed by runtime, suitable to test environment."
tokio-macros,tokio-macros (crate root),tokio-macros/src/lib.rs,622,test_rt,,,Public API,Other / internal logic,False,False,False,"Marks async function to be executed by runtime, suitable to test environment ## Usage #[tokio::test] async fn my_test() { assert!(true); }"
tokio-macros,tokio-macros (crate root),tokio-macros/src/lib.rs,631,main_fail,,,Public API,Other / internal logic,False,False,False,Always fails with the error message below.
tokio-macros,tokio-macros (crate root),tokio-macros/src/lib.rs,645,test_fail,,,Public API,Other / internal logic,False,False,False,Always fails with the error message below.
tokio-macros,tokio-macros (crate root),tokio-macros/src/lib.rs,658,select_priv_declare_output_enum,,,Public API,Other / internal logic,False,False,False,Implementation detail of the `select!` macro.
tokio-macros,tokio-macros (crate root),tokio-macros/src/lib.rs,666,select_priv_clean_pattern,,,Public API,Other / internal logic,False,False,False,Implementation detail of the `select!` macro.
tokio-macros,tokio-macros (crate root),tokio-macros/src/select.rs,6,declare_output_enum,,,Crate-internal,Other / internal logic,False,False,False,
tokio-macros,tokio-macros (crate root),tokio-macros/src/select.rs,45,clean_pattern_macro,,,Crate-internal,Other / internal logic,False,False,False,
tokio-macros,tokio-macros (crate root),tokio-macros/src/select.rs,59,clean_pattern,,,Private helper,Other / internal logic,False,False,False,
tokio-stream,tokio-stream (crate root),tokio-stream/src/empty.rs,37,empty,,,Public API,Other / internal logic,False,False,True,Creates a stream that yields nothing.
tokio-stream,tokio-stream (crate root),tokio-stream/src/empty.rs,44,poll_next,Empty<T>,Stream,Trait impl,Stream impl,False,False,False,
tokio-stream,tokio-stream (crate root),tokio-stream/src/empty.rs,56,size_hint,Empty<T>,Stream,Trait impl,Stream impl,False,False,False,
tokio-stream,tokio-stream (crate root),tokio-stream/src/empty.rs,62,is_terminated,Empty<T>,FusedStream,Trait impl,Accessor / query,False,False,False,
tokio-stream,tokio-stream (crate root),tokio-stream/src/iter.rs,34,iter,,,Public API,Combinator / iteration,False,False,False,Converts an `Iterator` into a `Stream`.
tokio-stream,tokio-stream (crate root),tokio-stream/src/iter.rs,51,poll_next,Iter<I>,Stream,Trait impl,Stream impl,False,False,False,
tokio-stream,tokio-stream (crate root),tokio-stream/src/iter.rs,82,size_hint,Iter<I>,Stream,Trait impl,Stream impl,False,False,False,
tokio-stream,tokio-stream (crate root),tokio-stream/src/once.rs,37,once,,,Public API,Other / internal logic,False,False,False,Creates a stream that emits an element exactly once.
tokio-stream,tokio-stream (crate root),tokio-stream/src/once.rs,44,poll_next,Once<T>,Stream,Trait impl,Stream impl,False,False,False,
tokio-stream,tokio-stream (crate root),tokio-stream/src/once.rs,57,size_hint,Once<T>,Stream,Trait impl,Stream impl,False,False,False,
tokio-stream,tokio-stream (crate root),tokio-stream/src/once.rs,67,is_terminated,Once<T>,FusedStream,Trait impl,Accessor / query,False,False,False,
tokio-stream,tokio-stream (crate root),tokio-stream/src/pending.rs,40,pending,,,Public API,Other / internal logic,False,False,True,Creates a stream that is never ready The returned stream is never ready.
tokio-stream,tokio-stream (crate root),tokio-stream/src/pending.rs,47,poll_next,Pending<T>,Stream,Trait impl,Stream impl,False,False,False,
tokio-stream,tokio-stream (crate root),tokio-stream/src/pending.rs,51,size_hint,Pending<T>,Stream,Trait impl,Stream impl,False,False,False,
tokio-stream,tokio-stream (crate root),tokio-stream/src/stream_close.rs,45,new,StreamNotifyClose<S>,,Public API,Constructor,False,False,False,Create a new `StreamNotifyClose`.
tokio-stream,tokio-stream (crate root),tokio-stream/src/stream_close.rs,54,into_inner,StreamNotifyClose<S>,,Public API,Conversion,False,False,False,Get back the inner `Stream`.
tokio-stream,tokio-stream (crate root),tokio-stream/src/stream_close.rs,65,poll_next,StreamNotifyClose<S>,Stream,Trait impl,Stream impl,False,False,False,
tokio-stream,tokio-stream (crate root),tokio-stream/src/stream_close.rs,85,size_hint,StreamNotifyClose<S>,Stream,Trait impl,Stream impl,False,False,False,
tokio-stream,tokio-stream (crate root),tokio-stream/src/stream_close.rs,100,is_terminated,StreamNotifyClose<S>,FusedStream,Trait impl,Accessor / query,False,False,False,
tokio-stream,tokio-stream (crate root),tokio-stream/src/stream_ext.rs,144,next,trait StreamExt,,Trait method (declaration/default),Combinator / iteration,False,False,False,Consumes and returns the next value in the stream or `None` if the stream is finished.
tokio-stream,tokio-stream (crate root),tokio-stream/src/stream_ext.rs,186,try_next,trait StreamExt,,Trait method (declaration/default),Non-blocking attempt,False,False,False,Consumes and returns the next item in the stream.
tokio-stream,tokio-stream (crate root),tokio-stream/src/stream_ext.rs,219,map,trait StreamExt,,Trait method (declaration/default),Combinator / iteration,False,False,False,"Maps this stream's items to a different type, returning a new stream of the resulting type."
tokio-stream,tokio-stream (crate root),tokio-stream/src/stream_ext.rs,261,map_while,trait StreamExt,,Trait method (declaration/default),Combinator / iteration,False,False,False,Map this stream's items to a different type for as long as determined by the provided closure.
tokio-stream,tokio-stream (crate root),tokio-stream/src/stream_ext.rs,305,then,trait StreamExt,,Trait method (declaration/default),Other / internal logic,False,False,False,"Maps this stream's items asynchronously to a different type, returning a new stream of the resulting type."
tokio-stream,tokio-stream (crate root),tokio-stream/src/stream_ext.rs,398,merge,trait StreamExt,,Trait method (declaration/default),Combinator / iteration,False,False,False,Combine two streams into one by interleaving the output of both as it is produced.
tokio-stream,tokio-stream (crate root),tokio-stream/src/stream_ext.rs,436,filter,trait StreamExt,,Trait method (declaration/default),Combinator / iteration,False,False,False,Filters the values produced by this stream according to the provided predicate.
tokio-stream,tokio-stream (crate root),tokio-stream/src/stream_ext.rs,474,filter_map,trait StreamExt,,Trait method (declaration/default),Combinator / iteration,False,False,False,Filters the values produced by this stream while simultaneously mapping them to a different type according to the provided closure.
tokio-stream,tokio-stream (crate root),tokio-stream/src/stream_ext.rs,543,fuse,trait StreamExt,,Trait method (declaration/default),Other / internal logic,False,False,False,Creates a stream which ends after the first `None`.
tokio-stream,tokio-stream (crate root),tokio-stream/src/stream_ext.rs,570,take,trait StreamExt,,Trait method (declaration/default),Data movement,False,False,False,Creates a new stream of at most `n` items of the underlying stream.
tokio-stream,tokio-stream (crate root),tokio-stream/src/stream_ext.rs,599,take_while,trait StreamExt,,Trait method (declaration/default),Data movement,False,False,False,Take elements from this stream while the provided predicate resolves to `true`.
tokio-stream,tokio-stream (crate root),tokio-stream/src/stream_ext.rs,625,skip,trait StreamExt,,Trait method (declaration/default),Combinator / iteration,False,False,False,Creates a new stream that will skip the `n` first items of the underlying stream.
tokio-stream,tokio-stream (crate root),tokio-stream/src/stream_ext.rs,655,skip_while,trait StreamExt,,Trait method (declaration/default),Combinator / iteration,False,False,False,Skip elements from the underlying stream while the provided predicate resolves to `true`.
tokio-stream,tokio-stream (crate root),tokio-stream/src/stream_ext.rs,716,all,trait StreamExt,,Trait method (declaration/default),Other / internal logic,False,False,False,Tests if every element of the stream matches a predicate.
tokio-stream,tokio-stream (crate root),tokio-stream/src/stream_ext.rs,775,any,trait StreamExt,,Trait method (declaration/default),Other / internal logic,False,False,False,Tests if any element of the stream matches a predicate.
tokio-stream,tokio-stream (crate root),tokio-stream/src/stream_ext.rs,810,chain,trait StreamExt,,Trait method (declaration/default),Combinator / iteration,False,False,False,Combine two streams into one by first returning all values from the first stream then all values from the second stream.
tokio-stream,tokio-stream (crate root),tokio-stream/src/stream_ext.rs,840,fold,trait StreamExt,,Trait method (declaration/default),Combinator / iteration,False,False,False,"A combinator that applies a function to every element in a stream producing a single, final value."
tokio-stream,tokio-stream (crate root),tokio-stream/src/stream_ext.rs,919,collect,trait StreamExt,,Trait method (declaration/default),Other / internal logic,False,False,False,Drain stream pushing all emitted values into a collection.
tokio-stream,tokio-stream (crate root),tokio-stream/src/stream_ext.rs,1005,timeout,trait StreamExt,,Trait method (declaration/default),Time / timers,False,False,False,Applies a per-item timeout to the passed stream.
tokio-stream,tokio-stream (crate root),tokio-stream/src/stream_ext.rs,1093,timeout_repeating,trait StreamExt,,Trait method (declaration/default),Other / internal logic,False,False,False,Applies a per-item timeout to the passed stream.
tokio-stream,tokio-stream (crate root),tokio-stream/src/stream_ext.rs,1123,throttle,trait StreamExt,,Trait method (declaration/default),Other / internal logic,False,False,False,Slows down a stream by enforcing a delay between items.
tokio-stream,tokio-stream (crate root),tokio-stream/src/stream_ext.rs,1179,chunks_timeout,trait StreamExt,,Trait method (declaration/default),Combinator / iteration,False,False,False,Batches the items in the given stream using a maximum duration and size for each batch.
tokio-stream,tokio-stream (crate root),tokio-stream/src/stream_ext.rs,1205,peekable,trait StreamExt,,Trait method (declaration/default),Combinator / iteration,False,False,False,"Turns the stream into a peekable stream, whose next element can be peeked at without being consumed."
tokio-stream,tokio-stream (crate root),tokio-stream/src/stream_ext.rs,1216,merge_size_hints,,,Private helper,Other / internal logic,False,False,False,Merge the size hints from two streams.
tokio-stream,tokio-stream (crate root),tokio-stream/src/stream_map.rs,230,iter,"StreamMap<K, V>",,Public API,Combinator / iteration,False,False,False,An iterator visiting all key-value pairs in arbitrary order.
tokio-stream,tokio-stream (crate root),tokio-stream/src/stream_map.rs,253,iter_mut,"StreamMap<K, V>",,Public API,Combinator / iteration,False,False,False,An iterator visiting all key-value pairs mutably in arbitrary order.
tokio-stream,tokio-stream (crate root),tokio-stream/src/stream_map.rs,269,new,"StreamMap<K, V>",,Public API,Constructor,False,False,False,Creates an empty `StreamMap`.
tokio-stream,tokio-stream (crate root),tokio-stream/src/stream_map.rs,285,with_capacity,"StreamMap<K, V>",,Public API,Constructor,False,False,False,Creates an empty `StreamMap` with the specified capacity.
tokio-stream,tokio-stream (crate root),tokio-stream/src/stream_map.rs,310,keys,"StreamMap<K, V>",,Public API,Other / internal logic,False,False,False,Returns an iterator visiting all keys in arbitrary order.
tokio-stream,tokio-stream (crate root),tokio-stream/src/stream_map.rs,333,values,"StreamMap<K, V>",,Public API,Other / internal logic,False,False,False,An iterator visiting all values in arbitrary order.
tokio-stream,tokio-stream (crate root),tokio-stream/src/stream_map.rs,356,values_mut,"StreamMap<K, V>",,Public API,Other / internal logic,False,False,False,An iterator visiting all values mutably in arbitrary order.
tokio-stream,tokio-stream (crate root),tokio-stream/src/stream_map.rs,373,capacity,"StreamMap<K, V>",,Public API,Accessor / query,False,False,False,Returns the number of streams the map can hold without reallocating.
tokio-stream,tokio-stream (crate root),tokio-stream/src/stream_map.rs,389,len,"StreamMap<K, V>",,Public API,Accessor / query,False,False,False,Returns the number of streams in the map.
tokio-stream,tokio-stream (crate root),tokio-stream/src/stream_map.rs,405,is_empty,"StreamMap<K, V>",,Public API,Accessor / query,False,False,False,Returns `true` if the map contains no elements.
tokio-stream,tokio-stream (crate root),tokio-stream/src/stream_map.rs,422,clear,"StreamMap<K, V>",,Public API,Configuration / setter,False,False,False,"Clears the map, removing all key-stream pairs."
tokio-stream,tokio-stream (crate root),tokio-stream/src/stream_map.rs,446,insert,"StreamMap<K, V>",,Public API,Data movement,False,False,False,Insert a key-stream pair into the map.
tokio-stream,tokio-stream (crate root),tokio-stream/src/stream_map.rs,471,remove,"StreamMap<K, V>",,Public API,Data movement,False,False,False,"Removes a key from the map, returning the stream at the key if the key was previously in the map."
tokio-stream,tokio-stream (crate root),tokio-stream/src/stream_map.rs,500,contains_key,"StreamMap<K, V>",,Public API,Other / internal logic,False,False,False,Returns `true` if the map contains a stream for the specified key.
tokio-stream,tokio-stream (crate root),tokio-stream/src/stream_map.rs,515,poll_next_entry,"StreamMap<K, V>",,Private helper,Poll function,False,False,False,"Polls the next value, includes the vec entry index"
tokio-stream,tokio-stream (crate root),tokio-stream/src/stream_map.rs,554,default,"StreamMap<K, V>",Default,Trait impl,Constructor,False,False,False,
tokio-stream,tokio-stream (crate root),tokio-stream/src/stream_map.rs,581,next_many,"StreamMap<K, V>",,Public API,Async operation,True,False,False,"Receives multiple items on this [`StreamMap`], extending the provided `buffer`."
tokio-stream,tokio-stream (crate root),tokio-stream/src/stream_map.rs,597,poll_next_many,"StreamMap<K, V>",,Public API,Poll function,False,False,False,"Polls to receive multiple items on this `StreamMap`, extending the provided `buffer`."
tokio-stream,tokio-stream (crate root),tokio-stream/src/stream_map.rs,676,poll_next,"StreamMap<K, V>",Stream,Trait impl,Stream impl,False,False,False,
tokio-stream,tokio-stream (crate root),tokio-stream/src/stream_map.rs,685,size_hint,"StreamMap<K, V>",Stream,Trait impl,Stream impl,False,False,False,
tokio-stream,tokio-stream (crate root),tokio-stream/src/stream_map.rs,708,from_iter,"StreamMap<K, V>","FromIterator<(K, V)>",Trait impl,Conversion,False,False,False,
tokio-stream,tokio-stream (crate root),tokio-stream/src/stream_map.rs,722,extend,"StreamMap<K, V>","Extend<(K, V)>",Trait impl,Combinator / iteration,False,False,False,
tokio-stream,tokio-stream (crate root),tokio-stream/src/stream_map.rs,743,seed,,,Crate-internal,Configuration / setter,False,False,False,
tokio-stream,tokio-stream (crate root),tokio-stream/src/stream_map.rs,751,seed,,,Crate-internal,Configuration / setter,False,False,False,
tokio-stream,tokio-stream (crate root),tokio-stream/src/stream_map.rs,772,new,FastRand,,Crate-internal,Constructor,False,False,False,"Initialize a new, thread-local, fast random number generator."
tokio-stream,tokio-stream (crate root),tokio-stream/src/stream_map.rs,787,fastrand_n,FastRand,,Crate-internal,Other / internal logic,False,False,False,
tokio-stream,tokio-stream (crate root),tokio-stream/src/stream_map.rs,794,fastrand,FastRand,,Private helper,Other / internal logic,False,False,False,
tokio-stream,tokio-stream (crate root),tokio-stream/src/stream_map.rs,809,thread_rng_n,,,Crate-internal,Configuration / setter,False,False,False,
tokio-stream,tokio-stream::stream_ext,tokio-stream/src/stream_ext/all.rs,23,new,"AllFuture<'a, St, F>",,Crate-internal,Constructor,False,False,False,
tokio-stream,tokio-stream::stream_ext,tokio-stream/src/stream_ext/all.rs,39,poll,"AllFuture<'_, St, F>",Future,Trait impl,Future impl (poll),False,False,False,
tokio-stream,tokio-stream::stream_ext,tokio-stream/src/stream_ext/any.rs,23,new,"AnyFuture<'a, St, F>",,Crate-internal,Constructor,False,False,False,
tokio-stream,tokio-stream::stream_ext,tokio-stream/src/stream_ext/any.rs,39,poll,"AnyFuture<'_, St, F>",Future,Trait impl,Future impl (poll),False,False,False,
tokio-stream,tokio-stream::stream_ext,tokio-stream/src/stream_ext/chain.rs,20,new,"Chain<T, U>",,Crate-internal,Constructor,False,False,False,
tokio-stream,tokio-stream::stream_ext,tokio-stream/src/stream_ext/chain.rs,36,poll_next,"Chain<T, U>",Stream,Trait impl,Stream impl,False,False,False,
tokio-stream,tokio-stream::stream_ext,tokio-stream/src/stream_ext/chain.rs,48,size_hint,"Chain<T, U>",Stream,Trait impl,Stream impl,False,False,False,
tokio-stream,tokio-stream::stream_ext,tokio-stream/src/stream_ext/chain.rs,58,is_terminated,"Chain<T, U>",FusedStream,Trait impl,Accessor / query,False,False,False,
tokio-stream,tokio-stream::stream_ext,tokio-stream/src/stream_ext/chunks_timeout.rs,27,new,ChunksTimeout<S>,,Crate-internal,Constructor,False,False,False,
tokio-stream,tokio-stream::stream_ext,tokio-stream/src/stream_ext/chunks_timeout.rs,38,into_remainder,ChunksTimeout<S>,,Public API,Conversion,False,False,False,Consumes the [`ChunksTimeout`] and then returns all buffered items.
tokio-stream,tokio-stream::stream_ext,tokio-stream/src/stream_ext/chunks_timeout.rs,47,poll_next,ChunksTimeout<S>,Stream,Trait impl,Stream impl,False,False,False,
tokio-stream,tokio-stream::stream_ext,tokio-stream/src/stream_ext/chunks_timeout.rs,85,size_hint,ChunksTimeout<S>,Stream,Trait impl,Stream impl,False,False,False,
tokio-stream,tokio-stream::stream_ext,tokio-stream/src/stream_ext/collect.rs,46,new,"Collect<T, U, U::InternalCollection>",,Crate-internal,Constructor,False,False,False,
tokio-stream,tokio-stream::stream_ext,tokio-stream/src/stream_ext/collect.rs,66,poll,"Collect<T, U, U::InternalCollection>",Future,Trait impl,Future impl (poll),False,False,False,
tokio-stream,tokio-stream::stream_ext,tokio-stream/src/stream_ext/collect.rs,93,initialize,(),sealed::FromStreamPriv<()>,Trait impl,Runtime/task control,False,False,False,
tokio-stream,tokio-stream::stream_ext,tokio-stream/src/stream_ext/collect.rs,95,extend,(),sealed::FromStreamPriv<()>,Trait impl,Combinator / iteration,False,False,False,
tokio-stream,tokio-stream::stream_ext,tokio-stream/src/stream_ext/collect.rs,99,finalize,(),sealed::FromStreamPriv<()>,Trait impl,Runtime/task control,False,False,False,
tokio-stream,tokio-stream::stream_ext,tokio-stream/src/stream_ext/collect.rs,107,initialize,String,sealed::FromStreamPriv<T>,Trait impl,Runtime/task control,False,False,False,
tokio-stream,tokio-stream::stream_ext,tokio-stream/src/stream_ext/collect.rs,111,extend,String,sealed::FromStreamPriv<T>,Trait impl,Combinator / iteration,False,False,False,
tokio-stream,tokio-stream::stream_ext,tokio-stream/src/stream_ext/collect.rs,116,finalize,String,sealed::FromStreamPriv<T>,Trait impl,Runtime/task control,False,False,False,
tokio-stream,tokio-stream::stream_ext,tokio-stream/src/stream_ext/collect.rs,126,initialize,Vec<T>,sealed::FromStreamPriv<T>,Trait impl,Runtime/task control,False,False,False,
tokio-stream,tokio-stream::stream_ext,tokio-stream/src/stream_ext/collect.rs,130,extend,Vec<T>,sealed::FromStreamPriv<T>,Trait impl,Combinator / iteration,False,False,False,
tokio-stream,tokio-stream::stream_ext,tokio-stream/src/stream_ext/collect.rs,135,finalize,Vec<T>,sealed::FromStreamPriv<T>,Trait impl,Runtime/task control,False,False,False,
tokio-stream,tokio-stream::stream_ext,tokio-stream/src/stream_ext/collect.rs,145,initialize,VecDeque<T>,sealed::FromStreamPriv<T>,Trait impl,Runtime/task control,False,False,False,
tokio-stream,tokio-stream::stream_ext,tokio-stream/src/stream_ext/collect.rs,149,extend,VecDeque<T>,sealed::FromStreamPriv<T>,Trait impl,Combinator / iteration,False,False,False,
tokio-stream,tokio-stream::stream_ext,tokio-stream/src/stream_ext/collect.rs,154,finalize,VecDeque<T>,sealed::FromStreamPriv<T>,Trait impl,Runtime/task control,False,False,False,
tokio-stream,tokio-stream::stream_ext,tokio-stream/src/stream_ext/collect.rs,164,initialize,LinkedList<T>,sealed::FromStreamPriv<T>,Trait impl,Runtime/task control,False,False,False,
tokio-stream,tokio-stream::stream_ext,tokio-stream/src/stream_ext/collect.rs,168,extend,LinkedList<T>,sealed::FromStreamPriv<T>,Trait impl,Combinator / iteration,False,False,False,
tokio-stream,tokio-stream::stream_ext,tokio-stream/src/stream_ext/collect.rs,173,finalize,LinkedList<T>,sealed::FromStreamPriv<T>,Trait impl,Runtime/task control,False,False,False,
tokio-stream,tokio-stream::stream_ext,tokio-stream/src/stream_ext/collect.rs,183,initialize,BTreeSet<T>,sealed::FromStreamPriv<T>,Trait impl,Runtime/task control,False,False,False,
tokio-stream,tokio-stream::stream_ext,tokio-stream/src/stream_ext/collect.rs,187,extend,BTreeSet<T>,sealed::FromStreamPriv<T>,Trait impl,Combinator / iteration,False,False,False,
tokio-stream,tokio-stream::stream_ext,tokio-stream/src/stream_ext/collect.rs,192,finalize,BTreeSet<T>,sealed::FromStreamPriv<T>,Trait impl,Runtime/task control,False,False,False,
tokio-stream,tokio-stream::stream_ext,tokio-stream/src/stream_ext/collect.rs,202,initialize,"BTreeMap<K, V>","sealed::FromStreamPriv<(K, V)>",Trait impl,Runtime/task control,False,False,False,
tokio-stream,tokio-stream::stream_ext,tokio-stream/src/stream_ext/collect.rs,206,extend,"BTreeMap<K, V>","sealed::FromStreamPriv<(K, V)>",Trait impl,Combinator / iteration,False,False,False,
tokio-stream,tokio-stream::stream_ext,tokio-stream/src/stream_ext/collect.rs,211,finalize,"BTreeMap<K, V>","sealed::FromStreamPriv<(K, V)>",Trait impl,Runtime/task control,False,False,False,
tokio-stream,tokio-stream::stream_ext,tokio-stream/src/stream_ext/collect.rs,221,initialize,HashSet<T>,sealed::FromStreamPriv<T>,Trait impl,Runtime/task control,False,False,False,
tokio-stream,tokio-stream::stream_ext,tokio-stream/src/stream_ext/collect.rs,225,extend,HashSet<T>,sealed::FromStreamPriv<T>,Trait impl,Combinator / iteration,False,False,False,
tokio-stream,tokio-stream::stream_ext,tokio-stream/src/stream_ext/collect.rs,230,finalize,HashSet<T>,sealed::FromStreamPriv<T>,Trait impl,Runtime/task control,False,False,False,
tokio-stream,tokio-stream::stream_ext,tokio-stream/src/stream_ext/collect.rs,240,initialize,"HashMap<K, V>","sealed::FromStreamPriv<(K, V)>",Trait impl,Runtime/task control,False,False,False,
tokio-stream,tokio-stream::stream_ext,tokio-stream/src/stream_ext/collect.rs,244,extend,"HashMap<K, V>","sealed::FromStreamPriv<(K, V)>",Trait impl,Combinator / iteration,False,False,False,
tokio-stream,tokio-stream::stream_ext,tokio-stream/src/stream_ext/collect.rs,249,finalize,"HashMap<K, V>","sealed::FromStreamPriv<(K, V)>",Trait impl,Runtime/task control,False,False,False,
tokio-stream,tokio-stream::stream_ext,tokio-stream/src/stream_ext/collect.rs,259,initialize,BinaryHeap<T>,sealed::FromStreamPriv<T>,Trait impl,Runtime/task control,False,False,False,
tokio-stream,tokio-stream::stream_ext,tokio-stream/src/stream_ext/collect.rs,263,extend,BinaryHeap<T>,sealed::FromStreamPriv<T>,Trait impl,Combinator / iteration,False,False,False,
tokio-stream,tokio-stream::stream_ext,tokio-stream/src/stream_ext/collect.rs,268,finalize,BinaryHeap<T>,sealed::FromStreamPriv<T>,Trait impl,Runtime/task control,False,False,False,
tokio-stream,tokio-stream::stream_ext,tokio-stream/src/stream_ext/collect.rs,278,initialize,Box<[T]>,sealed::FromStreamPriv<T>,Trait impl,Runtime/task control,False,False,False,
tokio-stream,tokio-stream::stream_ext,tokio-stream/src/stream_ext/collect.rs,282,extend,Box<[T]>,sealed::FromStreamPriv<T>,Trait impl,Combinator / iteration,False,False,False,
tokio-stream,tokio-stream::stream_ext,tokio-stream/src/stream_ext/collect.rs,286,finalize,Box<[T]>,sealed::FromStreamPriv<T>,Trait impl,Runtime/task control,False,False,False,
tokio-stream,tokio-stream::stream_ext,tokio-stream/src/stream_ext/collect.rs,300,initialize,"Result<U, E>","sealed::FromStreamPriv<Result<T, E>>",Trait impl,Runtime/task control,False,False,False,
tokio-stream,tokio-stream::stream_ext,tokio-stream/src/stream_ext/collect.rs,308,extend,"Result<U, E>","sealed::FromStreamPriv<Result<T, E>>",Trait impl,Combinator / iteration,False,False,False,
tokio-stream,tokio-stream::stream_ext,tokio-stream/src/stream_ext/collect.rs,326,finalize,"Result<U, E>","sealed::FromStreamPriv<Result<T, E>>",Trait impl,Runtime/task control,False,False,False,
tokio-stream,tokio-stream::stream_ext,tokio-stream/src/stream_ext/collect.rs,346,initialize,trait FromStreamPriv,,Trait method (declaration/default),Runtime/task control,False,False,False,Initialize the collection
tokio-stream,tokio-stream::stream_ext,tokio-stream/src/stream_ext/collect.rs,355,extend,trait FromStreamPriv,,Trait method (declaration/default),Combinator / iteration,False,False,False,"Extend the collection with the received item Return `true` to continue streaming, `false` complete collection."
tokio-stream,tokio-stream::stream_ext,tokio-stream/src/stream_ext/collect.rs,358,finalize,trait FromStreamPriv,,Trait method (declaration/default),Runtime/task control,False,False,False,Finalize collection into target type.
tokio-stream,tokio-stream::stream_ext,tokio-stream/src/stream_ext/filter.rs,23,fmt,"Filter<St, F>",fmt::Debug,Trait impl,Formatting,False,False,False,
tokio-stream,tokio-stream::stream_ext,tokio-stream/src/stream_ext/filter.rs,31,new,"Filter<St, F>",,Crate-internal,Constructor,False,False,False,
tokio-stream,tokio-stream::stream_ext,tokio-stream/src/stream_ext/filter.rs,36,get_ref,"Filter<St, F>",,Public API,Accessor / query,False,False,False,Returns a reference to the inner stream.
tokio-stream,tokio-stream::stream_ext,tokio-stream/src/stream_ext/filter.rs,43,get_mut,"Filter<St, F>",,Public API,Accessor / query,False,False,False,Returns a mutable reference to the inner stream.
tokio-stream,tokio-stream::stream_ext,tokio-stream/src/stream_ext/filter.rs,50,get_pin_mut,"Filter<St, F>",,Public API,Accessor / query,False,False,False,Returns a pinned mutable reference to the inner stream.
tokio-stream,tokio-stream::stream_ext,tokio-stream/src/stream_ext/filter.rs,57,into_inner,"Filter<St, F>",,Public API,Conversion,False,False,False,Consumes this combinator and returns the inner stream.
tokio-stream,tokio-stream::stream_ext,tokio-stream/src/stream_ext/filter.rs,69,poll_next,"Filter<St, F>",Stream,Trait impl,Stream impl,False,False,False,
tokio-stream,tokio-stream::stream_ext,tokio-stream/src/stream_ext/filter.rs,82,size_hint,"Filter<St, F>",Stream,Trait impl,Stream impl,False,False,False,
tokio-stream,tokio-stream::stream_ext,tokio-stream/src/stream_ext/filter.rs,92,is_terminated,"Filter<St, F>",FusedStream,Trait impl,Accessor / query,False,False,False,
tokio-stream,tokio-stream::stream_ext,tokio-stream/src/stream_ext/filter_map.rs,23,fmt,"FilterMap<St, F>",fmt::Debug,Trait impl,Formatting,False,False,False,
tokio-stream,tokio-stream::stream_ext,tokio-stream/src/stream_ext/filter_map.rs,31,new,"FilterMap<St, F>",,Crate-internal,Constructor,False,False,False,
tokio-stream,tokio-stream::stream_ext,tokio-stream/src/stream_ext/filter_map.rs,36,get_ref,"FilterMap<St, F>",,Public API,Accessor / query,False,False,False,Returns a reference to the inner stream.
tokio-stream,tokio-stream::stream_ext,tokio-stream/src/stream_ext/filter_map.rs,43,get_mut,"FilterMap<St, F>",,Public API,Accessor / query,False,False,False,Returns a mutable reference to the inner stream.
tokio-stream,tokio-stream::stream_ext,tokio-stream/src/stream_ext/filter_map.rs,50,get_pin_mut,"FilterMap<St, F>",,Public API,Accessor / query,False,False,False,Returns a pinned mutable reference to the inner stream.
tokio-stream,tokio-stream::stream_ext,tokio-stream/src/stream_ext/filter_map.rs,57,into_inner,"FilterMap<St, F>",,Public API,Conversion,False,False,False,Consumes this combinator and returns the inner stream.
tokio-stream,tokio-stream::stream_ext,tokio-stream/src/stream_ext/filter_map.rs,69,poll_next,"FilterMap<St, F>",Stream,Trait impl,Stream impl,False,False,False,
tokio-stream,tokio-stream::stream_ext,tokio-stream/src/stream_ext/filter_map.rs,82,size_hint,"FilterMap<St, F>",Stream,Trait impl,Stream impl,False,False,False,
tokio-stream,tokio-stream::stream_ext,tokio-stream/src/stream_ext/filter_map.rs,92,is_terminated,"FilterMap<St, F>",FusedStream,Trait impl,Accessor / query,False,False,False,
tokio-stream,tokio-stream::stream_ext,tokio-stream/src/stream_ext/fold.rs,25,new,"FoldFuture<St, B, F>",,Crate-internal,Constructor,False,False,False,
tokio-stream,tokio-stream::stream_ext,tokio-stream/src/stream_ext/fold.rs,42,poll,"FoldFuture<St, B, F>",Future,Trait impl,Future impl (poll),False,False,False,
tokio-stream,tokio-stream::stream_ext,tokio-stream/src/stream_ext/fuse.rs,21,new,Fuse<T>,,Crate-internal,Constructor,False,False,False,
tokio-stream,tokio-stream::stream_ext,tokio-stream/src/stream_ext/fuse.rs,34,poll_next,Fuse<T>,Stream,Trait impl,Stream impl,False,False,False,
tokio-stream,tokio-stream::stream_ext,tokio-stream/src/stream_ext/fuse.rs,48,size_hint,Fuse<T>,Stream,Trait impl,Stream impl,False,False,False,
tokio-stream,tokio-stream::stream_ext,tokio-stream/src/stream_ext/fuse.rs,60,is_terminated,Fuse<T>,FusedStream,Trait impl,Accessor / query,False,False,False,
tokio-stream,tokio-stream::stream_ext,tokio-stream/src/stream_ext/map.rs,23,fmt,"Map<St, F>",fmt::Debug,Trait impl,Formatting,False,False,False,
tokio-stream,tokio-stream::stream_ext,tokio-stream/src/stream_ext/map.rs,29,new,"Map<St, F>",,Crate-internal,Constructor,False,False,False,
tokio-stream,tokio-stream::stream_ext,tokio-stream/src/stream_ext/map.rs,34,get_ref,"Map<St, F>",,Public API,Accessor / query,False,False,False,Returns a reference to the inner stream.
tokio-stream,tokio-stream::stream_ext,tokio-stream/src/stream_ext/map.rs,41,get_mut,"Map<St, F>",,Public API,Accessor / query,False,False,False,Returns a mutable reference to the inner stream.
tokio-stream,tokio-stream::stream_ext,tokio-stream/src/stream_ext/map.rs,48,get_pin_mut,"Map<St, F>",,Public API,Accessor / query,False,False,False,Returns a pinned mutable reference to the inner stream.
tokio-stream,tokio-stream::stream_ext,tokio-stream/src/stream_ext/map.rs,55,into_inner,"Map<St, F>",,Public API,Conversion,False,False,False,Consumes this combinator and returns the inner stream.
tokio-stream,tokio-stream::stream_ext,tokio-stream/src/stream_ext/map.rs,67,poll_next,"Map<St, F>",Stream,Trait impl,Stream impl,False,False,False,
tokio-stream,tokio-stream::stream_ext,tokio-stream/src/stream_ext/map.rs,75,size_hint,"Map<St, F>",Stream,Trait impl,Stream impl,False,False,False,
tokio-stream,tokio-stream::stream_ext,tokio-stream/src/stream_ext/map.rs,85,is_terminated,"Map<St, F>",FusedStream,Trait impl,Accessor / query,False,False,False,
tokio-stream,tokio-stream::stream_ext,tokio-stream/src/stream_ext/map_while.rs,24,fmt,"MapWhile<St, F>",fmt::Debug,Trait impl,Formatting,False,False,False,
tokio-stream,tokio-stream::stream_ext,tokio-stream/src/stream_ext/map_while.rs,33,new,"MapWhile<St, F>",,Crate-internal,Constructor,False,False,False,
tokio-stream,tokio-stream::stream_ext,tokio-stream/src/stream_ext/map_while.rs,42,get_ref,"MapWhile<St, F>",,Public API,Accessor / query,False,False,False,Returns a reference to the inner stream.
tokio-stream,tokio-stream::stream_ext,tokio-stream/src/stream_ext/map_while.rs,49,get_mut,"MapWhile<St, F>",,Public API,Accessor / query,False,False,False,Returns a mutable reference to the inner stream.
tokio-stream,tokio-stream::stream_ext,tokio-stream/src/stream_ext/map_while.rs,56,get_pin_mut,"MapWhile<St, F>",,Public API,Accessor / query,False,False,False,Returns a pinned mutable reference to the inner stream.
tokio-stream,tokio-stream::stream_ext,tokio-stream/src/stream_ext/map_while.rs,63,into_inner,"MapWhile<St, F>",,Public API,Conversion,False,False,False,Consumes this combinator and returns the inner stream.
tokio-stream,tokio-stream::stream_ext,tokio-stream/src/stream_ext/map_while.rs,75,poll_next,"MapWhile<St, F>",Stream,Trait impl,Stream impl,False,False,False,
tokio-stream,tokio-stream::stream_ext,tokio-stream/src/stream_ext/map_while.rs,92,size_hint,"MapWhile<St, F>",Stream,Trait impl,Stream impl,False,False,False,
tokio-stream,tokio-stream::stream_ext,tokio-stream/src/stream_ext/map_while.rs,106,is_terminated,"MapWhile<St, F>",FusedStream,Trait impl,Accessor / query,False,False,False,
tokio-stream,tokio-stream::stream_ext,tokio-stream/src/stream_ext/merge.rs,22,new,"Merge<T, U>",,Crate-internal,Constructor,False,False,False,
tokio-stream,tokio-stream::stream_ext,tokio-stream/src/stream_ext/merge.rs,42,poll_next,"Merge<T, U>",Stream,Trait impl,Stream impl,False,False,False,
tokio-stream,tokio-stream::stream_ext,tokio-stream/src/stream_ext/merge.rs,56,size_hint,"Merge<T, U>",Stream,Trait impl,Stream impl,False,False,False,
tokio-stream,tokio-stream::stream_ext,tokio-stream/src/stream_ext/merge.rs,66,is_terminated,"Merge<T, U>",FusedStream,Trait impl,Accessor / query,False,False,False,
tokio-stream,tokio-stream::stream_ext,tokio-stream/src/stream_ext/merge.rs,71,poll_next,,,Private helper,Poll function,False,False,False,
tokio-stream,tokio-stream::stream_ext,tokio-stream/src/stream_ext/next.rs,29,new,"Next<'a, St>",,Crate-internal,Constructor,False,False,False,
tokio-stream,tokio-stream::stream_ext,tokio-stream/src/stream_ext/next.rs,40,poll,"Next<'_, St>",Future,Trait impl,Future impl (poll),False,False,False,
tokio-stream,tokio-stream::stream_ext,tokio-stream/src/stream_ext/peekable.rs,20,new,Peekable<T>,,Crate-internal,Constructor,False,False,False,
tokio-stream,tokio-stream::stream_ext,tokio-stream/src/stream_ext/peekable.rs,26,peek,Peekable<T>,,Public API,Combinator / iteration,True,False,False,Peek at the next item in the stream.
tokio-stream,tokio-stream::stream_ext,tokio-stream/src/stream_ext/peekable.rs,39,peek_mut,Peekable<T>,,Public API,Combinator / iteration,True,False,False,Peek at the next item in the stream as a mutable reference.
tokio-stream,tokio-stream::stream_ext,tokio-stream/src/stream_ext/peekable.rs,52,poll_peek,Peekable<T>,,Public API,Poll function,False,False,False,Poll to peek at the next item in the stream as a mutable reference.
tokio-stream,tokio-stream::stream_ext,tokio-stream/src/stream_ext/peekable.rs,69,poll_next,Peekable<T>,Stream,Trait impl,Stream impl,False,False,False,
tokio-stream,tokio-stream::stream_ext,tokio-stream/src/stream_ext/peekable.rs,78,size_hint,Peekable<T>,Stream,Trait impl,Stream impl,False,False,False,
tokio-stream,tokio-stream::stream_ext,tokio-stream/src/stream_ext/skip.rs,23,fmt,Skip<St>,fmt::Debug,Trait impl,Formatting,False,False,False,
tokio-stream,tokio-stream::stream_ext,tokio-stream/src/stream_ext/skip.rs,31,new,Skip<St>,,Crate-internal,Constructor,False,False,False,
tokio-stream,tokio-stream::stream_ext,tokio-stream/src/stream_ext/skip.rs,36,get_ref,Skip<St>,,Public API,Accessor / query,False,False,False,Returns a reference to the inner stream.
tokio-stream,tokio-stream::stream_ext,tokio-stream/src/stream_ext/skip.rs,43,get_mut,Skip<St>,,Public API,Accessor / query,False,False,False,Returns a mutable reference to the inner stream.
tokio-stream,tokio-stream::stream_ext,tokio-stream/src/stream_ext/skip.rs,50,get_pin_mut,Skip<St>,,Public API,Accessor / query,False,False,False,Returns a pinned mutable reference to the inner stream.
tokio-stream,tokio-stream::stream_ext,tokio-stream/src/stream_ext/skip.rs,57,into_inner,Skip<St>,,Public API,Conversion,False,False,False,Consumes this combinator and returns the inner stream.
tokio-stream,tokio-stream::stream_ext,tokio-stream/src/stream_ext/skip.rs,68,poll_next,Skip<St>,Stream,Trait impl,Stream impl,False,False,False,
tokio-stream,tokio-stream::stream_ext,tokio-stream/src/stream_ext/skip.rs,82,size_hint,Skip<St>,Stream,Trait impl,Stream impl,False,False,False,
tokio-stream,tokio-stream::stream_ext,tokio-stream/src/stream_ext/skip.rs,96,is_terminated,Skip<St>,FusedStream,Trait impl,Accessor / query,False,False,False,
tokio-stream,tokio-stream::stream_ext,tokio-stream/src/stream_ext/skip_while.rs,23,fmt,"SkipWhile<St, F>",fmt::Debug,Trait impl,Formatting,False,False,False,
tokio-stream,tokio-stream::stream_ext,tokio-stream/src/stream_ext/skip_while.rs,31,new,"SkipWhile<St, F>",,Crate-internal,Constructor,False,False,False,
tokio-stream,tokio-stream::stream_ext,tokio-stream/src/stream_ext/skip_while.rs,39,get_ref,"SkipWhile<St, F>",,Public API,Accessor / query,False,False,False,Returns a reference to the inner stream.
tokio-stream,tokio-stream::stream_ext,tokio-stream/src/stream_ext/skip_while.rs,46,get_mut,"SkipWhile<St, F>",,Public API,Accessor / query,False,False,False,Returns a mutable reference to the inner stream.
tokio-stream,tokio-stream::stream_ext,tokio-stream/src/stream_ext/skip_while.rs,53,get_pin_mut,"SkipWhile<St, F>",,Public API,Accessor / query,False,False,False,Returns a pinned mutable reference to the inner stream.
tokio-stream,tokio-stream::stream_ext,tokio-stream/src/stream_ext/skip_while.rs,60,into_inner,"SkipWhile<St, F>",,Public API,Conversion,False,False,False,Consumes this combinator and returns the inner stream.
tokio-stream,tokio-stream::stream_ext,tokio-stream/src/stream_ext/skip_while.rs,72,poll_next,"SkipWhile<St, F>",Stream,Trait impl,Stream impl,False,False,False,
tokio-stream,tokio-stream::stream_ext,tokio-stream/src/stream_ext/skip_while.rs,91,size_hint,"SkipWhile<St, F>",Stream,Trait impl,Stream impl,False,False,False,
tokio-stream,tokio-stream::stream_ext,tokio-stream/src/stream_ext/skip_while.rs,107,is_terminated,"SkipWhile<St, F>",FusedStream,Trait impl,Accessor / query,False,False,False,
tokio-stream,tokio-stream::stream_ext,tokio-stream/src/stream_ext/take.rs,24,fmt,Take<St>,fmt::Debug,Trait impl,Formatting,False,False,False,
tokio-stream,tokio-stream::stream_ext,tokio-stream/src/stream_ext/take.rs,32,new,Take<St>,,Crate-internal,Constructor,False,False,False,
tokio-stream,tokio-stream::stream_ext,tokio-stream/src/stream_ext/take.rs,37,get_ref,Take<St>,,Public API,Accessor / query,False,False,False,Returns a reference to the inner stream.
tokio-stream,tokio-stream::stream_ext,tokio-stream/src/stream_ext/take.rs,44,get_mut,Take<St>,,Public API,Accessor / query,False,False,False,Returns a mutable reference to the inner stream.
tokio-stream,tokio-stream::stream_ext,tokio-stream/src/stream_ext/take.rs,51,get_pin_mut,Take<St>,,Public API,Accessor / query,False,False,False,Returns a pinned mutable reference to the inner stream.
tokio-stream,tokio-stream::stream_ext,tokio-stream/src/stream_ext/take.rs,58,into_inner,Take<St>,,Public API,Conversion,False,False,False,Consumes this combinator and returns the inner stream.
tokio-stream,tokio-stream::stream_ext,tokio-stream/src/stream_ext/take.rs,69,poll_next,Take<St>,Stream,Trait impl,Stream impl,False,False,False,
tokio-stream,tokio-stream::stream_ext,tokio-stream/src/stream_ext/take.rs,87,size_hint,Take<St>,Stream,Trait impl,Stream impl,False,False,False,
tokio-stream,tokio-stream::stream_ext,tokio-stream/src/stream_ext/take.rs,109,is_terminated,Take<St>,FusedStream,Trait impl,Accessor / query,False,False,False,
tokio-stream,tokio-stream::stream_ext,tokio-stream/src/stream_ext/take_while.rs,24,fmt,"TakeWhile<St, F>",fmt::Debug,Trait impl,Formatting,False,False,False,
tokio-stream,tokio-stream::stream_ext,tokio-stream/src/stream_ext/take_while.rs,33,new,"TakeWhile<St, F>",,Crate-internal,Constructor,False,False,False,
tokio-stream,tokio-stream::stream_ext,tokio-stream/src/stream_ext/take_while.rs,42,get_ref,"TakeWhile<St, F>",,Public API,Accessor / query,False,False,False,Returns a reference to the inner stream.
tokio-stream,tokio-stream::stream_ext,tokio-stream/src/stream_ext/take_while.rs,49,get_mut,"TakeWhile<St, F>",,Public API,Accessor / query,False,False,False,Returns a mutable reference to the inner stream.
tokio-stream,tokio-stream::stream_ext,tokio-stream/src/stream_ext/take_while.rs,56,get_pin_mut,"TakeWhile<St, F>",,Public API,Accessor / query,False,False,False,Returns a pinned mutable reference to the inner stream.
tokio-stream,tokio-stream::stream_ext,tokio-stream/src/stream_ext/take_while.rs,63,into_inner,"TakeWhile<St, F>",,Public API,Conversion,False,False,False,Consumes this combinator and returns the inner stream.
tokio-stream,tokio-stream::stream_ext,tokio-stream/src/stream_ext/take_while.rs,75,poll_next,"TakeWhile<St, F>",Stream,Trait impl,Stream impl,False,False,False,
tokio-stream,tokio-stream::stream_ext,tokio-stream/src/stream_ext/take_while.rs,91,size_hint,"TakeWhile<St, F>",Stream,Trait impl,Stream impl,False,False,False,
tokio-stream,tokio-stream::stream_ext,tokio-stream/src/stream_ext/take_while.rs,107,is_terminated,"TakeWhile<St, F>",FusedStream,Trait impl,Accessor / query,False,False,False,
tokio-stream,tokio-stream::stream_ext,tokio-stream/src/stream_ext/then.rs,26,fmt,"Then<St, Fut, F>",fmt::Debug,Trait impl,Formatting,False,False,False,
tokio-stream,tokio-stream::stream_ext,tokio-stream/src/stream_ext/then.rs,34,new,"Then<St, Fut, F>",,Crate-internal,Constructor,False,False,False,
tokio-stream,tokio-stream::stream_ext,tokio-stream/src/stream_ext/then.rs,43,get_ref,"Then<St, Fut, F>",,Public API,Accessor / query,False,False,False,Returns a reference to the inner stream.
tokio-stream,tokio-stream::stream_ext,tokio-stream/src/stream_ext/then.rs,50,get_mut,"Then<St, Fut, F>",,Public API,Accessor / query,False,False,False,Returns a mutable reference to the inner stream.
tokio-stream,tokio-stream::stream_ext,tokio-stream/src/stream_ext/then.rs,57,get_pin_mut,"Then<St, Fut, F>",,Public API,Accessor / query,False,False,False,Returns a pinned mutable reference to the inner stream.
tokio-stream,tokio-stream::stream_ext,tokio-stream/src/stream_ext/then.rs,64,into_inner,"Then<St, Fut, F>",,Public API,Conversion,False,False,False,Consumes this combinator and returns the inner stream.
tokio-stream,tokio-stream::stream_ext,tokio-stream/src/stream_ext/then.rs,77,poll_next,"Then<St, Fut, F>",Stream,Trait impl,Stream impl,False,False,False,
tokio-stream,tokio-stream::stream_ext,tokio-stream/src/stream_ext/then.rs,101,size_hint,"Then<St, Fut, F>",Stream,Trait impl,Stream impl,False,False,False,
tokio-stream,tokio-stream::stream_ext,tokio-stream/src/stream_ext/then.rs,118,is_terminated,"Then<St, Fut, F>",FusedStream,Trait impl,Accessor / query,False,False,False,
tokio-stream,tokio-stream::stream_ext,tokio-stream/src/stream_ext/throttle.rs,13,throttle,,,Crate-internal,Other / internal logic,False,False,False,
tokio-stream,tokio-stream::stream_ext,tokio-stream/src/stream_ext/throttle.rs,47,get_ref,Throttle<T>,,Public API,Accessor / query,False,False,False,Acquires a reference to the underlying stream that this combinator is pulling from.
tokio-stream,tokio-stream::stream_ext,tokio-stream/src/stream_ext/throttle.rs,56,get_mut,Throttle<T>,,Public API,Accessor / query,False,False,False,Acquires a mutable reference to the underlying stream that this combinator is pulling from.
tokio-stream,tokio-stream::stream_ext,tokio-stream/src/stream_ext/throttle.rs,64,into_inner,Throttle<T>,,Public API,Conversion,False,False,False,"Consumes this combinator, returning the underlying stream."
tokio-stream,tokio-stream::stream_ext,tokio-stream/src/stream_ext/throttle.rs,72,poll_next,Throttle<T>,Stream,Trait impl,Stream impl,False,False,False,
tokio-stream,tokio-stream::stream_ext,tokio-stream/src/stream_ext/throttle.rs,96,size_hint,Throttle<T>,Stream,Trait impl,Stream impl,False,False,False,
tokio-stream,tokio-stream::stream_ext,tokio-stream/src/stream_ext/throttle.rs,102,is_terminated,Throttle<T>,FusedStream,Trait impl,Accessor / query,False,False,False,
tokio-stream,tokio-stream::stream_ext,tokio-stream/src/stream_ext/throttle.rs,107,is_zero,,,Private helper,Accessor / query,False,False,False,
tokio-stream,tokio-stream::stream_ext,tokio-stream/src/stream_ext/timeout.rs,31,new,Timeout<S>,,Crate-internal,Constructor,False,False,False,
tokio-stream,tokio-stream::stream_ext,tokio-stream/src/stream_ext/timeout.rs,46,poll_next,Timeout<S>,Stream,Trait impl,Stream impl,False,False,False,
tokio-stream,tokio-stream::stream_ext,tokio-stream/src/stream_ext/timeout.rs,69,size_hint,Timeout<S>,Stream,Trait impl,Stream impl,False,False,False,
tokio-stream,tokio-stream::stream_ext,tokio-stream/src/stream_ext/timeout.rs,77,twice_plus_one,,,Private helper,Other / internal logic,False,False,False,
tokio-stream,tokio-stream::stream_ext,tokio-stream/src/stream_ext/timeout.rs,88,new,Elapsed,,Crate-internal,Constructor,False,False,False,
tokio-stream,tokio-stream::stream_ext,tokio-stream/src/stream_ext/timeout.rs,94,fmt,Elapsed,fmt::Display,Trait impl,Formatting,False,False,False,
tokio-stream,tokio-stream::stream_ext,tokio-stream/src/stream_ext/timeout.rs,102,from,std::io::Error,From<Elapsed>,Trait impl,Conversion,False,False,False,
tokio-stream,tokio-stream::stream_ext,tokio-stream/src/stream_ext/timeout_repeating.rs,22,new,TimeoutRepeating<S>,,Crate-internal,Constructor,False,False,False,
tokio-stream,tokio-stream::stream_ext,tokio-stream/src/stream_ext/timeout_repeating.rs,33,poll_next,TimeoutRepeating<S>,Stream,Trait impl,Stream impl,False,False,False,
tokio-stream,tokio-stream::stream_ext,tokio-stream/src/stream_ext/timeout_repeating.rs,50,size_hint,TimeoutRepeating<S>,Stream,Trait impl,Stream impl,False,False,False,
tokio-stream,tokio-stream::stream_ext,tokio-stream/src/stream_ext/try_next.rs,30,new,"TryNext<'a, St>",,Crate-internal,Constructor,False,False,False,
tokio-stream,tokio-stream::stream_ext,tokio-stream/src/stream_ext/try_next.rs,41,poll,"TryNext<'_, St>",Future,Trait impl,Future impl (poll),False,False,False,
tokio-stream,tokio-stream::wrappers,tokio-stream/src/wrappers/broadcast.rs,54,fmt,BroadcastStreamRecvError,fmt::Display,Trait impl,Formatting,False,False,False,
tokio-stream,tokio-stream::wrappers,tokio-stream/src/wrappers/broadcast.rs,63,make_future,,,Private helper,Async operation,True,False,False,
tokio-stream,tokio-stream::wrappers,tokio-stream/src/wrappers/broadcast.rs,70,new,BroadcastStream<T>,,Public API,Constructor,False,False,False,Create a new `BroadcastStream`.
tokio-stream,tokio-stream::wrappers,tokio-stream/src/wrappers/broadcast.rs,79,poll_next,BroadcastStream<T>,Stream,Trait impl,Stream impl,False,False,False,
tokio-stream,tokio-stream::wrappers,tokio-stream/src/wrappers/broadcast.rs,93,fmt,BroadcastStream<T>,fmt::Debug,Trait impl,Formatting,False,False,False,
tokio-stream,tokio-stream::wrappers,tokio-stream/src/wrappers/broadcast.rs,99,from,BroadcastStream<T>,From<Receiver<T>>,Trait impl,Conversion,False,False,False,
tokio-stream,tokio-stream::wrappers,tokio-stream/src/wrappers/interval.rs,39,new,IntervalStream,,Public API,Constructor,False,False,False,Create a new `IntervalStream`.
tokio-stream,tokio-stream::wrappers,tokio-stream/src/wrappers/interval.rs,44,into_inner,IntervalStream,,Public API,Conversion,False,False,False,Get back the inner `Interval`.
tokio-stream,tokio-stream::wrappers,tokio-stream/src/wrappers/interval.rs,52,poll_next,IntervalStream,Stream,Trait impl,Stream impl,False,False,False,
tokio-stream,tokio-stream::wrappers,tokio-stream/src/wrappers/interval.rs,56,size_hint,IntervalStream,Stream,Trait impl,Stream impl,False,False,False,
tokio-stream,tokio-stream::wrappers,tokio-stream/src/wrappers/interval.rs,62,is_terminated,IntervalStream,FusedStream,Trait impl,Accessor / query,False,False,False,
tokio-stream,tokio-stream::wrappers,tokio-stream/src/wrappers/interval.rs,68,as_ref,IntervalStream,AsRef<Interval>,Trait impl,Conversion,False,False,False,
tokio-stream,tokio-stream::wrappers,tokio-stream/src/wrappers/interval.rs,74,as_mut,IntervalStream,AsMut<Interval>,Trait impl,Conversion,False,False,False,
tokio-stream,tokio-stream::wrappers,tokio-stream/src/wrappers/lines.rs,41,new,LinesStream<R>,,Public API,Constructor,False,False,False,Create a new `LinesStream`.
tokio-stream,tokio-stream::wrappers,tokio-stream/src/wrappers/lines.rs,46,into_inner,LinesStream<R>,,Public API,Conversion,False,False,False,Get back the inner `Lines`.
tokio-stream,tokio-stream::wrappers,tokio-stream/src/wrappers/lines.rs,51,as_pin_mut,LinesStream<R>,,Public API,Conversion,False,False,False,Obtain a pinned reference to the inner `Lines<R>`.
tokio-stream,tokio-stream::wrappers,tokio-stream/src/wrappers/lines.rs,59,poll_next,LinesStream<R>,Stream,Trait impl,Stream impl,False,False,False,
tokio-stream,tokio-stream::wrappers,tokio-stream/src/wrappers/lines.rs,68,as_ref,LinesStream<R>,AsRef<Lines<R>>,Trait impl,Conversion,False,False,False,
tokio-stream,tokio-stream::wrappers,tokio-stream/src/wrappers/lines.rs,74,as_mut,LinesStream<R>,AsMut<Lines<R>>,Trait impl,Conversion,False,False,False,
tokio-stream,tokio-stream::wrappers,tokio-stream/src/wrappers/mpsc_bounded.rs,41,new,ReceiverStream<T>,,Public API,Constructor,False,False,False,Create a new `ReceiverStream`.
tokio-stream,tokio-stream::wrappers,tokio-stream/src/wrappers/mpsc_bounded.rs,46,into_inner,ReceiverStream<T>,,Public API,Conversion,False,False,False,Get back the inner `Receiver`.
tokio-stream,tokio-stream::wrappers,tokio-stream/src/wrappers/mpsc_bounded.rs,60,close,ReceiverStream<T>,,Public API,Data movement,False,False,False,Closes the receiving half of a channel without dropping it.
tokio-stream,tokio-stream::wrappers,tokio-stream/src/wrappers/mpsc_bounded.rs,68,poll_next,ReceiverStream<T>,Stream,Trait impl,Stream impl,False,False,False,
tokio-stream,tokio-stream::wrappers,tokio-stream/src/wrappers/mpsc_bounded.rs,82,size_hint,ReceiverStream<T>,Stream,Trait impl,Stream impl,False,False,False,Returns the bounds of the stream based on the underlying receiver.
tokio-stream,tokio-stream::wrappers,tokio-stream/src/wrappers/mpsc_bounded.rs,93,is_terminated,ReceiverStream<T>,FusedStream,Trait impl,Accessor / query,False,False,False,
tokio-stream,tokio-stream::wrappers,tokio-stream/src/wrappers/mpsc_bounded.rs,99,as_ref,ReceiverStream<T>,AsRef<Receiver<T>>,Trait impl,Conversion,False,False,False,
tokio-stream,tokio-stream::wrappers,tokio-stream/src/wrappers/mpsc_bounded.rs,105,as_mut,ReceiverStream<T>,AsMut<Receiver<T>>,Trait impl,Conversion,False,False,False,
tokio-stream,tokio-stream::wrappers,tokio-stream/src/wrappers/mpsc_bounded.rs,111,from,ReceiverStream<T>,From<Receiver<T>>,Trait impl,Conversion,False,False,False,
tokio-stream,tokio-stream::wrappers,tokio-stream/src/wrappers/mpsc_unbounded.rs,41,new,UnboundedReceiverStream<T>,,Public API,Constructor,False,False,False,Create a new `UnboundedReceiverStream`.
tokio-stream,tokio-stream::wrappers,tokio-stream/src/wrappers/mpsc_unbounded.rs,46,into_inner,UnboundedReceiverStream<T>,,Public API,Conversion,False,False,False,Get back the inner `UnboundedReceiver`.
tokio-stream,tokio-stream::wrappers,tokio-stream/src/wrappers/mpsc_unbounded.rs,54,close,UnboundedReceiverStream<T>,,Public API,Data movement,False,False,False,Closes the receiving half of a channel without dropping it.
tokio-stream,tokio-stream::wrappers,tokio-stream/src/wrappers/mpsc_unbounded.rs,62,poll_next,UnboundedReceiverStream<T>,Stream,Trait impl,Stream impl,False,False,False,
tokio-stream,tokio-stream::wrappers,tokio-stream/src/wrappers/mpsc_unbounded.rs,71,size_hint,UnboundedReceiverStream<T>,Stream,Trait impl,Stream impl,False,False,False,Returns the bounds of the stream based on the underlying receiver.
tokio-stream,tokio-stream::wrappers,tokio-stream/src/wrappers/mpsc_unbounded.rs,82,is_terminated,UnboundedReceiverStream<T>,FusedStream,Trait impl,Accessor / query,False,False,False,
tokio-stream,tokio-stream::wrappers,tokio-stream/src/wrappers/mpsc_unbounded.rs,88,as_ref,UnboundedReceiverStream<T>,AsRef<UnboundedReceiver<T>>,Trait impl,Conversion,False,False,False,
tokio-stream,tokio-stream::wrappers,tokio-stream/src/wrappers/mpsc_unbounded.rs,94,as_mut,UnboundedReceiverStream<T>,AsMut<UnboundedReceiver<T>>,Trait impl,Conversion,False,False,False,
tokio-stream,tokio-stream::wrappers,tokio-stream/src/wrappers/mpsc_unbounded.rs,100,from,UnboundedReceiverStream<T>,From<UnboundedReceiver<T>>,Trait impl,Conversion,False,False,False,
tokio-stream,tokio-stream::wrappers,tokio-stream/src/wrappers/read_dir.rs,37,new,ReadDirStream,,Public API,Constructor,False,False,False,Create a new `ReadDirStream`.
tokio-stream,tokio-stream::wrappers,tokio-stream/src/wrappers/read_dir.rs,42,into_inner,ReadDirStream,,Public API,Conversion,False,False,False,Get back the inner `ReadDir`.
tokio-stream,tokio-stream::wrappers,tokio-stream/src/wrappers/read_dir.rs,50,poll_next,ReadDirStream,Stream,Trait impl,Stream impl,False,False,False,
tokio-stream,tokio-stream::wrappers,tokio-stream/src/wrappers/read_dir.rs,56,as_ref,ReadDirStream,AsRef<ReadDir>,Trait impl,Conversion,False,False,False,
tokio-stream,tokio-stream::wrappers,tokio-stream/src/wrappers/read_dir.rs,62,as_mut,ReadDirStream,AsMut<ReadDir>,Trait impl,Conversion,False,False,False,
tokio-stream,tokio-stream::wrappers,tokio-stream/src/wrappers/signal_unix.rs,34,new,SignalStream,,Public API,Constructor,False,False,False,Create a new `SignalStream`.
tokio-stream,tokio-stream::wrappers,tokio-stream/src/wrappers/signal_unix.rs,39,into_inner,SignalStream,,Public API,Conversion,False,False,False,Get back the inner `Signal`.
tokio-stream,tokio-stream::wrappers,tokio-stream/src/wrappers/signal_unix.rs,47,poll_next,SignalStream,Stream,Trait impl,Stream impl,False,False,False,
tokio-stream,tokio-stream::wrappers,tokio-stream/src/wrappers/signal_unix.rs,53,as_ref,SignalStream,AsRef<Signal>,Trait impl,Conversion,False,False,False,
tokio-stream,tokio-stream::wrappers,tokio-stream/src/wrappers/signal_unix.rs,59,as_mut,SignalStream,AsMut<Signal>,Trait impl,Conversion,False,False,False,
tokio-stream,tokio-stream::wrappers,tokio-stream/src/wrappers/signal_windows.rs,35,new,CtrlCStream,,Public API,Constructor,False,False,False,Create a new `CtrlCStream`.
tokio-stream,tokio-stream::wrappers,tokio-stream/src/wrappers/signal_windows.rs,40,into_inner,CtrlCStream,,Public API,Conversion,False,False,False,Get back the inner `CtrlC`.
tokio-stream,tokio-stream::wrappers,tokio-stream/src/wrappers/signal_windows.rs,48,poll_next,CtrlCStream,Stream,Trait impl,Stream impl,False,False,False,
tokio-stream,tokio-stream::wrappers,tokio-stream/src/wrappers/signal_windows.rs,54,as_ref,CtrlCStream,AsRef<CtrlC>,Trait impl,Conversion,False,False,False,
tokio-stream,tokio-stream::wrappers,tokio-stream/src/wrappers/signal_windows.rs,60,as_mut,CtrlCStream,AsMut<CtrlC>,Trait impl,Conversion,False,False,False,
tokio-stream,tokio-stream::wrappers,tokio-stream/src/wrappers/signal_windows.rs,94,new,CtrlBreakStream,,Public API,Constructor,False,False,False,Create a new `CtrlBreakStream`.
tokio-stream,tokio-stream::wrappers,tokio-stream/src/wrappers/signal_windows.rs,99,into_inner,CtrlBreakStream,,Public API,Conversion,False,False,False,Get back the inner `CtrlBreak`.
tokio-stream,tokio-stream::wrappers,tokio-stream/src/wrappers/signal_windows.rs,107,poll_next,CtrlBreakStream,Stream,Trait impl,Stream impl,False,False,False,
tokio-stream,tokio-stream::wrappers,tokio-stream/src/wrappers/signal_windows.rs,113,as_ref,CtrlBreakStream,AsRef<CtrlBreak>,Trait impl,Conversion,False,False,False,
tokio-stream,tokio-stream::wrappers,tokio-stream/src/wrappers/signal_windows.rs,119,as_mut,CtrlBreakStream,AsMut<CtrlBreak>,Trait impl,Conversion,False,False,False,
tokio-stream,tokio-stream::wrappers,tokio-stream/src/wrappers/split.rs,41,new,SplitStream<R>,,Public API,Constructor,False,False,False,Create a new `SplitStream`.
tokio-stream,tokio-stream::wrappers,tokio-stream/src/wrappers/split.rs,46,into_inner,SplitStream<R>,,Public API,Conversion,False,False,False,Get back the inner `Split`.
tokio-stream,tokio-stream::wrappers,tokio-stream/src/wrappers/split.rs,51,as_pin_mut,SplitStream<R>,,Public API,Conversion,False,False,False,Obtain a pinned reference to the inner `Split<R>`.
tokio-stream,tokio-stream::wrappers,tokio-stream/src/wrappers/split.rs,59,poll_next,SplitStream<R>,Stream,Trait impl,Stream impl,False,False,False,
tokio-stream,tokio-stream::wrappers,tokio-stream/src/wrappers/split.rs,68,as_ref,SplitStream<R>,AsRef<Split<R>>,Trait impl,Conversion,False,False,False,
tokio-stream,tokio-stream::wrappers,tokio-stream/src/wrappers/split.rs,74,as_mut,SplitStream<R>,AsMut<Split<R>>,Trait impl,Conversion,False,False,False,
tokio-stream,tokio-stream::wrappers,tokio-stream/src/wrappers/task.rs,36,new,JoinSetStream<T>,,Public API,Constructor,False,False,False,Create a new `JoinSetStream`.
tokio-stream,tokio-stream::wrappers,tokio-stream/src/wrappers/task.rs,41,into_inner,JoinSetStream<T>,,Public API,Conversion,False,False,False,Get back the inner `JoinSet`.
tokio-stream,tokio-stream::wrappers,tokio-stream/src/wrappers/task.rs,49,poll_next,JoinSetStream<T>,Stream,Trait impl,Stream impl,False,False,False,
tokio-stream,tokio-stream::wrappers,tokio-stream/src/wrappers/task.rs,56,size_hint,JoinSetStream<T>,Stream,Trait impl,Stream impl,False,False,False,Returns the bounds of the stream based on the underlying `JoinSet`.
tokio-stream,tokio-stream::wrappers,tokio-stream/src/wrappers/task.rs,63,as_ref,JoinSetStream<T>,AsRef<JoinSet<T>>,Trait impl,Conversion,False,False,False,
tokio-stream,tokio-stream::wrappers,tokio-stream/src/wrappers/task.rs,69,as_mut,JoinSetStream<T>,AsMut<JoinSet<T>>,Trait impl,Conversion,False,False,False,
tokio-stream,tokio-stream::wrappers,tokio-stream/src/wrappers/task.rs,75,from,JoinSetStream<T>,From<JoinSet<T>>,Trait impl,Conversion,False,False,False,
tokio-stream,tokio-stream::wrappers,tokio-stream/src/wrappers/tcp_listener.rs,49,new,TcpListenerStream,,Public API,Constructor,False,False,False,Create a new `TcpListenerStream`.
tokio-stream,tokio-stream::wrappers,tokio-stream/src/wrappers/tcp_listener.rs,54,into_inner,TcpListenerStream,,Public API,Conversion,False,False,False,Get back the inner `TcpListener`.
tokio-stream,tokio-stream::wrappers,tokio-stream/src/wrappers/tcp_listener.rs,62,poll_next,TcpListenerStream,Stream,Trait impl,Stream impl,False,False,False,
tokio-stream,tokio-stream::wrappers,tokio-stream/src/wrappers/tcp_listener.rs,75,as_ref,TcpListenerStream,AsRef<TcpListener>,Trait impl,Conversion,False,False,False,
tokio-stream,tokio-stream::wrappers,tokio-stream/src/wrappers/tcp_listener.rs,81,as_mut,TcpListenerStream,AsMut<TcpListener>,Trait impl,Conversion,False,False,False,
tokio-stream,tokio-stream::wrappers,tokio-stream/src/wrappers/unix_listener.rs,38,new,UnixListenerStream,,Public API,Constructor,False,False,False,Create a new `UnixListenerStream`.
tokio-stream,tokio-stream::wrappers,tokio-stream/src/wrappers/unix_listener.rs,43,into_inner,UnixListenerStream,,Public API,Conversion,False,False,False,Get back the inner `UnixListener`.
tokio-stream,tokio-stream::wrappers,tokio-stream/src/wrappers/unix_listener.rs,51,poll_next,UnixListenerStream,Stream,Trait impl,Stream impl,False,False,False,
tokio-stream,tokio-stream::wrappers,tokio-stream/src/wrappers/unix_listener.rs,64,as_ref,UnixListenerStream,AsRef<UnixListener>,Trait impl,Conversion,False,False,False,
tokio-stream,tokio-stream::wrappers,tokio-stream/src/wrappers/unix_listener.rs,70,as_mut,UnixListenerStream,AsMut<UnixListener>,Trait impl,Conversion,False,False,False,
tokio-stream,tokio-stream::wrappers,tokio-stream/src/wrappers/watch.rs,78,make_future,,,Private helper,Async operation,True,False,False,
tokio-stream,tokio-stream::wrappers,tokio-stream/src/wrappers/watch.rs,87,new,WatchStream<T>,,Public API,Constructor,False,False,False,Create a new `WatchStream`.
tokio-stream,tokio-stream::wrappers,tokio-stream/src/wrappers/watch.rs,94,from_changes,WatchStream<T>,,Public API,Conversion,False,False,False,Create a new `WatchStream` that waits for the value to be changed.
tokio-stream,tokio-stream::wrappers,tokio-stream/src/wrappers/watch.rs,104,poll_next,WatchStream<T>,Stream,Trait impl,Stream impl,False,False,False,
tokio-stream,tokio-stream::wrappers,tokio-stream/src/wrappers/watch.rs,123,fmt,WatchStream<T>,fmt::Debug,Trait impl,Formatting,False,False,False,
tokio-stream,tokio-stream::wrappers,tokio-stream/src/wrappers/watch.rs,129,from,WatchStream<T>,From<Receiver<T>>,Trait impl,Conversion,False,False,False,
tokio-test,tokio-test (crate root),tokio-test/src/io.rs,80,new,Builder,,Public API,Constructor,False,False,False,"Return a new, empty `Builder`."
tokio-test,tokio-test (crate root),tokio-test/src/io.rs,88,read,Builder,,Public API,I/O operation,False,False,False,Sequence a `read` operation.
tokio-test,tokio-test (crate root),tokio-test/src/io.rs,97,read_error,Builder,,Public API,I/O operation,False,False,False,Sequence a `read` operation that produces an error.
tokio-test,tokio-test (crate root),tokio-test/src/io.rs,107,write,Builder,,Public API,I/O operation,False,False,False,Sequence a `write` operation.
tokio-test,tokio-test (crate root),tokio-test/src/io.rs,116,write_error,Builder,,Public API,I/O operation,False,False,False,Sequence a `write` operation that produces an error.
tokio-test,tokio-test (crate root),tokio-test/src/io.rs,126,wait,Builder,,Public API,Runtime/task control,False,False,False,Sequence a wait.
tokio-test,tokio-test (crate root),tokio-test/src/io.rs,133,name,Builder,,Public API,Other / internal logic,False,False,False,Set name of the mock IO object to include in panic messages and debug output
tokio-test,tokio-test (crate root),tokio-test/src/io.rs,139,build,Builder,,Public API,Constructor,False,False,False,Build a `Mock` value according to the defined script.
tokio-test,tokio-test (crate root),tokio-test/src/io.rs,145,build_with_handle,Builder,,Public API,Constructor,False,False,False,Build a `Mock` value paired with a handle
tokio-test,tokio-test (crate root),tokio-test/src/io.rs,159,read,Handle,,Public API,I/O operation,False,False,False,Sequence a `read` operation.
tokio-test,tokio-test (crate root),tokio-test/src/io.rs,168,read_error,Handle,,Public API,I/O operation,False,False,False,Sequence a `read` operation error.
tokio-test,tokio-test (crate root),tokio-test/src/io.rs,178,write,Handle,,Public API,I/O operation,False,False,False,Sequence a `write` operation.
tokio-test,tokio-test (crate root),tokio-test/src/io.rs,187,write_error,Handle,,Public API,I/O operation,False,False,False,Sequence a `write` operation error.
tokio-test,tokio-test (crate root),tokio-test/src/io.rs,195,new,Inner,,Private helper,Constructor,False,False,False,
tokio-test,tokio-test (crate root),tokio-test/src/io.rs,214,poll_action,Inner,,Private helper,Poll function,False,False,False,
tokio-test,tokio-test (crate root),tokio-test/src/io.rs,218,read,Inner,,Private helper,I/O operation,False,False,False,
tokio-test,tokio-test (crate root),tokio-test/src/io.rs,246,write,Inner,,Private helper,I/O operation,False,False,False,
tokio-test,tokio-test (crate root),tokio-test/src/io.rs,292,remaining_wait,Inner,,Private helper,Other / internal logic,False,False,False,
tokio-test,tokio-test (crate root),tokio-test/src/io.rs,299,action,Inner,,Private helper,Other / internal logic,False,False,False,
tokio-test,tokio-test (crate root),tokio-test/src/io.rs,347,maybe_wakeup_reader,Mock,,Private helper,Other / internal logic,False,False,False,
tokio-test,tokio-test (crate root),tokio-test/src/io.rs,360,poll_read,Mock,AsyncRead,Trait impl,I/O trait impl,False,False,False,
tokio-test,tokio-test (crate root),tokio-test/src/io.rs,408,poll_write,Mock,AsyncWrite,Trait impl,I/O trait impl,False,False,False,
tokio-test,tokio-test (crate root),tokio-test/src/io.rs,492,poll_flush,Mock,AsyncWrite,Trait impl,I/O trait impl,False,False,False,
tokio-test,tokio-test (crate root),tokio-test/src/io.rs,496,poll_shutdown,Mock,AsyncWrite,Trait impl,I/O trait impl,False,False,False,
tokio-test,tokio-test (crate root),tokio-test/src/io.rs,503,drop,Mock,Drop,Trait impl,Drop / cleanup,False,False,False,
tokio-test,tokio-test (crate root),tokio-test/src/io.rs,547,fmt,Inner,fmt::Debug,Trait impl,Formatting,False,False,False,
tokio-test,tokio-test (crate root),tokio-test/src/io.rs,559,fmt,PanicMsgSnippet<'a>,fmt::Display,Trait impl,Formatting,False,False,False,
tokio-test,tokio-test (crate root),tokio-test/src/io.rs,574,pmsg,Mock,,Private helper,Other / internal logic,False,False,False,
tokio-test,tokio-test (crate root),tokio-test/src/lib.rs,27,block_on,,,Public API,Runtime/task control,False,False,False,"Runs the provided future, blocking the current thread until the future completes."
tokio-test,tokio-test (crate root),tokio-test/src/stream_mock.rs,60,new,StreamMockBuilder<T>,,Public API,Constructor,False,False,False,Create a new empty [`StreamMockBuilder`]
tokio-test,tokio-test (crate root),tokio-test/src/stream_mock.rs,65,next,StreamMockBuilder<T>,,Public API,Combinator / iteration,False,False,False,Queue an item to be returned by the stream
tokio-test,tokio-test (crate root),tokio-test/src/stream_mock.rs,79,wait,StreamMockBuilder<T>,,Public API,Runtime/task control,False,False,False,Queue the stream to wait for a duration
tokio-test,tokio-test (crate root),tokio-test/src/stream_mock.rs,85,build,StreamMockBuilder<T>,,Public API,Constructor,False,False,False,Build the [`StreamMock`]
tokio-test,tokio-test (crate root),tokio-test/src/stream_mock.rs,94,default,StreamMockBuilder<T>,Default,Trait impl,Constructor,False,False,False,
tokio-test,tokio-test (crate root),tokio-test/src/stream_mock.rs,111,next_action,StreamMock<T>,,Private helper,Other / internal logic,False,False,False,
tokio-test,tokio-test (crate root),tokio-test/src/stream_mock.rs,119,poll_next,StreamMock<T>,Stream,Trait impl,Stream impl,False,False,False,
tokio-test,tokio-test (crate root),tokio-test/src/stream_mock.rs,147,drop,StreamMock<T>,Drop,Trait impl,Drop / cleanup,False,False,False,
tokio-test,tokio-test (crate root),tokio-test/src/task.rs,42,spawn,,,Public API,Runtime/task control,False,False,False,Spawn a future into a [`Spawn`] which wraps the future in a mocked executor.
tokio-test,tokio-test (crate root),tokio-test/src/task.rs,78,into_inner,Spawn<T>,,Public API,Conversion,False,False,False,Consumes `self` returning the inner value
tokio-test,tokio-test (crate root),tokio-test/src/task.rs,87,is_woken,Spawn<T>,,Public API,Accessor / query,False,False,False,Returns `true` if the inner future has received a wake notification since the last call to `enter`.
tokio-test,tokio-test (crate root),tokio-test/src/task.rs,94,waker_ref_count,Spawn<T>,,Public API,Wake / park,False,False,False,Returns the number of references to the task waker The task itself holds a reference.
tokio-test,tokio-test (crate root),tokio-test/src/task.rs,99,enter,Spawn<T>,,Public API,Runtime/task control,False,False,False,Enter the task context
tokio-test,tokio-test (crate root),tokio-test/src/task.rs,111,deref,Spawn<T>,ops::Deref,Trait impl,Deref,False,False,False,
tokio-test,tokio-test (crate root),tokio-test/src/task.rs,117,deref_mut,Spawn<T>,ops::DerefMut,Trait impl,Deref,False,False,False,
tokio-test,tokio-test (crate root),tokio-test/src/task.rs,125,poll,Spawn<T>,,Public API,Poll function,False,False,False,If `T` is a [`Future`] then poll it.
tokio-test,tokio-test (crate root),tokio-test/src/task.rs,155,poll_until_idle,Spawn<T>,,Public API,Poll function,False,False,False,Polls the future until it is idle.
tokio-test,tokio-test (crate root),tokio-test/src/task.rs,171,poll_next,Spawn<T>,,Public API,Poll function,False,False,False,If `T` is a [`Stream`] then `poll_next` it.
tokio-test,tokio-test (crate root),tokio-test/src/task.rs,180,poll,Spawn<T>,Future,Trait impl,Future impl (poll),False,False,False,
tokio-test,tokio-test (crate root),tokio-test/src/task.rs,188,poll_next,Spawn<T>,Stream,Trait impl,Stream impl,False,False,False,
tokio-test,tokio-test (crate root),tokio-test/src/task.rs,192,size_hint,Spawn<T>,Stream,Trait impl,Stream impl,False,False,False,
tokio-test,tokio-test (crate root),tokio-test/src/task.rs,199,new,MockTask,,Private helper,Constructor,False,False,False,Creates new mock task
tokio-test,tokio-test (crate root),tokio-test/src/task.rs,209,enter,MockTask,,Private helper,Runtime/task control,False,False,False,Runs a closure from the context of the task.
tokio-test,tokio-test (crate root),tokio-test/src/task.rs,222,is_woken,MockTask,,Private helper,Accessor / query,False,False,False,Returns `true` if the inner future has received a wake notification since the last call to `enter`.
tokio-test,tokio-test (crate root),tokio-test/src/task.rs,229,waker_ref_count,MockTask,,Private helper,Wake / park,False,False,False,Returns the number of references to the task waker The task itself holds a reference.
tokio-test,tokio-test (crate root),tokio-test/src/task.rs,233,waker,MockTask,,Private helper,Wake / park,False,False,False,
tokio-test,tokio-test (crate root),tokio-test/src/task.rs,242,default,MockTask,Default,Trait impl,Constructor,False,False,False,
tokio-test,tokio-test (crate root),tokio-test/src/task.rs,248,new,ThreadWaker,,Private helper,Constructor,False,False,False,
tokio-test,tokio-test (crate root),tokio-test/src/task.rs,258,clear,ThreadWaker,,Private helper,Configuration / setter,False,False,False,"Clears any previously received wakes, avoiding potential spurious wake notifications."
tokio-test,tokio-test (crate root),tokio-test/src/task.rs,262,is_woken,ThreadWaker,,Private helper,Accessor / query,False,False,False,
tokio-test,tokio-test (crate root),tokio-test/src/task.rs,270,wake,ThreadWaker,,Private helper,Wake / park,False,False,False,
tokio-test,tokio-test (crate root),tokio-test/src/task.rs,293,to_raw,,,Private helper,Conversion,False,True,False,
tokio-test,tokio-test (crate root),tokio-test/src/task.rs,297,from_raw,,,Private helper,Conversion,False,True,False,
tokio-test,tokio-test (crate root),tokio-test/src/task.rs,301,clone,,,Private helper,Other / internal logic,False,True,False,
tokio-test,tokio-test (crate root),tokio-test/src/task.rs,310,wake,,,Private helper,Wake / park,False,True,False,
tokio-test,tokio-test (crate root),tokio-test/src/task.rs,315,wake_by_ref,,,Private helper,Wake / park,False,True,False,
tokio-test,tokio-test (crate root),tokio-test/src/task.rs,323,drop_waker,,,Private helper,Lifecycle / ref-count,False,True,False,
tokio-util,tokio-util (crate root),tokio-util/src/compat.rs,135,compat,trait FuturesAsyncReadCompatExt,,Trait method (declaration/default),Other / internal logic,False,False,False,Wraps `self` with a compatibility layer that implements `tokio_io::AsyncRead`.
tokio-util,tokio-util (crate root),tokio-util/src/compat.rs,150,compat_write,trait FuturesAsyncWriteCompatExt,,Trait method (declaration/default),Other / internal logic,False,False,False,Wraps `self` with a compatibility layer that implements `tokio::io::AsyncWrite`.
tokio-util,tokio-util (crate root),tokio-util/src/compat.rs,165,compat,trait TokioAsyncReadCompatExt,,Trait method (declaration/default),Other / internal logic,False,False,False,Wraps `self` with a compatibility layer that implements `futures_io::AsyncRead`.
tokio-util,tokio-util (crate root),tokio-util/src/compat.rs,180,compat_write,trait TokioAsyncWriteCompatExt,,Trait method (declaration/default),Other / internal logic,False,False,False,Wraps `self` with a compatibility layer that implements `futures_io::AsyncWrite`.
tokio-util,tokio-util (crate root),tokio-util/src/compat.rs,193,new,Compat<T>,,Private helper,Constructor,False,False,False,
tokio-util,tokio-util (crate root),tokio-util/src/compat.rs,202,get_ref,Compat<T>,,Public API,Accessor / query,False,False,False,"Get a reference to the `Future`, `Stream`, `AsyncRead`, or `AsyncWrite` object contained within."
tokio-util,tokio-util (crate root),tokio-util/src/compat.rs,208,get_mut,Compat<T>,,Public API,Accessor / query,False,False,False,"Get a mutable reference to the `Future`, `Stream`, `AsyncRead`, or `AsyncWrite` object contained within."
tokio-util,tokio-util (crate root),tokio-util/src/compat.rs,213,into_inner,Compat<T>,,Public API,Conversion,False,False,False,Returns the wrapped item.
tokio-util,tokio-util (crate root),tokio-util/src/compat.rs,222,poll_read,Compat<T>,tokio::io::AsyncRead,Trait impl,I/O trait impl,False,False,False,
tokio-util,tokio-util (crate root),tokio-util/src/compat.rs,244,poll_read,Compat<T>,futures_io::AsyncRead,Trait impl,I/O trait impl,False,False,False,
tokio-util,tokio-util (crate root),tokio-util/src/compat.rs,263,poll_fill_buf,Compat<T>,tokio::io::AsyncBufRead,Trait impl,I/O trait impl,False,False,False,
tokio-util,tokio-util (crate root),tokio-util/src/compat.rs,270,consume,Compat<T>,tokio::io::AsyncBufRead,Trait impl,I/O trait impl,False,False,False,
tokio-util,tokio-util (crate root),tokio-util/src/compat.rs,279,poll_fill_buf,Compat<T>,futures_io::AsyncBufRead,Trait impl,I/O trait impl,False,False,False,
tokio-util,tokio-util (crate root),tokio-util/src/compat.rs,286,consume,Compat<T>,futures_io::AsyncBufRead,Trait impl,I/O trait impl,False,False,False,
tokio-util,tokio-util (crate root),tokio-util/src/compat.rs,295,poll_write,Compat<T>,tokio::io::AsyncWrite,Trait impl,I/O trait impl,False,False,False,
tokio-util,tokio-util (crate root),tokio-util/src/compat.rs,303,poll_flush,Compat<T>,tokio::io::AsyncWrite,Trait impl,I/O trait impl,False,False,False,
tokio-util,tokio-util (crate root),tokio-util/src/compat.rs,307,poll_shutdown,Compat<T>,tokio::io::AsyncWrite,Trait impl,I/O trait impl,False,False,False,
tokio-util,tokio-util (crate root),tokio-util/src/compat.rs,316,poll_write,Compat<T>,futures_io::AsyncWrite,Trait impl,I/O trait impl,False,False,False,
tokio-util,tokio-util (crate root),tokio-util/src/compat.rs,324,poll_flush,Compat<T>,futures_io::AsyncWrite,Trait impl,I/O trait impl,False,False,False,
tokio-util,tokio-util (crate root),tokio-util/src/compat.rs,328,poll_close,Compat<T>,futures_io::AsyncWrite,Trait impl,I/O trait impl,False,False,False,
tokio-util,tokio-util (crate root),tokio-util/src/compat.rs,334,poll_seek,Compat<T>,futures_io::AsyncSeek,Trait impl,I/O trait impl,False,False,False,
tokio-util,tokio-util (crate root),tokio-util/src/compat.rs,352,start_seek,Compat<T>,tokio::io::AsyncSeek,Trait impl,I/O trait impl,False,False,False,
tokio-util,tokio-util (crate root),tokio-util/src/compat.rs,357,poll_complete,Compat<T>,tokio::io::AsyncSeek,Trait impl,I/O trait impl,False,False,False,
tokio-util,tokio-util (crate root),tokio-util/src/compat.rs,376,as_raw_fd,Compat<T>,std::os::unix::io::AsRawFd,Trait impl,OS handle access,False,False,False,
tokio-util,tokio-util (crate root),tokio-util/src/compat.rs,383,as_raw_handle,Compat<T>,std::os::windows::io::AsRawHandle,Trait impl,OS handle access,False,False,False,
tokio-util,tokio-util (crate root),tokio-util/src/context.rs,119,new,TokioContext<F>,,Public API,Constructor,False,False,False,Associate the provided future with the context of the runtime behind the provided `Handle`.
tokio-util,tokio-util (crate root),tokio-util/src/context.rs,127,handle,TokioContext<F>,,Public API,Handle / reference plumbing,False,False,False,Obtain a reference to the handle inside this `TokioContext`.
tokio-util,tokio-util (crate root),tokio-util/src/context.rs,132,into_inner,TokioContext<F>,,Public API,Conversion,False,False,False,Remove the association between the Tokio runtime and the wrapped future.
tokio-util,tokio-util (crate root),tokio-util/src/context.rs,140,poll,TokioContext<F>,Future,Trait impl,Future impl (poll),False,False,False,
tokio-util,tokio-util (crate root),tokio-util/src/context.rs,189,wrap,trait RuntimeExt,,Trait method (declaration/default),Other / internal logic,False,False,False,Create a [`TokioContext`] that wraps the provided future and runs it in this runtime's context.
tokio-util,tokio-util (crate root),tokio-util/src/context.rs,193,wrap,Runtime,RuntimeExt,Trait impl,Other / internal logic,False,False,False,
tokio-util,tokio-util (crate root),tokio-util/src/either.rs,90,poll,"Either<L, R>",Future,Trait impl,Future impl (poll),False,False,False,
tokio-util,tokio-util (crate root),tokio-util/src/either.rs,100,poll_read,"Either<L, R>",AsyncRead,Trait impl,I/O trait impl,False,False,False,
tokio-util,tokio-util (crate root),tokio-util/src/either.rs,114,poll_fill_buf,"Either<L, R>",AsyncBufRead,Trait impl,I/O trait impl,False,False,False,
tokio-util,tokio-util (crate root),tokio-util/src/either.rs,118,consume,"Either<L, R>",AsyncBufRead,Trait impl,I/O trait impl,False,False,False,
tokio-util,tokio-util (crate root),tokio-util/src/either.rs,128,start_seek,"Either<L, R>",AsyncSeek,Trait impl,I/O trait impl,False,False,False,
tokio-util,tokio-util (crate root),tokio-util/src/either.rs,132,poll_complete,"Either<L, R>",AsyncSeek,Trait impl,I/O trait impl,False,False,False,
tokio-util,tokio-util (crate root),tokio-util/src/either.rs,142,poll_write,"Either<L, R>",AsyncWrite,Trait impl,I/O trait impl,False,False,False,
tokio-util,tokio-util (crate root),tokio-util/src/either.rs,146,poll_flush,"Either<L, R>",AsyncWrite,Trait impl,I/O trait impl,False,False,False,
tokio-util,tokio-util (crate root),tokio-util/src/either.rs,150,poll_shutdown,"Either<L, R>",AsyncWrite,Trait impl,I/O trait impl,False,False,False,
tokio-util,tokio-util (crate root),tokio-util/src/either.rs,154,poll_write_vectored,"Either<L, R>",AsyncWrite,Trait impl,I/O trait impl,False,False,False,
tokio-util,tokio-util (crate root),tokio-util/src/either.rs,162,is_write_vectored,"Either<L, R>",AsyncWrite,Trait impl,I/O trait impl,False,False,False,
tokio-util,tokio-util (crate root),tokio-util/src/either.rs,177,poll_next,"Either<L, R>",futures_core::stream::Stream,Trait impl,Stream impl,False,False,False,
tokio-util,tokio-util (crate root),tokio-util/src/either.rs,189,poll_ready,"Either<L, R>",futures_sink::Sink<Item>,Trait impl,Sink impl,False,False,False,
tokio-util,tokio-util (crate root),tokio-util/src/either.rs,196,start_send,"Either<L, R>",futures_sink::Sink<Item>,Trait impl,Sink impl,False,False,False,
tokio-util,tokio-util (crate root),tokio-util/src/either.rs,200,poll_flush,"Either<L, R>",futures_sink::Sink<Item>,Trait impl,Sink impl,False,False,False,
tokio-util,tokio-util (crate root),tokio-util/src/either.rs,207,poll_close,"Either<L, R>",futures_sink::Sink<Item>,Trait impl,Sink impl,False,False,False,
tokio-util,tokio-util (crate root),tokio-util/src/either.rs,222,either_is_stream,,,Test,Async operation,True,False,False,
tokio-util,tokio-util (crate root),tokio-util/src/either.rs,229,either_is_async_read,,,Test,Async operation,True,False,False,
tokio-util,tokio-util (crate root),tokio-util/src/future.rs,30,timeout,trait FutureExt,,Trait method (declaration/default),Time / timers,False,False,False,"A wrapper around [`tokio::time::timeout`], with the advantage that it is easier to write fluent call chains."
tokio-util,tokio-util (crate root),tokio-util/src/future.rs,54,timeout_at,trait FutureExt,,Trait method (declaration/default),Other / internal logic,False,False,False,"A wrapper around [`tokio::time::timeout_at`], with the advantage that it is easier to write fluent call chains."
tokio-util,tokio-util (crate root),tokio-util/src/future.rs,89,with_cancellation_token,trait FutureExt,,Trait method (declaration/default),Constructor,False,False,False,"Similar to [`CancellationToken::run_until_cancelled`], but with the advantage that it is easier to write fluent call chains."
tokio-util,tokio-util (crate root),tokio-util/src/future.rs,126,with_cancellation_token_owned,trait FutureExt,,Trait method (declaration/default),Constructor,False,False,False,"Similar to [`CancellationToken::run_until_cancelled_owned`], but with the advantage that it is easier to write fluent call chains."
tokio-util,tokio-util::codec,tokio-util/src/codec/any_delimiter_codec.rs,75,new,AnyDelimiterCodec,,Public API,Constructor,False,False,False,Returns a `AnyDelimiterCodec` for splitting up data into chunks.
tokio-util,tokio-util::codec,tokio-util/src/codec/any_delimiter_codec.rs,103,new_with_max_length,AnyDelimiterCodec,,Public API,Constructor,False,False,False,Returns a `AnyDelimiterCodec` with a maximum chunk length limit.
tokio-util,tokio-util::codec,tokio-util/src/codec/any_delimiter_codec.rs,128,max_length,AnyDelimiterCodec,,Public API,Configuration / setter,False,False,False,Returns the maximum chunk length when decoding.
tokio-util,tokio-util::codec,tokio-util/src/codec/any_delimiter_codec.rs,137,decode,AnyDelimiterCodec,Decoder,Trait impl,Codec impl,False,False,False,
tokio-util,tokio-util::codec,tokio-util/src/codec/any_delimiter_codec.rs,192,decode_eof,AnyDelimiterCodec,Decoder,Trait impl,Codec impl,False,False,False,
tokio-util,tokio-util::codec,tokio-util/src/codec/any_delimiter_codec.rs,215,encode,AnyDelimiterCodec,Encoder<T>,Trait impl,Codec impl,False,False,False,
tokio-util,tokio-util::codec,tokio-util/src/codec/any_delimiter_codec.rs,226,default,AnyDelimiterCodec,Default,Trait impl,Constructor,False,False,False,
tokio-util,tokio-util::codec,tokio-util/src/codec/any_delimiter_codec.rs,244,fmt,AnyDelimiterCodecError,fmt::Display,Trait impl,Formatting,False,False,False,
tokio-util,tokio-util::codec,tokio-util/src/codec/any_delimiter_codec.rs,255,from,AnyDelimiterCodecError,From<io::Error>,Trait impl,Conversion,False,False,False,
tokio-util,tokio-util::codec,tokio-util/src/codec/bytes_codec.rs,49,new,BytesCodec,,Public API,Constructor,False,False,False,Creates a new `BytesCodec` for shipping around raw bytes.
tokio-util,tokio-util::codec,tokio-util/src/codec/bytes_codec.rs,58,decode,BytesCodec,Decoder,Trait impl,Codec impl,False,False,False,
tokio-util,tokio-util::codec,tokio-util/src/codec/bytes_codec.rs,71,encode,BytesCodec,Encoder<Bytes>,Trait impl,Codec impl,False,False,False,
tokio-util,tokio-util::codec,tokio-util/src/codec/bytes_codec.rs,81,encode,BytesCodec,Encoder<BytesMut>,Trait impl,Codec impl,False,False,False,
tokio-util,tokio-util::codec,tokio-util/src/codec/decoder.rs,124,decode,trait Decoder,,Trait method (declaration/default),Other / internal logic,False,False,False,Attempts to decode a frame from the provided buffer of bytes.
tokio-util,tokio-util::codec,tokio-util/src/codec/decoder.rs,144,decode_eof,trait Decoder,,Trait method (declaration/default),Other / internal logic,False,False,False,A default method available to be called when there are no more bytes available to be read from the underlying I/O.
tokio-util,tokio-util::codec,tokio-util/src/codec/decoder.rs,178,framed,trait Decoder,,Trait method (declaration/default),Other / internal logic,False,False,False,"Provides a [`Stream`] and [`Sink`] interface for reading and writing to this `Io` object, using `Decode` and `Encode` to read and write the raw data."
tokio-util,tokio-util::codec,tokio-util/src/codec/encoder.rs,24,encode,trait Encoder,,Trait method (declaration/default),Other / internal logic,False,False,False,Encodes a frame into the buffer provided.
tokio-util,tokio-util::codec,tokio-util/src/codec/framed.rs,73,new,"Framed<T, U>",,Public API,Constructor,False,False,False,"Provides a [`Stream`] and [`Sink`] interface for reading and writing to this I/O object, using [`Decoder`] and [`Encoder`] to read and write the raw data."
tokio-util,tokio-util::codec,tokio-util/src/codec/framed.rs,107,with_capacity,"Framed<T, U>",,Public API,Constructor,False,False,False,"Provides a [`Stream`] and [`Sink`] interface for reading and writing to this I/O object, using [`Decoder`] and [`Encoder`] to read and write the raw data, with a specific read buffer initial capacity."
tokio-util,tokio-util::codec,tokio-util/src/codec/framed.rs,155,from_parts,"Framed<T, U>",,Public API,Conversion,False,False,False,"Provides a [`Stream`] and [`Sink`] interface for reading and writing to this I/O object, using [`Decoder`] and [`Encoder`] to read and write the raw data."
tokio-util,tokio-util::codec,tokio-util/src/codec/framed.rs,174,get_ref,"Framed<T, U>",,Public API,Accessor / query,False,False,False,Returns a reference to the underlying I/O stream wrapped by `Framed`.
tokio-util,tokio-util::codec,tokio-util/src/codec/framed.rs,184,get_mut,"Framed<T, U>",,Public API,Accessor / query,False,False,False,Returns a mutable reference to the underlying I/O stream wrapped by `Framed`.
tokio-util,tokio-util::codec,tokio-util/src/codec/framed.rs,194,get_pin_mut,"Framed<T, U>",,Public API,Accessor / query,False,False,False,Returns a pinned mutable reference to the underlying I/O stream wrapped by `Framed`.
tokio-util,tokio-util::codec,tokio-util/src/codec/framed.rs,203,codec,"Framed<T, U>",,Public API,Other / internal logic,False,False,False,Returns a reference to the underlying codec wrapped by `Framed`.
tokio-util,tokio-util::codec,tokio-util/src/codec/framed.rs,212,codec_mut,"Framed<T, U>",,Public API,Other / internal logic,False,False,False,Returns a mutable reference to the underlying codec wrapped by `Framed`.
tokio-util,tokio-util::codec,tokio-util/src/codec/framed.rs,221,map_codec,"Framed<T, U>",,Public API,Combinator / iteration,False,False,False,"Maps the codec `U` to `C`, preserving the read and write buffers wrapped by `Framed`."
tokio-util,tokio-util::codec,tokio-util/src/codec/framed.rs,241,codec_pin_mut,"Framed<T, U>",,Public API,Other / internal logic,False,False,False,Returns a mutable reference to the underlying codec wrapped by `Framed`.
tokio-util,tokio-util::codec,tokio-util/src/codec/framed.rs,246,read_buffer,"Framed<T, U>",,Public API,I/O operation,False,False,False,Returns a reference to the read buffer.
tokio-util,tokio-util::codec,tokio-util/src/codec/framed.rs,251,read_buffer_mut,"Framed<T, U>",,Public API,I/O operation,False,False,False,Returns a mutable reference to the read buffer.
tokio-util,tokio-util::codec,tokio-util/src/codec/framed.rs,256,write_buffer,"Framed<T, U>",,Public API,I/O operation,False,False,False,Returns a reference to the write buffer.
tokio-util,tokio-util::codec,tokio-util/src/codec/framed.rs,261,write_buffer_mut,"Framed<T, U>",,Public API,I/O operation,False,False,False,Returns a mutable reference to the write buffer.
tokio-util,tokio-util::codec,tokio-util/src/codec/framed.rs,266,backpressure_boundary,"Framed<T, U>",,Public API,Other / internal logic,False,False,False,Returns backpressure boundary
tokio-util,tokio-util::codec,tokio-util/src/codec/framed.rs,271,set_backpressure_boundary,"Framed<T, U>",,Public API,Configuration / setter,False,False,False,Updates backpressure boundary
tokio-util,tokio-util::codec,tokio-util/src/codec/framed.rs,280,into_inner,"Framed<T, U>",,Public API,Conversion,False,False,False,"Consumes the `Framed`, returning its underlying I/O stream."
tokio-util,tokio-util::codec,tokio-util/src/codec/framed.rs,290,into_parts,"Framed<T, U>",,Public API,Conversion,False,False,False,"Consumes the `Framed`, returning its underlying I/O stream, the buffer with unprocessed data, and the codec."
tokio-util,tokio-util::codec,tokio-util/src/codec/framed.rs,309,poll_next,"Framed<T, U>",Stream,Trait impl,Stream impl,False,False,False,
tokio-util,tokio-util::codec,tokio-util/src/codec/framed.rs,323,poll_ready,"Framed<T, U>",Sink<I>,Trait impl,Sink impl,False,False,False,
tokio-util,tokio-util::codec,tokio-util/src/codec/framed.rs,327,start_send,"Framed<T, U>",Sink<I>,Trait impl,Sink impl,False,False,False,
tokio-util,tokio-util::codec,tokio-util/src/codec/framed.rs,331,poll_flush,"Framed<T, U>",Sink<I>,Trait impl,Sink impl,False,False,False,
tokio-util,tokio-util::codec,tokio-util/src/codec/framed.rs,335,poll_close,"Framed<T, U>",Sink<I>,Trait impl,Sink impl,False,False,False,
tokio-util,tokio-util::codec,tokio-util/src/codec/framed.rs,345,fmt,"Framed<T, U>",fmt::Debug,Trait impl,Formatting,False,False,False,
tokio-util,tokio-util::codec,tokio-util/src/codec/framed.rs,380,new,"FramedParts<T, U>",,Public API,Constructor,False,False,False,"Create a new, default, `FramedParts`"
tokio-util,tokio-util::codec,tokio-util/src/codec/framed_impl.rs,47,default,ReadFrame,Default,Trait impl,Constructor,False,False,False,
tokio-util,tokio-util::codec,tokio-util/src/codec/framed_impl.rs,58,default,WriteFrame,Default,Trait impl,Constructor,False,False,False,
tokio-util,tokio-util::codec,tokio-util/src/codec/framed_impl.rs,67,from,ReadFrame,From<BytesMut>,Trait impl,Conversion,False,False,False,
tokio-util,tokio-util::codec,tokio-util/src/codec/framed_impl.rs,84,from,WriteFrame,From<BytesMut>,Trait impl,Conversion,False,False,False,
tokio-util,tokio-util::codec,tokio-util/src/codec/framed_impl.rs,98,borrow,RWFrames,Borrow<ReadFrame>,Trait impl,Combinator / iteration,False,False,False,
tokio-util,tokio-util::codec,tokio-util/src/codec/framed_impl.rs,103,borrow_mut,RWFrames,BorrowMut<ReadFrame>,Trait impl,Combinator / iteration,False,False,False,
tokio-util,tokio-util::codec,tokio-util/src/codec/framed_impl.rs,108,borrow,RWFrames,Borrow<WriteFrame>,Trait impl,Combinator / iteration,False,False,False,
tokio-util,tokio-util::codec,tokio-util/src/codec/framed_impl.rs,113,borrow_mut,RWFrames,BorrowMut<WriteFrame>,Trait impl,Combinator / iteration,False,False,False,
tokio-util,tokio-util::codec,tokio-util/src/codec/framed_impl.rs,125,poll_next,"FramedImpl<T, U, R>",Stream,Trait impl,Stream impl,False,False,False,
tokio-util,tokio-util::codec,tokio-util/src/codec/framed_impl.rs,263,poll_ready,"FramedImpl<T, U, W>",Sink<I>,Trait impl,Sink impl,False,False,False,
tokio-util,tokio-util::codec,tokio-util/src/codec/framed_impl.rs,271,start_send,"FramedImpl<T, U, W>",Sink<I>,Trait impl,Sink impl,False,False,False,
tokio-util,tokio-util::codec,tokio-util/src/codec/framed_impl.rs,279,poll_flush,"FramedImpl<T, U, W>",Sink<I>,Trait impl,Sink impl,False,False,False,
tokio-util,tokio-util::codec,tokio-util/src/codec/framed_impl.rs,307,poll_close,"FramedImpl<T, U, W>",Sink<I>,Trait impl,Sink impl,False,False,False,
tokio-util,tokio-util::codec,tokio-util/src/codec/framed_read.rs,41,new,"FramedRead<T, D>",,Public API,Constructor,False,False,False,Creates a new `FramedRead` with the given `decoder`.
tokio-util,tokio-util::codec,tokio-util/src/codec/framed_read.rs,53,with_capacity,"FramedRead<T, D>",,Public API,Constructor,False,False,False,Creates a new `FramedRead` with the given `decoder` and a buffer of `capacity` initial size.
tokio-util,tokio-util::codec,tokio-util/src/codec/framed_read.rs,74,get_ref,"FramedRead<T, D>",,Public API,Accessor / query,False,False,False,Returns a reference to the underlying I/O stream wrapped by `FramedRead`.
tokio-util,tokio-util::codec,tokio-util/src/codec/framed_read.rs,84,get_mut,"FramedRead<T, D>",,Public API,Accessor / query,False,False,False,Returns a mutable reference to the underlying I/O stream wrapped by `FramedRead`.
tokio-util,tokio-util::codec,tokio-util/src/codec/framed_read.rs,94,get_pin_mut,"FramedRead<T, D>",,Public API,Accessor / query,False,False,False,Returns a pinned mutable reference to the underlying I/O stream wrapped by `FramedRead`.
tokio-util,tokio-util::codec,tokio-util/src/codec/framed_read.rs,103,into_inner,"FramedRead<T, D>",,Public API,Conversion,False,False,False,"Consumes the `FramedRead`, returning its underlying I/O stream."
tokio-util,tokio-util::codec,tokio-util/src/codec/framed_read.rs,108,decoder,"FramedRead<T, D>",,Public API,Other / internal logic,False,False,False,Returns a reference to the underlying decoder.
tokio-util,tokio-util::codec,tokio-util/src/codec/framed_read.rs,113,decoder_mut,"FramedRead<T, D>",,Public API,Other / internal logic,False,False,False,Returns a mutable reference to the underlying decoder.
tokio-util,tokio-util::codec,tokio-util/src/codec/framed_read.rs,119,map_decoder,"FramedRead<T, D>",,Public API,Combinator / iteration,False,False,False,"Maps the decoder `D` to `C`, preserving the read buffer wrapped by `Framed`."
tokio-util,tokio-util::codec,tokio-util/src/codec/framed_read.rs,139,decoder_pin_mut,"FramedRead<T, D>",,Public API,Other / internal logic,False,False,False,Returns a mutable reference to the underlying decoder.
tokio-util,tokio-util::codec,tokio-util/src/codec/framed_read.rs,144,read_buffer,"FramedRead<T, D>",,Public API,I/O operation,False,False,False,Returns a reference to the read buffer.
tokio-util,tokio-util::codec,tokio-util/src/codec/framed_read.rs,149,read_buffer_mut,"FramedRead<T, D>",,Public API,I/O operation,False,False,False,Returns a mutable reference to the read buffer.
tokio-util,tokio-util::codec,tokio-util/src/codec/framed_read.rs,155,into_parts,"FramedRead<T, D>",,Public API,Conversion,False,False,False,"Consumes the `FramedRead`, returning its underlying I/O stream, the buffer with unprocessed data, and the codec."
tokio-util,tokio-util::codec,tokio-util/src/codec/framed_read.rs,174,poll_next,"FramedRead<T, D>",Stream,Trait impl,Stream impl,False,False,False,
tokio-util,tokio-util::codec,tokio-util/src/codec/framed_read.rs,186,poll_ready,"FramedRead<T, D>",Sink<I>,Trait impl,Sink impl,False,False,False,
tokio-util,tokio-util::codec,tokio-util/src/codec/framed_read.rs,190,start_send,"FramedRead<T, D>",Sink<I>,Trait impl,Sink impl,False,False,False,
tokio-util,tokio-util::codec,tokio-util/src/codec/framed_read.rs,194,poll_flush,"FramedRead<T, D>",Sink<I>,Trait impl,Sink impl,False,False,False,
tokio-util,tokio-util::codec,tokio-util/src/codec/framed_read.rs,198,poll_close,"FramedRead<T, D>",Sink<I>,Trait impl,Sink impl,False,False,False,
tokio-util,tokio-util::codec,tokio-util/src/codec/framed_read.rs,208,fmt,"FramedRead<T, D>",fmt::Debug,Trait impl,Formatting,False,False,False,
tokio-util,tokio-util::codec,tokio-util/src/codec/framed_write.rs,40,new,"FramedWrite<T, E>",,Public API,Constructor,False,False,False,Creates a new `FramedWrite` with the given `encoder`.
tokio-util,tokio-util::codec,tokio-util/src/codec/framed_write.rs,52,with_capacity,"FramedWrite<T, E>",,Public API,Constructor,False,False,False,Creates a new `FramedWrite` with the given `encoder` and a buffer of `capacity` initial size.
tokio-util,tokio-util::codec,tokio-util/src/codec/framed_write.rs,71,get_ref,"FramedWrite<T, E>",,Public API,Accessor / query,False,False,False,Returns a reference to the underlying I/O stream wrapped by `FramedWrite`.
tokio-util,tokio-util::codec,tokio-util/src/codec/framed_write.rs,81,get_mut,"FramedWrite<T, E>",,Public API,Accessor / query,False,False,False,Returns a mutable reference to the underlying I/O stream wrapped by `FramedWrite`.
tokio-util,tokio-util::codec,tokio-util/src/codec/framed_write.rs,91,get_pin_mut,"FramedWrite<T, E>",,Public API,Accessor / query,False,False,False,Returns a pinned mutable reference to the underlying I/O stream wrapped by `FramedWrite`.
tokio-util,tokio-util::codec,tokio-util/src/codec/framed_write.rs,100,into_inner,"FramedWrite<T, E>",,Public API,Conversion,False,False,False,"Consumes the `FramedWrite`, returning its underlying I/O stream."
tokio-util,tokio-util::codec,tokio-util/src/codec/framed_write.rs,105,encoder,"FramedWrite<T, E>",,Public API,Other / internal logic,False,False,False,Returns a reference to the underlying encoder.
tokio-util,tokio-util::codec,tokio-util/src/codec/framed_write.rs,110,encoder_mut,"FramedWrite<T, E>",,Public API,Other / internal logic,False,False,False,Returns a mutable reference to the underlying encoder.
tokio-util,tokio-util::codec,tokio-util/src/codec/framed_write.rs,116,map_encoder,"FramedWrite<T, E>",,Public API,Combinator / iteration,False,False,False,"Maps the encoder `E` to `C`, preserving the write buffer wrapped by `Framed`."
tokio-util,tokio-util::codec,tokio-util/src/codec/framed_write.rs,136,encoder_pin_mut,"FramedWrite<T, E>",,Public API,Other / internal logic,False,False,False,Returns a mutable reference to the underlying encoder.
tokio-util,tokio-util::codec,tokio-util/src/codec/framed_write.rs,141,write_buffer,"FramedWrite<T, E>",,Public API,I/O operation,False,False,False,Returns a reference to the write buffer.
tokio-util,tokio-util::codec,tokio-util/src/codec/framed_write.rs,146,write_buffer_mut,"FramedWrite<T, E>",,Public API,I/O operation,False,False,False,Returns a mutable reference to the write buffer.
tokio-util,tokio-util::codec,tokio-util/src/codec/framed_write.rs,151,backpressure_boundary,"FramedWrite<T, E>",,Public API,Other / internal logic,False,False,False,Returns backpressure boundary
tokio-util,tokio-util::codec,tokio-util/src/codec/framed_write.rs,156,set_backpressure_boundary,"FramedWrite<T, E>",,Public API,Configuration / setter,False,False,False,Updates backpressure boundary
tokio-util,tokio-util::codec,tokio-util/src/codec/framed_write.rs,162,into_parts,"FramedWrite<T, E>",,Public API,Conversion,False,False,False,"Consumes the `FramedWrite`, returning its underlying I/O stream, the buffer with unprocessed data, and the codec."
tokio-util,tokio-util::codec,tokio-util/src/codec/framed_write.rs,182,poll_ready,"FramedWrite<T, E>",Sink<I>,Trait impl,Sink impl,False,False,False,
tokio-util,tokio-util::codec,tokio-util/src/codec/framed_write.rs,186,start_send,"FramedWrite<T, E>",Sink<I>,Trait impl,Sink impl,False,False,False,
tokio-util,tokio-util::codec,tokio-util/src/codec/framed_write.rs,190,poll_flush,"FramedWrite<T, E>",Sink<I>,Trait impl,Sink impl,False,False,False,
tokio-util,tokio-util::codec,tokio-util/src/codec/framed_write.rs,194,poll_close,"FramedWrite<T, E>",Sink<I>,Trait impl,Sink impl,False,False,False,
tokio-util,tokio-util::codec,tokio-util/src/codec/framed_write.rs,206,poll_next,"FramedWrite<T, D>",Stream,Trait impl,Stream impl,False,False,False,
tokio-util,tokio-util::codec,tokio-util/src/codec/framed_write.rs,216,fmt,"FramedWrite<T, U>",fmt::Debug,Trait impl,Formatting,False,False,False,
tokio-util,tokio-util::codec,tokio-util/src/codec/length_delimited.rs,469,new,LengthDelimitedCodec,,Public API,Constructor,False,False,False,Creates a new `LengthDelimitedCodec` with the default configuration values.
tokio-util,tokio-util::codec,tokio-util/src/codec/length_delimited.rs,478,builder,LengthDelimitedCodec,,Public API,Constructor,False,False,False,Creates a new length delimited codec builder with default configuration values.
tokio-util,tokio-util::codec,tokio-util/src/codec/length_delimited.rs,486,max_frame_length,LengthDelimitedCodec,,Public API,Configuration / setter,False,False,False,Returns the current max frame setting This is the largest size this codec will accept from the wire.
tokio-util,tokio-util::codec,tokio-util/src/codec/length_delimited.rs,499,set_max_frame_length,LengthDelimitedCodec,,Public API,Configuration / setter,False,False,False,Updates the max frame setting.
tokio-util,tokio-util::codec,tokio-util/src/codec/length_delimited.rs,504,decode_head,LengthDelimitedCodec,,Private helper,Other / internal logic,False,False,False,
tokio-util,tokio-util::codec,tokio-util/src/codec/length_delimited.rs,564,decode_data,LengthDelimitedCodec,,Private helper,Other / internal logic,False,False,False,
tokio-util,tokio-util::codec,tokio-util/src/codec/length_delimited.rs,579,decode,LengthDelimitedCodec,Decoder,Trait impl,Codec impl,False,False,False,
tokio-util,tokio-util::codec,tokio-util/src/codec/length_delimited.rs,609,encode,LengthDelimitedCodec,Encoder<&[u8]>,Trait impl,Codec impl,False,False,False,
tokio-util,tokio-util::codec,tokio-util/src/codec/length_delimited.rs,653,encode,LengthDelimitedCodec,Encoder<Bytes>,Trait impl,Codec impl,False,False,False,
tokio-util,tokio-util::codec,tokio-util/src/codec/length_delimited.rs,659,default,LengthDelimitedCodec,Default,Trait impl,Constructor,False,False,False,
tokio-util,tokio-util::codec,tokio-util/src/codec/length_delimited.rs,706,new,Builder,,Public API,Constructor,False,False,False,Creates a new length delimited codec builder with default configuration values.
tokio-util,tokio-util::codec,tokio-util/src/codec/length_delimited.rs,747,big_endian,Builder,,Public API,Other / internal logic,False,False,False,Read the length field as a big endian integer This is the default setting.
tokio-util,tokio-util::codec,tokio-util/src/codec/length_delimited.rs,771,little_endian,Builder,,Public API,Other / internal logic,False,False,False,Read the length field as a little endian integer The default setting is big endian.
tokio-util,tokio-util::codec,tokio-util/src/codec/length_delimited.rs,795,native_endian,Builder,,Public API,Other / internal logic,False,False,False,Read the length field as a native endian integer The default setting is big endian.
tokio-util,tokio-util::codec,tokio-util/src/codec/length_delimited.rs,829,max_frame_length,Builder,,Public API,Configuration / setter,False,False,False,Sets the max frame length in bytes This configuration option applies to both encoding and decoding.
tokio-util,tokio-util::codec,tokio-util/src/codec/length_delimited.rs,866,length_field_type,Builder,,Public API,Accessor / query,False,False,False,Sets the unsigned integer type used to represent the length field.
tokio-util,tokio-util::codec,tokio-util/src/codec/length_delimited.rs,889,length_field_length,Builder,,Public API,Accessor / query,False,False,False,Sets the number of bytes used to represent the length field The default value is `4`.
tokio-util,tokio-util::codec,tokio-util/src/codec/length_delimited.rs,912,length_field_offset,Builder,,Public API,Accessor / query,False,False,False,Sets the number of bytes in the header before the length field This configuration option only applies to decoding.
tokio-util,tokio-util::codec,tokio-util/src/codec/length_delimited.rs,933,length_adjustment,Builder,,Public API,Accessor / query,False,False,False,Delta between the payload length specified in the header and the real payload length
tokio-util,tokio-util::codec,tokio-util/src/codec/length_delimited.rs,957,num_skip,Builder,,Public API,Accessor / query,False,False,False,Sets the number of bytes to skip before reading the payload Default value is `length_field_len + length_field_offset` This configuration option only applies to decoding
tokio-util,tokio-util::codec,tokio-util/src/codec/length_delimited.rs,983,new_codec,Builder,,Public API,Constructor,False,False,False,Create a configured length delimited `LengthDelimitedCodec`
tokio-util,tokio-util::codec,tokio-util/src/codec/length_delimited.rs,1015,new_read,Builder,,Public API,Constructor,False,False,False,Create a configured length delimited `FramedRead`
tokio-util,tokio-util::codec,tokio-util/src/codec/length_delimited.rs,1036,new_write,Builder,,Public API,Constructor,False,False,False,Create a configured length delimited `FramedWrite`
tokio-util,tokio-util::codec,tokio-util/src/codec/length_delimited.rs,1058,new_framed,Builder,,Public API,Constructor,False,False,False,Create a configured length delimited `Framed`
tokio-util,tokio-util::codec,tokio-util/src/codec/length_delimited.rs,1065,num_head_bytes,Builder,,Private helper,Accessor / query,False,False,False,
tokio-util,tokio-util::codec,tokio-util/src/codec/length_delimited.rs,1070,get_num_skip,Builder,,Private helper,Accessor / query,False,False,False,
tokio-util,tokio-util::codec,tokio-util/src/codec/length_delimited.rs,1075,adjust_max_frame_len,Builder,,Private helper,Other / internal logic,False,False,False,
tokio-util,tokio-util::codec,tokio-util/src/codec/length_delimited.rs,1083,max_allowed_frame_len,Builder,,Private helper,Configuration / setter,False,False,False,
tokio-util,tokio-util::codec,tokio-util/src/codec/length_delimited.rs,1091,max_length_field_value,Builder,,Private helper,Configuration / setter,False,False,False,
tokio-util,tokio-util::codec,tokio-util/src/codec/length_delimited.rs,1100,default,Builder,Default,Trait impl,Constructor,False,False,False,
tokio-util,tokio-util::codec,tokio-util/src/codec/length_delimited.rs,1108,fmt,LengthDelimitedCodecError,fmt::Debug,Trait impl,Formatting,False,False,False,
tokio-util,tokio-util::codec,tokio-util/src/codec/length_delimited.rs,1114,fmt,LengthDelimitedCodecError,fmt::Display,Trait impl,Formatting,False,False,False,
tokio-util,tokio-util::codec,tokio-util/src/codec/lines_codec.rs,42,new,LinesCodec,,Public API,Constructor,False,False,False,Returns a `LinesCodec` for splitting up data into lines.
tokio-util,tokio-util::codec,tokio-util/src/codec/lines_codec.rs,68,new_with_max_length,LinesCodec,,Public API,Constructor,False,False,False,Returns a `LinesCodec` with a maximum line length limit.
tokio-util,tokio-util::codec,tokio-util/src/codec/lines_codec.rs,89,max_length,LinesCodec,,Public API,Configuration / setter,False,False,False,Returns the maximum line length when decoding.
tokio-util,tokio-util::codec,tokio-util/src/codec/lines_codec.rs,94,utf8,,,Private helper,Other / internal logic,False,False,False,
tokio-util,tokio-util::codec,tokio-util/src/codec/lines_codec.rs,99,without_carriage_return,,,Private helper,Other / internal logic,False,False,False,
tokio-util,tokio-util::codec,tokio-util/src/codec/lines_codec.rs,111,decode,LinesCodec,Decoder,Trait impl,Codec impl,False,False,False,
tokio-util,tokio-util::codec,tokio-util/src/codec/lines_codec.rs,165,decode_eof,LinesCodec,Decoder,Trait impl,Codec impl,False,False,False,
tokio-util,tokio-util::codec,tokio-util/src/codec/lines_codec.rs,190,encode,LinesCodec,Encoder<T>,Trait impl,Codec impl,False,False,False,
tokio-util,tokio-util::codec,tokio-util/src/codec/lines_codec.rs,200,default,LinesCodec,Default,Trait impl,Constructor,False,False,False,
tokio-util,tokio-util::codec,tokio-util/src/codec/lines_codec.rs,215,fmt,LinesCodecError,fmt::Display,Trait impl,Formatting,False,False,False,
tokio-util,tokio-util::codec,tokio-util/src/codec/lines_codec.rs,224,from,LinesCodecError,From<io::Error>,Trait impl,Conversion,False,False,False,
tokio-util,tokio-util::future,tokio-util/src/future/with_cancellation_token.rs,26,new,"WithCancellationTokenFuture<'a, F>",,Crate-internal,Constructor,False,False,False,
tokio-util,tokio-util::future,tokio-util/src/future/with_cancellation_token.rs,37,poll,"WithCancellationTokenFuture<'a, F>",Future,Trait impl,Future impl (poll),False,False,False,
tokio-util,tokio-util::future,tokio-util/src/future/with_cancellation_token.rs,61,new,WithCancellationTokenFutureOwned<F>,,Crate-internal,Constructor,False,False,False,
tokio-util,tokio-util::future,tokio-util/src/future/with_cancellation_token.rs,72,poll,WithCancellationTokenFutureOwned<F>,Future,Trait impl,Future impl (poll),False,False,False,
tokio-util,tokio-util::io,tokio-util/src/io/copy_to_bytes.rs,26,new,CopyToBytes<S>,,Public API,Constructor,False,False,False,Creates a new [`CopyToBytes`].
tokio-util,tokio-util::io,tokio-util/src/io/copy_to_bytes.rs,31,get_ref,CopyToBytes<S>,,Public API,Accessor / query,False,False,False,Gets a reference to the underlying sink.
tokio-util,tokio-util::io,tokio-util/src/io/copy_to_bytes.rs,36,get_mut,CopyToBytes<S>,,Public API,Accessor / query,False,False,False,Gets a mutable reference to the underlying sink.
tokio-util,tokio-util::io,tokio-util/src/io/copy_to_bytes.rs,41,into_inner,CopyToBytes<S>,,Public API,Conversion,False,False,False,"Consumes this [`CopyToBytes`], returning the underlying sink."
tokio-util,tokio-util::io,tokio-util/src/io/copy_to_bytes.rs,52,poll_ready,CopyToBytes<S>,Sink<&'a [u8]>,Trait impl,Sink impl,False,False,False,
tokio-util,tokio-util::io,tokio-util/src/io/copy_to_bytes.rs,56,start_send,CopyToBytes<S>,Sink<&'a [u8]>,Trait impl,Sink impl,False,False,False,
tokio-util,tokio-util::io,tokio-util/src/io/copy_to_bytes.rs,62,poll_flush,CopyToBytes<S>,Sink<&'a [u8]>,Trait impl,Sink impl,False,False,False,
tokio-util,tokio-util::io,tokio-util/src/io/copy_to_bytes.rs,66,poll_close,CopyToBytes<S>,Sink<&'a [u8]>,Trait impl,Sink impl,False,False,False,
tokio-util,tokio-util::io,tokio-util/src/io/copy_to_bytes.rs,73,poll_next,CopyToBytes<S>,Stream,Trait impl,Stream impl,False,False,False,
tokio-util,tokio-util::io,tokio-util/src/io/inspect.rs,26,new,"InspectReader<R, F>",,Public API,Constructor,False,False,False,"Create a new `InspectReader`, wrapping `reader` and calling `f` for the new data supplied by each read call."
tokio-util,tokio-util::io,tokio-util/src/io/inspect.rs,35,get_ref,"InspectReader<R, F>",,Public API,Accessor / query,False,False,False,Acquires a reference to the underlying reader.
tokio-util,tokio-util::io,tokio-util/src/io/inspect.rs,42,get_mut,"InspectReader<R, F>",,Public API,Accessor / query,False,False,False,Acquires a mutable reference to the underlying reader.
tokio-util,tokio-util::io,tokio-util/src/io/inspect.rs,49,get_pin_mut,"InspectReader<R, F>",,Public API,Accessor / query,False,False,False,Acquires a pinned mutable reference to the underlying reader.
tokio-util,tokio-util::io,tokio-util/src/io/inspect.rs,54,into_inner,"InspectReader<R, F>",,Public API,Conversion,False,False,False,"Consumes the `InspectReader`, returning the wrapped reader"
tokio-util,tokio-util::io,tokio-util/src/io/inspect.rs,60,poll_read,"InspectReader<R, F>",AsyncRead,Trait impl,I/O trait impl,False,False,False,
tokio-util,tokio-util::io,tokio-util/src/io/inspect.rs,74,poll_write,"InspectReader<R, F>",AsyncWrite,Trait impl,I/O trait impl,False,False,False,
tokio-util,tokio-util::io,tokio-util/src/io/inspect.rs,82,poll_flush,"InspectReader<R, F>",AsyncWrite,Trait impl,I/O trait impl,False,False,False,
tokio-util,tokio-util::io,tokio-util/src/io/inspect.rs,89,poll_shutdown,"InspectReader<R, F>",AsyncWrite,Trait impl,I/O trait impl,False,False,False,
tokio-util,tokio-util::io,tokio-util/src/io/inspect.rs,96,poll_write_vectored,"InspectReader<R, F>",AsyncWrite,Trait impl,I/O trait impl,False,False,False,
tokio-util,tokio-util::io,tokio-util/src/io/inspect.rs,104,is_write_vectored,"InspectReader<R, F>",AsyncWrite,Trait impl,I/O trait impl,False,False,False,
tokio-util,tokio-util::io,tokio-util/src/io/inspect.rs,127,new,"InspectWriter<W, F>",,Public API,Constructor,False,False,False,"Create a new `InspectWriter`, wrapping `write` and calling `f` for the data successfully written by each write call."
tokio-util,tokio-util::io,tokio-util/src/io/inspect.rs,136,get_ref,"InspectWriter<W, F>",,Public API,Accessor / query,False,False,False,Acquires a reference to the underlying writer.
tokio-util,tokio-util::io,tokio-util/src/io/inspect.rs,143,get_mut,"InspectWriter<W, F>",,Public API,Accessor / query,False,False,False,Acquires a mutable reference to the underlying writer.
tokio-util,tokio-util::io,tokio-util/src/io/inspect.rs,150,get_pin_mut,"InspectWriter<W, F>",,Public API,Accessor / query,False,False,False,Acquires a pinned mutable reference to the underlying writer.
tokio-util,tokio-util::io,tokio-util/src/io/inspect.rs,155,into_inner,"InspectWriter<W, F>",,Public API,Conversion,False,False,False,"Consumes the `InspectWriter`, returning the wrapped writer"
tokio-util,tokio-util::io,tokio-util/src/io/inspect.rs,161,poll_write,"InspectWriter<W, F>",AsyncWrite,Trait impl,I/O trait impl,False,False,False,
tokio-util,tokio-util::io,tokio-util/src/io/inspect.rs,172,poll_flush,"InspectWriter<W, F>",AsyncWrite,Trait impl,I/O trait impl,False,False,False,
tokio-util,tokio-util::io,tokio-util/src/io/inspect.rs,177,poll_shutdown,"InspectWriter<W, F>",AsyncWrite,Trait impl,I/O trait impl,False,False,False,
tokio-util,tokio-util::io,tokio-util/src/io/inspect.rs,182,poll_write_vectored,"InspectWriter<W, F>",AsyncWrite,Trait impl,I/O trait impl,False,False,False,
tokio-util,tokio-util::io,tokio-util/src/io/inspect.rs,204,is_write_vectored,"InspectWriter<W, F>",AsyncWrite,Trait impl,I/O trait impl,False,False,False,
tokio-util,tokio-util::io,tokio-util/src/io/inspect.rs,210,poll_read,"InspectWriter<W, F>",AsyncRead,Trait impl,I/O trait impl,False,False,False,
tokio-util,tokio-util::io,tokio-util/src/io/read_arc.rs,27,read_exact_arc,,,Public API,I/O operation,True,False,False,Read data from an `AsyncRead` into an `Arc`.
tokio-util,tokio-util::io,tokio-util/src/io/read_buf.rs,43,read_buf,,,Public API,I/O operation,True,False,False,Read data from an `AsyncRead` into an implementer of the [`BufMut`] trait.
tokio-util,tokio-util::io,tokio-util/src/io/reader_stream.rs,68,new,ReaderStream<R>,,Public API,Constructor,False,False,False,"Convert an [`AsyncRead`] into a [`Stream`] with item type `Result<Bytes, std::io::Error>`."
tokio-util,tokio-util::io,tokio-util/src/io/reader_stream.rs,82,with_capacity,ReaderStream<R>,,Public API,Constructor,False,False,False,"Convert an [`AsyncRead`] into a [`Stream`] with item type `Result<Bytes, std::io::Error>`, with a specific read buffer initial capacity."
tokio-util,tokio-util::io,tokio-util/src/io/reader_stream.rs,93,poll_next,ReaderStream<R>,Stream,Trait impl,Stream impl,False,False,False,
tokio-util,tokio-util::io,tokio-util/src/io/simplex.rs,39,with_capacity,Inner,,Private helper,Constructor,False,False,False,
tokio-util,tokio-util::io,tokio-util/src/io/simplex.rs,49,register_receiver_waker,Inner,,Private helper,I/O registration,False,False,False,
tokio-util,tokio-util::io,tokio-util/src/io/simplex.rs,56,register_sender_waker,Inner,,Private helper,I/O registration,False,False,False,
tokio-util,tokio-util::io,tokio-util/src/io/simplex.rs,63,take_receiver_waker,Inner,,Private helper,Data movement,False,False,False,
tokio-util,tokio-util::io,tokio-util/src/io/simplex.rs,67,take_sender_waker,Inner,,Private helper,Data movement,False,False,False,
tokio-util,tokio-util::io,tokio-util/src/io/simplex.rs,71,is_closed,Inner,,Private helper,Accessor / query,False,False,False,
tokio-util,tokio-util::io,tokio-util/src/io/simplex.rs,75,close_receiver,Inner,,Private helper,Data movement,False,False,False,
tokio-util,tokio-util::io,tokio-util/src/io/simplex.rs,80,close_sender,Inner,,Private helper,Data movement,False,False,False,
tokio-util,tokio-util::io,tokio-util/src/io/simplex.rs,107,drop,Receiver,Drop,Trait impl,Drop / cleanup,False,False,False,This also wakes up the [`Sender`].
tokio-util,tokio-util::io,tokio-util/src/io/simplex.rs,120,poll_read,Receiver,AsyncRead,Trait impl,I/O trait impl,False,False,False,
tokio-util,tokio-util::io,tokio-util/src/io/simplex.rs,183,drop,Sender,Drop,Trait impl,Drop / cleanup,False,False,False,This also wakes up the [`Receiver`].
tokio-util,tokio-util::io,tokio-util/src/io/simplex.rs,200,poll_write,Sender,AsyncWrite,Trait impl,I/O trait impl,False,False,False,# Errors This method will return [`IoErrorKind::BrokenPipe`] if the channel has been closed.
tokio-util,tokio-util::io,tokio-util/src/io/simplex.rs,250,poll_flush,Sender,AsyncWrite,Trait impl,I/O trait impl,False,False,False,# Errors This method will return [`IoErrorKind::BrokenPipe`] if the channel has been closed.
tokio-util,tokio-util::io,tokio-util/src/io/simplex.rs,265,poll_shutdown,Sender,AsyncWrite,Trait impl,I/O trait impl,False,False,False,"After returns [`Poll::Ready`], all the following call to [`Sender::poll_write`] and [`Sender::poll_flush`] will return error."
tokio-util,tokio-util::io,tokio-util/src/io/simplex.rs,278,is_write_vectored,Sender,AsyncWrite,Trait impl,I/O trait impl,False,False,False,
tokio-util,tokio-util::io,tokio-util/src/io/simplex.rs,282,poll_write_vectored,Sender,AsyncWrite,Trait impl,I/O trait impl,False,False,False,
tokio-util,tokio-util::io,tokio-util/src/io/simplex.rs,355,new,,,Public API,Constructor,False,False,False,Create a simplex channel.
tokio-util,tokio-util::io,tokio-util/src/io/sink_writer.rs,72,new,SinkWriter<S>,,Public API,Constructor,False,False,False,Creates a new [`SinkWriter`].
tokio-util,tokio-util::io,tokio-util/src/io/sink_writer.rs,77,get_ref,SinkWriter<S>,,Public API,Accessor / query,False,False,False,Gets a reference to the underlying sink.
tokio-util,tokio-util::io,tokio-util/src/io/sink_writer.rs,82,get_mut,SinkWriter<S>,,Public API,Accessor / query,False,False,False,Gets a mutable reference to the underlying sink.
tokio-util,tokio-util::io,tokio-util/src/io/sink_writer.rs,87,into_inner,SinkWriter<S>,,Public API,Conversion,False,False,False,"Consumes this [`SinkWriter`], returning the underlying sink."
tokio-util,tokio-util::io,tokio-util/src/io/sink_writer.rs,96,poll_write,SinkWriter<S>,AsyncWrite,Trait impl,I/O trait impl,False,False,False,
tokio-util,tokio-util::io,tokio-util/src/io/sink_writer.rs,110,poll_flush,SinkWriter<S>,AsyncWrite,Trait impl,I/O trait impl,False,False,False,
tokio-util,tokio-util::io,tokio-util/src/io/sink_writer.rs,114,poll_shutdown,SinkWriter<S>,AsyncWrite,Trait impl,I/O trait impl,False,False,False,
tokio-util,tokio-util::io,tokio-util/src/io/sink_writer.rs,121,poll_next,SinkWriter<S>,Stream,Trait impl,Stream impl,False,False,False,
tokio-util,tokio-util::io,tokio-util/src/io/sink_writer.rs,127,poll_read,SinkWriter<S>,AsyncRead,Trait impl,I/O trait impl,False,False,False,
tokio-util,tokio-util::io,tokio-util/src/io/stream_reader.rs,179,new,"StreamReader<S, B>",,Public API,Constructor,False,False,False,Convert a stream of byte chunks into an [`AsyncRead`].
tokio-util,tokio-util::io,tokio-util/src/io/stream_reader.rs,188,has_chunk,"StreamReader<S, B>",,Private helper,Accessor / query,False,False,False,Do we have a chunk and is it non-empty?
tokio-util,tokio-util::io,tokio-util/src/io/stream_reader.rs,199,into_inner_with_chunk,"StreamReader<S, B>",,Public API,Conversion,False,False,False,"Consumes this `StreamReader`, returning a Tuple consisting of the underlying stream and an Option of the internal buffer, which is Some in case the buffer contains elements."
tokio-util,tokio-util::io,tokio-util/src/io/stream_reader.rs,212,get_ref,"StreamReader<S, B>",,Public API,Accessor / query,False,False,False,Gets a reference to the underlying stream.
tokio-util,tokio-util::io,tokio-util/src/io/stream_reader.rs,219,get_mut,"StreamReader<S, B>",,Public API,Accessor / query,False,False,False,Gets a mutable reference to the underlying stream.
tokio-util,tokio-util::io,tokio-util/src/io/stream_reader.rs,226,get_pin_mut,"StreamReader<S, B>",,Public API,Accessor / query,False,False,False,Gets a pinned mutable reference to the underlying stream.
tokio-util,tokio-util::io,tokio-util/src/io/stream_reader.rs,237,into_inner,"StreamReader<S, B>",,Public API,Conversion,False,False,False,"Consumes this `BufWriter`, returning the underlying stream."
tokio-util,tokio-util::io,tokio-util/src/io/stream_reader.rs,248,poll_read,"StreamReader<S, B>",AsyncRead,Trait impl,I/O trait impl,False,False,False,
tokio-util,tokio-util::io,tokio-util/src/io/stream_reader.rs,276,poll_fill_buf,"StreamReader<S, B>",AsyncBufRead,Trait impl,I/O trait impl,False,False,False,
tokio-util,tokio-util::io,tokio-util/src/io/stream_reader.rs,300,consume,"StreamReader<S, B>",AsyncBufRead,Trait impl,I/O trait impl,False,False,False,
tokio-util,tokio-util::io,tokio-util/src/io/stream_reader.rs,326,project,"StreamReader<S, B>",,Private helper,Combinator / iteration,False,False,False,
tokio-util,tokio-util::io,tokio-util/src/io/stream_reader.rs,340,poll_ready,"StreamReader<S, B>",Sink<T>,Trait impl,Sink impl,False,False,False,
tokio-util,tokio-util::io,tokio-util/src/io/stream_reader.rs,344,start_send,"StreamReader<S, B>",Sink<T>,Trait impl,Sink impl,False,False,False,
tokio-util,tokio-util::io,tokio-util/src/io/stream_reader.rs,348,poll_flush,"StreamReader<S, B>",Sink<T>,Trait impl,Sink impl,False,False,False,
tokio-util,tokio-util::io,tokio-util/src/io/stream_reader.rs,352,poll_close,"StreamReader<S, B>",Sink<T>,Trait impl,Sink impl,False,False,False,
tokio-util,tokio-util::io,tokio-util/src/io/sync_bridge.rs,270,fill_buf,SyncIoBridge<T>,BufRead,Trait impl,I/O operation,False,False,False,
tokio-util,tokio-util::io,tokio-util/src/io/sync_bridge.rs,275,consume,SyncIoBridge<T>,BufRead,Trait impl,I/O operation,False,False,False,
tokio-util,tokio-util::io,tokio-util/src/io/sync_bridge.rs,280,read_until,SyncIoBridge<T>,BufRead,Trait impl,I/O operation,False,False,False,
tokio-util,tokio-util::io,tokio-util/src/io/sync_bridge.rs,285,read_line,SyncIoBridge<T>,BufRead,Trait impl,I/O operation,False,False,False,
tokio-util,tokio-util::io,tokio-util/src/io/sync_bridge.rs,292,read,SyncIoBridge<T>,Read,Trait impl,I/O operation,False,False,False,
tokio-util,tokio-util::io,tokio-util/src/io/sync_bridge.rs,297,read_to_end,SyncIoBridge<T>,Read,Trait impl,I/O operation,False,False,False,
tokio-util,tokio-util::io,tokio-util/src/io/sync_bridge.rs,302,read_to_string,SyncIoBridge<T>,Read,Trait impl,I/O operation,False,False,False,
tokio-util,tokio-util::io,tokio-util/src/io/sync_bridge.rs,307,read_exact,SyncIoBridge<T>,Read,Trait impl,I/O operation,False,False,False,
tokio-util,tokio-util::io,tokio-util/src/io/sync_bridge.rs,316,write,SyncIoBridge<T>,Write,Trait impl,I/O operation,False,False,False,
tokio-util,tokio-util::io,tokio-util/src/io/sync_bridge.rs,321,flush,SyncIoBridge<T>,Write,Trait impl,I/O operation,False,False,False,
tokio-util,tokio-util::io,tokio-util/src/io/sync_bridge.rs,326,write_all,SyncIoBridge<T>,Write,Trait impl,I/O operation,False,False,False,
tokio-util,tokio-util::io,tokio-util/src/io/sync_bridge.rs,331,write_vectored,SyncIoBridge<T>,Write,Trait impl,I/O operation,False,False,False,
tokio-util,tokio-util::io,tokio-util/src/io/sync_bridge.rs,338,seek,SyncIoBridge<T>,Seek,Trait impl,I/O operation,False,False,False,
tokio-util,tokio-util::io,tokio-util/src/io/sync_bridge.rs,350,is_write_vectored,SyncIoBridge<T>,,Public API,Accessor / query,False,False,False,Determines if the underlying [`tokio::io::AsyncWrite`] target supports efficient vectored writes.
tokio-util,tokio-util::io,tokio-util/src/io/sync_bridge.rs,364,shutdown,SyncIoBridge<T>,,Public API,Runtime/task control,False,False,False,Shutdown this writer.
tokio-util,tokio-util::io,tokio-util/src/io/sync_bridge.rs,393,new,SyncIoBridge<T>,,Public API,Constructor,False,False,False,Use a [`tokio::io::AsyncRead`] synchronously as a [`std::io::Read`] or a [`tokio::io::AsyncWrite`] as a [`std::io::Write`].
tokio-util,tokio-util::io,tokio-util/src/io/sync_bridge.rs,402,new_with_handle,SyncIoBridge<T>,,Public API,Constructor,False,False,False,Use a [`tokio::io::AsyncRead`] synchronously as a [`std::io::Read`] or a [`tokio::io::AsyncWrite`] as a [`std::io::Write`].
tokio-util,tokio-util::io,tokio-util/src/io/sync_bridge.rs,407,into_inner,SyncIoBridge<T>,,Public API,Conversion,False,False,False,"Consume this bridge, returning the underlying stream."
tokio-util,tokio-util::io,tokio-util/src/io/sync_bridge.rs,413,as_mut,SyncIoBridge<T>,AsMut<T>,Trait impl,Conversion,False,False,False,
tokio-util,tokio-util::io,tokio-util/src/io/sync_bridge.rs,419,as_ref,SyncIoBridge<T>,AsRef<T>,Trait impl,Conversion,False,False,False,
tokio-util,tokio-util::io,tokio-util/src/io/write_all_vectored.rs,92,write_all_vectored,,,Public API,I/O operation,False,False,False,Like [`write_all`] but writes all data from multiple buffers into this writer.
tokio-util,tokio-util::io,tokio-util/src/io/write_all_vectored.rs,112,poll,"WriteAllVectored<'_, '_, W>",Future,Trait impl,Future impl (poll),False,False,False,
tokio-util,tokio-util::io,tokio-util/src/io/write_all_vectored.rs,140,advance_slices,,,Private helper,Other / internal logic,False,False,False,
tokio-util,tokio-util::net,tokio-util/src/net/mod.rs,22,poll_accept,trait Listener,,Trait method (declaration/default),Poll function,False,False,False,Polls to accept a new incoming connection to this listener.
tokio-util,tokio-util::net,tokio-util/src/net/mod.rs,25,accept,trait Listener,,Trait method (declaration/default),Networking,False,False,False,Accepts a new incoming connection from this listener.
tokio-util,tokio-util::net,tokio-util/src/net/mod.rs,33,local_addr,trait Listener,,Trait method (declaration/default),Networking,False,False,False,Returns the local address that this listener is bound to.
tokio-util,tokio-util::net,tokio-util/src/net/mod.rs,40,poll_accept,tokio::net::TcpListener,Listener,Trait impl,Poll function,False,False,False,
tokio-util,tokio-util::net,tokio-util/src/net/mod.rs,44,local_addr,tokio::net::TcpListener,Listener,Trait impl,Networking,False,False,False,
tokio-util,tokio-util::net,tokio-util/src/net/mod.rs,62,poll,"ListenerAcceptFut<'a, L>",Future,Trait impl,Future impl (poll),False,False,False,
tokio-util,tokio-util::net,tokio-util/src/net/mod.rs,73,accept,"Either<L, R>",,Public API,Networking,True,False,False,Accepts a new incoming connection from this listener.
tokio-util,tokio-util::net,tokio-util/src/net/mod.rs,87,local_addr,"Either<L, R>",,Public API,Networking,False,False,False,Returns the local address that this listener is bound to.
tokio-util,tokio-util::net::unix,tokio-util/src/net/unix/mod.rs,11,poll_accept,tokio::net::UnixListener,Listener,Trait impl,Poll function,False,False,False,
tokio-util,tokio-util::net::unix,tokio-util/src/net/unix/mod.rs,15,local_addr,tokio::net::UnixListener,Listener,Trait impl,Networking,False,False,False,
tokio-util,tokio-util::sync,tokio-util/src/sync/cancellation_token.rs,107,fmt,CancellationToken,core::fmt::Debug,Trait impl,Formatting,False,False,False,
tokio-util,tokio-util::sync,tokio-util/src/sync/cancellation_token.rs,117,clone,CancellationToken,Clone,Trait impl,Clone,False,False,False,"Creates a clone of the [`CancellationToken`] which will get cancelled whenever the current token gets cancelled, and vice versa."
tokio-util,tokio-util::sync,tokio-util/src/sync/cancellation_token.rs,131,eq,CancellationToken,PartialEq,Trait impl,Comparison,False,False,False,Checks if two tokens are equal in terms of their cancellation operation.
tokio-util,tokio-util::sync,tokio-util/src/sync/cancellation_token.rs,140,hash,CancellationToken,core::hash::Hash,Trait impl,Comparison,False,False,False,
tokio-util,tokio-util::sync,tokio-util/src/sync/cancellation_token.rs,146,drop,CancellationToken,Drop,Trait impl,Drop / cleanup,False,False,False,
tokio-util,tokio-util::sync,tokio-util/src/sync/cancellation_token.rs,152,default,CancellationToken,Default,Trait impl,Constructor,False,False,False,
tokio-util,tokio-util::sync,tokio-util/src/sync/cancellation_token.rs,159,new,CancellationToken,,Public API,Constructor,False,False,False,Creates a new [`CancellationToken`] in the non-cancelled state.
tokio-util,tokio-util::sync,tokio-util/src/sync/cancellation_token.rs,204,child_token,CancellationToken,,Public API,Other / internal logic,False,False,False,Creates a [`CancellationToken`] which will get cancelled whenever the current token gets cancelled.
tokio-util,tokio-util::sync,tokio-util/src/sync/cancellation_token.rs,220,cancel,CancellationToken,,Public API,Lifecycle / ref-count,False,False,False,Cancel the [`CancellationToken`] and all child tokens which had been derived from it.
tokio-util,tokio-util::sync,tokio-util/src/sync/cancellation_token.rs,225,is_cancelled,CancellationToken,,Public API,Accessor / query,False,False,False,Returns `true` if the `CancellationToken` is cancelled.
tokio-util,tokio-util::sync,tokio-util/src/sync/cancellation_token.rs,243,cancelled,CancellationToken,,Public API,Lifecycle / ref-count,False,False,False,Returns a [`Future`] that gets fulfilled when cancellation is requested.
tokio-util,tokio-util::sync,tokio-util/src/sync/cancellation_token.rs,267,cancelled_owned,CancellationToken,,Public API,Lifecycle / ref-count,False,False,False,Returns a [`Future`] that gets fulfilled when cancellation is requested.
tokio-util,tokio-util::sync,tokio-util/src/sync/cancellation_token.rs,275,drop_guard,CancellationToken,,Public API,Lifecycle / ref-count,False,False,False,Creates a [`DropGuard`] for this token.
tokio-util,tokio-util::sync,tokio-util/src/sync/cancellation_token.rs,283,drop_guard_ref,CancellationToken,,Public API,Lifecycle / ref-count,False,False,False,Creates a [`DropGuardRef`] for this token.
tokio-util,tokio-util::sync,tokio-util/src/sync/cancellation_token.rs,300,run_until_cancelled,CancellationToken,,Public API,Runtime/task control,True,False,False,Runs a future to completion and returns its result wrapped inside of an `Option` unless the [`CancellationToken`] is cancelled.
tokio-util,tokio-util::sync,tokio-util/src/sync/cancellation_token.rs,330,run_until_cancelled_owned,CancellationToken,,Public API,Runtime/task control,True,False,False,Runs a future to completion and returns its result wrapped inside of an `Option` unless the [`CancellationToken`] is cancelled.
tokio-util,tokio-util::sync,tokio-util/src/sync/cancellation_token.rs,341,fmt,WaitForCancellationFuture<'a>,core::fmt::Debug,Trait impl,Formatting,False,False,False,
tokio-util,tokio-util::sync,tokio-util/src/sync/cancellation_token.rs,349,poll,WaitForCancellationFuture<'a>,Future,Trait impl,Future impl (poll),False,False,False,
tokio-util,tokio-util::sync,tokio-util/src/sync/cancellation_token.rs,372,fmt,WaitForCancellationFutureOwned,core::fmt::Debug,Trait impl,Formatting,False,False,False,
tokio-util,tokio-util::sync,tokio-util/src/sync/cancellation_token.rs,378,new,WaitForCancellationFutureOwned,,Private helper,Constructor,False,False,False,
tokio-util,tokio-util::sync,tokio-util/src/sync/cancellation_token.rs,395,new_future,WaitForCancellationFutureOwned,,Private helper,Constructor,False,True,False,# Safety The returned future must be destroyed before the cancellation token is destroyed.
tokio-util,tokio-util::sync,tokio-util/src/sync/cancellation_token.rs,409,poll,WaitForCancellationFutureOwned,Future,Trait impl,Future impl (poll),False,False,False,
tokio-util,tokio-util::sync,tokio-util/src/sync/cancellation_token.rs,449,new,"RunUntilCancelledFuture<'a, F>",,Crate-internal,Constructor,False,False,False,
tokio-util,tokio-util::sync,tokio-util/src/sync/cancellation_token.rs,460,poll,"RunUntilCancelledFuture<'a, F>",Future,Trait impl,Future impl (poll),False,False,False,
tokio-util,tokio-util::sync,tokio-util/src/sync/cancellation_token.rs,488,poll,RunUntilCancelledFutureOwned<F>,Future,Trait impl,Future impl (poll),False,False,False,
tokio-util,tokio-util::sync,tokio-util/src/sync/cancellation_token.rs,501,new,RunUntilCancelledFutureOwned<F>,,Crate-internal,Constructor,False,False,False,
tokio-util,tokio-util::sync,tokio-util/src/sync/mpsc.rs,19,into_inner,PollSendError<T>,,Public API,Conversion,False,False,False,"Consumes the stored value, if any."
tokio-util,tokio-util::sync,tokio-util/src/sync/mpsc.rs,25,fmt,PollSendError<T>,fmt::Display,Trait impl,Formatting,False,False,False,
tokio-util,tokio-util::sync,tokio-util/src/sync/mpsc.rs,55,make_acquire_future,,,Private helper,Async operation,True,False,False,
tokio-util,tokio-util::sync,tokio-util/src/sync/mpsc.rs,75,empty,PollSenderFuture<T>,,Private helper,Other / internal logic,False,False,False,Create with an empty inner future with no `Send` bound.
tokio-util,tokio-util::sync,tokio-util/src/sync/mpsc.rs,84,new,PollSenderFuture<T>,,Private helper,Constructor,False,False,False,Create with an empty inner future.
tokio-util,tokio-util::sync,tokio-util/src/sync/mpsc.rs,91,poll,PollSenderFuture<T>,,Private helper,Poll function,False,False,False,Poll the inner future.
tokio-util,tokio-util::sync,tokio-util/src/sync/mpsc.rs,96,set,PollSenderFuture<T>,,Private helper,Configuration / setter,False,False,False,Replace the inner future.
tokio-util,tokio-util::sync,tokio-util/src/sync/mpsc.rs,112,new,PollSender<T>,,Public API,Constructor,False,False,False,Creates a new `PollSender`.
tokio-util,tokio-util::sync,tokio-util/src/sync/mpsc.rs,120,take_state,PollSender<T>,,Private helper,Data movement,False,False,False,
tokio-util,tokio-util::sync,tokio-util/src/sync/mpsc.rs,137,poll_reserve,PollSender<T>,,Public API,Poll function,False,False,False,Attempts to prepare the sender to receive a value.
tokio-util,tokio-util::sync,tokio-util/src/sync/mpsc.rs,183,send_item,PollSender<T>,,Public API,Data movement,False,False,False,Sends an item to the channel.
tokio-util,tokio-util::sync,tokio-util/src/sync/mpsc.rs,206,is_closed,PollSender<T>,,Public API,Accessor / query,False,False,False,Checks whether this sender is closed.
tokio-util,tokio-util::sync,tokio-util/src/sync/mpsc.rs,214,get_ref,PollSender<T>,,Public API,Accessor / query,False,False,False,Gets a reference to the `Sender` of the underlying channel.
tokio-util,tokio-util::sync,tokio-util/src/sync/mpsc.rs,230,close,PollSender<T>,,Public API,Data movement,False,False,False,Closes this sender.
tokio-util,tokio-util::sync,tokio-util/src/sync/mpsc.rs,252,abort_send,PollSender<T>,,Public API,Lifecycle / ref-count,False,False,False,"Aborts the current in-progress send, if any."
tokio-util,tokio-util::sync,tokio-util/src/sync/mpsc.rs,292,clone,PollSender<T>,Clone,Trait impl,Clone,False,False,False,Clones this `PollSender`.
tokio-util,tokio-util::sync,tokio-util/src/sync/mpsc.rs,309,poll_ready,PollSender<T>,Sink<T>,Trait impl,Sink impl,False,False,False,
tokio-util,tokio-util::sync,tokio-util/src/sync/mpsc.rs,313,poll_flush,PollSender<T>,Sink<T>,Trait impl,Sink impl,False,False,False,
tokio-util,tokio-util::sync,tokio-util/src/sync/mpsc.rs,317,start_send,PollSender<T>,Sink<T>,Trait impl,Sink impl,False,False,False,
tokio-util,tokio-util::sync,tokio-util/src/sync/mpsc.rs,321,poll_close,PollSender<T>,Sink<T>,Trait impl,Sink impl,False,False,False,
tokio-util,tokio-util::sync,tokio-util/src/sync/poll_semaphore.rs,23,new,PollSemaphore,,Public API,Constructor,False,False,False,Create a new `PollSemaphore`.
tokio-util,tokio-util::sync,tokio-util/src/sync/poll_semaphore.rs,31,close,PollSemaphore,,Public API,Data movement,False,False,False,Closes the semaphore.
tokio-util,tokio-util::sync,tokio-util/src/sync/poll_semaphore.rs,36,clone_inner,PollSemaphore,,Public API,Handle / reference plumbing,False,False,False,Obtain a clone of the inner semaphore.
tokio-util,tokio-util::sync,tokio-util/src/sync/poll_semaphore.rs,41,into_inner,PollSemaphore,,Public API,Conversion,False,False,False,Get back the inner semaphore.
tokio-util,tokio-util::sync,tokio-util/src/sync/poll_semaphore.rs,58,poll_acquire,PollSemaphore,,Public API,Poll function,False,False,False,Poll to acquire a permit from the semaphore.
tokio-util,tokio-util::sync,tokio-util/src/sync/poll_semaphore.rs,75,poll_acquire_many,PollSemaphore,,Public API,Poll function,False,False,False,Poll to acquire many permits from the semaphore.
tokio-util,tokio-util::sync,tokio-util/src/sync/poll_semaphore.rs,127,available_permits,PollSemaphore,,Public API,Other / internal logic,False,False,False,Returns the current number of available permits.
tokio-util,tokio-util::sync,tokio-util/src/sync/poll_semaphore.rs,140,add_permits,PollSemaphore,,Public API,Locking / permits,False,False,False,Adds `n` new permits to the semaphore.
tokio-util,tokio-util::sync,tokio-util/src/sync/poll_semaphore.rs,148,poll_next,PollSemaphore,Stream,Trait impl,Stream impl,False,False,False,
tokio-util,tokio-util::sync,tokio-util/src/sync/poll_semaphore.rs,154,clone,PollSemaphore,Clone,Trait impl,Clone,False,False,False,
tokio-util,tokio-util::sync,tokio-util/src/sync/poll_semaphore.rs,160,fmt,PollSemaphore,fmt::Debug,Trait impl,Formatting,False,False,False,
tokio-util,tokio-util::sync,tokio-util/src/sync/poll_semaphore.rs,168,as_ref,PollSemaphore,AsRef<Semaphore>,Trait impl,Conversion,False,False,False,
tokio-util,tokio-util::sync,tokio-util/src/sync/reusable_box.rs,19,new,"ReusableBoxFuture<'a, T>",,Public API,Constructor,False,False,False,Create a new `ReusableBoxFuture<T>` containing the provided future.
tokio-util,tokio-util::sync,tokio-util/src/sync/reusable_box.rs,32,set,"ReusableBoxFuture<'a, T>",,Public API,Configuration / setter,False,False,False,Replace the future currently stored in this box.
tokio-util,tokio-util::sync,tokio-util/src/sync/reusable_box.rs,46,try_set,"ReusableBoxFuture<'a, T>",,Public API,Non-blocking attempt,False,False,False,Replace the future currently stored in this box.
tokio-util,tokio-util::sync,tokio-util/src/sync/reusable_box.rs,55,real_try_set,,,Private helper,Other / internal logic,False,False,False,
tokio-util,tokio-util::sync,tokio-util/src/sync/reusable_box.rs,71,get_pin,"ReusableBoxFuture<'a, T>",,Public API,Accessor / query,False,False,False,Get a pinned reference to the underlying future.
tokio-util,tokio-util::sync,tokio-util/src/sync/reusable_box.rs,76,poll,"ReusableBoxFuture<'a, T>",,Public API,Poll function,False,False,False,Poll the future stored inside this box.
tokio-util,tokio-util::sync,tokio-util/src/sync/reusable_box.rs,85,poll,"ReusableBoxFuture<'_, T>",Future,Trait impl,Future impl (poll),False,False,False,Poll the future stored inside this box.
tokio-util,tokio-util::sync,tokio-util/src/sync/reusable_box.rs,96,fmt,"ReusableBoxFuture<'_, T>",fmt::Debug,Trait impl,Formatting,False,False,False,
tokio-util,tokio-util::sync,tokio-util/src/sync/reusable_box.rs,101,reuse_pin_box,,,Private helper,Other / internal logic,False,False,False,
tokio-util,tokio-util::sync,tokio-util/src/sync/reusable_box.rs,141,new,"O> CallOnDrop<O, F>",,Private helper,Constructor,False,False,False,
tokio-util,tokio-util::sync,tokio-util/src/sync/reusable_box.rs,145,call,"O> CallOnDrop<O, F>",,Private helper,Other / internal logic,False,False,False,
tokio-util,tokio-util::sync,tokio-util/src/sync/reusable_box.rs,153,drop,"CallOnDrop<O, F>",O> Drop,Trait impl,Other / internal logic,False,False,False,
tokio-util,tokio-util::sync::cancellation_token,tokio-util/src/sync/cancellation_token/guard.rs,14,token,DropGuard,,Public API,Handle / reference plumbing,False,False,False,Returns a reference to the cancellation token wrapped by this guard.
tokio-util,tokio-util::sync::cancellation_token,tokio-util/src/sync/cancellation_token/guard.rs,23,disarm,DropGuard,,Public API,Other / internal logic,False,False,False,Returns stored cancellation token and removes this drop guard instance (i.e.
tokio-util,tokio-util::sync::cancellation_token,tokio-util/src/sync/cancellation_token/guard.rs,31,drop,DropGuard,Drop,Trait impl,Drop / cleanup,False,False,False,
tokio-util,tokio-util::sync::cancellation_token,tokio-util/src/sync/cancellation_token/guard_ref.rs,17,token,DropGuardRef<'a>,,Public API,Handle / reference plumbing,False,False,False,Returns a reference to the cancellation token wrapped by this guard.
tokio-util,tokio-util::sync::cancellation_token,tokio-util/src/sync/cancellation_token/guard_ref.rs,26,disarm,DropGuardRef<'a>,,Public API,Other / internal logic,False,False,False,Returns stored cancellation token and removes this drop guard instance (i.e.
tokio-util,tokio-util::sync::cancellation_token,tokio-util/src/sync/cancellation_token/guard_ref.rs,34,drop,DropGuardRef<'_>,Drop,Trait impl,Drop / cleanup,False,False,False,
tokio-util,tokio-util::sync::cancellation_token,tokio-util/src/sync/cancellation_token/tree_node.rs,51,new,TreeNode,,Crate-internal,Constructor,False,False,False,
tokio-util,tokio-util::sync::cancellation_token,tokio-util/src/sync/cancellation_token/tree_node.rs,64,notified,TreeNode,,Crate-internal,Other / internal logic,False,False,False,
tokio-util,tokio-util::sync::cancellation_token,tokio-util/src/sync/cancellation_token/tree_node.rs,82,is_cancelled,,,Crate-internal,Accessor / query,False,False,False,Returns whether or not the node is cancelled
tokio-util,tokio-util::sync::cancellation_token,tokio-util/src/sync/cancellation_token/tree_node.rs,87,child_node,,,Crate-internal,Other / internal logic,False,False,False,Creates a child node
tokio-util,tokio-util::sync::cancellation_token,tokio-util/src/sync/cancellation_token/tree_node.rs,125,disconnect_children,,,Private helper,Other / internal logic,False,False,False,Disconnects the given parent from all of its children.
tokio-util,tokio-util::sync::cancellation_token,tokio-util/src/sync/cancellation_token/tree_node.rs,150,with_locked_node_and_parent,,,Private helper,Constructor,False,False,False,Figures out the parent of the node and locks the node and its parent atomically.
tokio-util,tokio-util::sync::cancellation_token,tokio-util/src/sync/cancellation_token/tree_node.rs,202,move_children_to_parent,,,Private helper,Other / internal logic,False,False,False,Moves all children from `node` to `parent`.
tokio-util,tokio-util::sync::cancellation_token,tokio-util/src/sync/cancellation_token/tree_node.rs,220,remove_child,,,Private helper,Data movement,False,False,False,Removes a child from the parent.
tokio-util,tokio-util::sync::cancellation_token,tokio-util/src/sync/cancellation_token/tree_node.rs,249,increase_handle_refcount,,,Crate-internal,Other / internal logic,False,False,False,Increases the reference count of handles.
tokio-util,tokio-util::sync::cancellation_token,tokio-util/src/sync/cancellation_token/tree_node.rs,263,decrease_handle_refcount,,,Crate-internal,Other / internal logic,False,False,False,Decreases the reference count of handles.
tokio-util,tokio-util::sync::cancellation_token,tokio-util/src/sync/cancellation_token/tree_node.rs,297,cancel,,,Crate-internal,Lifecycle / ref-count,False,False,False,Cancels a node and its children.
tokio-util,tokio-util::sync::tests,tokio-util/src/sync/tests/loom_cancellation_token.rs,7,cancel_token,,,Test,Lifecycle / ref-count,False,False,False,
tokio-util,tokio-util::sync::tests,tokio-util/src/sync/tests/loom_cancellation_token.rs,28,cancel_token_owned,,,Test,Lifecycle / ref-count,False,False,False,
tokio-util,tokio-util::sync::tests,tokio-util/src/sync/tests/loom_cancellation_token.rs,49,cancel_with_child,,,Test,Lifecycle / ref-count,False,False,False,
tokio-util,tokio-util::sync::tests,tokio-util/src/sync/tests/loom_cancellation_token.rs,79,drop_token_no_child,,,Test,Lifecycle / ref-count,False,False,False,
tokio-util,tokio-util::sync::tests,tokio-util/src/sync/tests/loom_cancellation_token.rs,107,drop_token_with_children,,,Test,Lifecycle / ref-count,False,False,False,
tokio-util,tokio-util::sync::tests,tokio-util/src/sync/tests/loom_cancellation_token.rs,135,drop_and_cancel_token,,,Test,Lifecycle / ref-count,False,False,False,
tokio-util,tokio-util::sync::tests,tokio-util/src/sync/tests/loom_cancellation_token.rs,163,cancel_parent_and_child,,,Test,Lifecycle / ref-count,False,False,False,
tokio-util,tokio-util::task,tokio-util/src/task/abort_on_drop.rs,24,drop,AbortOnDropHandle<T>,Drop,Trait impl,Drop / cleanup,False,False,False,
tokio-util,tokio-util::task,tokio-util/src/task/abort_on_drop.rs,31,new,AbortOnDropHandle<T>,,Public API,Constructor,False,False,False,Create an [`AbortOnDropHandle`] from a [`JoinHandle`].
tokio-util,tokio-util::task,tokio-util/src/task/abort_on_drop.rs,38,abort,AbortOnDropHandle<T>,,Public API,Lifecycle / ref-count,False,False,False,"Abort the task associated with this handle, equivalent to [`JoinHandle::abort`]."
tokio-util,tokio-util::task,tokio-util/src/task/abort_on_drop.rs,45,is_finished,AbortOnDropHandle<T>,,Public API,Accessor / query,False,False,False,"Checks if the task associated with this handle is finished, equivalent to [`JoinHandle::is_finished`]."
tokio-util,tokio-util::task,tokio-util/src/task/abort_on_drop.rs,51,abort_handle,AbortOnDropHandle<T>,,Public API,Lifecycle / ref-count,False,False,False,"Returns a new [`AbortHandle`] that can be used to remotely abort this task, equivalent to [`JoinHandle::abort_handle`]."
tokio-util,tokio-util::task,tokio-util/src/task/abort_on_drop.rs,56,detach,AbortOnDropHandle<T>,,Public API,Other / internal logic,False,False,False,Cancels aborting on drop and returns the original [`JoinHandle`].
tokio-util,tokio-util::task,tokio-util/src/task/abort_on_drop.rs,66,fmt,AbortOnDropHandle<T>,std::fmt::Debug,Trait impl,Formatting,False,False,False,
tokio-util,tokio-util::task,tokio-util/src/task/abort_on_drop.rs,76,poll,AbortOnDropHandle<T>,Future,Trait impl,Future impl (poll),False,False,False,
tokio-util,tokio-util::task,tokio-util/src/task/abort_on_drop.rs,82,as_ref,AbortOnDropHandle<T>,AsRef<JoinHandle<T>>,Trait impl,Conversion,False,False,False,
tokio-util,tokio-util::task,tokio-util/src/task/abort_on_drop.rs,100,drop,AbortOnDrop,Drop,Trait impl,Drop / cleanup,False,False,False,
tokio-util,tokio-util::task,tokio-util/src/task/abort_on_drop.rs,107,new,AbortOnDrop,,Public API,Constructor,False,False,False,Create an [`AbortOnDrop`] from a [`AbortHandle`].
tokio-util,tokio-util::task,tokio-util/src/task/abort_on_drop.rs,114,abort,AbortOnDrop,,Public API,Lifecycle / ref-count,False,False,False,"Abort the task associated with this handle, equivalent to [`AbortHandle::abort`]."
tokio-util,tokio-util::task,tokio-util/src/task/abort_on_drop.rs,121,is_finished,AbortOnDrop,,Public API,Accessor / query,False,False,False,"Checks if the task associated with this handle is finished, equivalent to [`AbortHandle::is_finished`]."
tokio-util,tokio-util::task,tokio-util/src/task/abort_on_drop.rs,126,detach,AbortOnDrop,,Public API,Other / internal logic,False,False,False,Cancels aborting on drop and returns the original [`AbortHandle`].
tokio-util,tokio-util::task,tokio-util/src/task/abort_on_drop.rs,136,fmt,AbortOnDrop,std::fmt::Debug,Trait impl,Formatting,False,False,False,
tokio-util,tokio-util::task,tokio-util/src/task/abort_on_drop.rs,150,is_debug,,,Test,Accessor / query,False,False,False,
tokio-util,tokio-util::task,tokio-util/src/task/abort_on_drop.rs,153,assert_debug,,,Test,Debugging / tracing,False,False,False,
tokio-util,tokio-util::task,tokio-util/src/task/join_map.rs,131,new,"JoinMap<K, V>",,Public API,Constructor,False,False,False,Creates a new empty `JoinMap`.
tokio-util,tokio-util::task,tokio-util/src/task/join_map.rs,148,with_capacity,"JoinMap<K, V>",,Public API,Constructor,False,False,False,Creates an empty `JoinMap` with the specified capacity.
tokio-util,tokio-util::task,tokio-util/src/task/join_map.rs,168,with_hasher,"JoinMap<K, V, S>",,Public API,Constructor,False,False,False,Creates an empty `JoinMap` which will use the given hash builder to hash keys.
tokio-util,tokio-util::task,tokio-util/src/task/join_map.rs,201,with_capacity_and_hasher,"JoinMap<K, V, S>",,Public API,Constructor,False,False,False,"Creates an empty `JoinMap` with the specified capacity, using `hash_builder` to hash the keys."
tokio-util,tokio-util::task,tokio-util/src/task/join_map.rs,210,len,"JoinMap<K, V, S>",,Public API,Accessor / query,False,False,False,Returns the number of tasks currently in the `JoinMap`.
tokio-util,tokio-util::task,tokio-util/src/task/join_map.rs,217,is_empty,"JoinMap<K, V, S>",,Public API,Accessor / query,False,False,False,Returns whether the `JoinMap` is empty.
tokio-util,tokio-util::task,tokio-util/src/task/join_map.rs,237,capacity,"JoinMap<K, V, S>",,Public API,Accessor / query,False,False,False,Returns the number of tasks the map can hold without reallocating.
tokio-util,tokio-util::task,tokio-util/src/task/join_map.rs,264,spawn,"JoinMap<K, V, S>",,Public API,Runtime/task control,False,False,False,Spawn the provided task and store it in this `JoinMap` with the provided key.
tokio-util,tokio-util::task,tokio-util/src/task/join_map.rs,284,spawn_on,"JoinMap<K, V, S>",,Public API,Runtime/task control,False,False,False,Spawn the provided task on the provided runtime and store it in this `JoinMap` with the provided key.
tokio-util,tokio-util::task,tokio-util/src/task/join_map.rs,313,spawn_blocking,"JoinMap<K, V, S>",,Public API,Runtime/task control,False,False,False,Spawn the blocking code on the blocking threadpool and store it in this `JoinMap` with the provided key.
tokio-util,tokio-util::task,tokio-util/src/task/join_map.rs,338,spawn_blocking_on,"JoinMap<K, V, S>",,Public API,Runtime/task control,False,False,False,Spawn the blocking code on the blocking threadpool of the provided runtime and store it in this `JoinMap` with the provided key.
tokio-util,tokio-util::task,tokio-util/src/task/join_map.rs,364,spawn_local,"JoinMap<K, V, S>",,Public API,Runtime/task control,False,False,False,Spawn the provided task on the current [`LocalSet`] or [`LocalRuntime`] and store it in this `JoinMap` with the provided key.
tokio-util,tokio-util::task,tokio-util/src/task/join_map.rs,384,spawn_local_on,"JoinMap<K, V, S>",,Public API,Runtime/task control,False,False,False,Spawn the provided task on the provided [`LocalSet`] and store it in this `JoinMap` with the provided key.
tokio-util,tokio-util::task,tokio-util/src/task/join_map.rs,393,insert,"JoinMap<K, V, S>",,Private helper,Data movement,False,False,False,
tokio-util,tokio-util::task,tokio-util/src/task/join_map.rs,455,join_next,"JoinMap<K, V, S>",,Public API,Async operation,True,False,False,"Waits until one of the tasks in the map completes and returns its output, along with the key corresponding to that task."
tokio-util,tokio-util::task,tokio-util/src/task/join_map.rs,510,try_join_next,"JoinMap<K, V, S>",,Public API,Non-blocking attempt,False,False,False,"Tries to join one of the tasks in the map that has completed and returns its output, along with the key corresponding to that task."
tokio-util,tokio-util::task,tokio-util/src/task/join_map.rs,535,shutdown,"JoinMap<K, V, S>",,Public API,Runtime/task control,True,False,False,Aborts all tasks and waits for them to finish shutting down.
tokio-util,tokio-util::task,tokio-util/src/task/join_map.rs,593,abort,"JoinMap<K, V, S>",,Public API,Lifecycle / ref-count,False,False,False,Abort the task corresponding to the provided `key`.
tokio-util,tokio-util::task,tokio-util/src/task/join_map.rs,660,abort_matching,"JoinMap<K, V, S>",,Public API,Lifecycle / ref-count,False,False,False,Aborts all tasks with keys matching `predicate`.
tokio-util,tokio-util::task,tokio-util/src/task/join_map.rs,677,keys,"JoinMap<K, V, S>",,Public API,Other / internal logic,False,False,False,Returns an iterator visiting all keys in this `JoinMap` in arbitrary order.
tokio-util,tokio-util::task,tokio-util/src/task/join_map.rs,690,contains_key,"JoinMap<K, V, S>",,Public API,Other / internal logic,False,False,False,Returns `true` if this `JoinMap` contains a task for the provided key.
tokio-util,tokio-util::task,tokio-util/src/task/join_map.rs,706,contains_task,"JoinMap<K, V, S>",,Public API,Other / internal logic,False,False,False,Returns `true` if this `JoinMap` contains a task with the provided [task ID].
tokio-util,tokio-util::task,tokio-util/src/task/join_map.rs,730,reserve,"JoinMap<K, V, S>",,Public API,Other / internal logic,False,False,False,Reserves capacity for at least `additional` more tasks to be spawned on this `JoinMap` without reallocating for the map of task keys.
tokio-util,tokio-util::task,tokio-util/src/task/join_map.rs,757,shrink_to_fit,"JoinMap<K, V, S>",,Public API,Other / internal logic,False,False,False,Shrinks the capacity of the `JoinMap` as much as possible.
tokio-util,tokio-util::task,tokio-util/src/task/join_map.rs,787,shrink_to,"JoinMap<K, V, S>",,Public API,Other / internal logic,False,False,False,Shrinks the capacity of the map with a lower limit.
tokio-util,tokio-util::task,tokio-util/src/task/join_map.rs,795,get_by_key,"JoinMap<K, V, S>",,Private helper,Accessor / query,False,False,False,"Look up a task in the map by its key, returning the key and abort handle."
tokio-util,tokio-util::task,tokio-util/src/task/join_map.rs,805,remove_by_id,"JoinMap<K, V, S>",,Private helper,Data movement,False,False,False,"Remove a task from the map by ID, returning the key for that task."
tokio-util,tokio-util::task,tokio-util/src/task/join_map.rs,829,abort_all,"JoinMap<K, V, S>",,Public API,Lifecycle / ref-count,False,False,False,Aborts all tasks on this `JoinMap`.
tokio-util,tokio-util::task,tokio-util/src/task/join_map.rs,837,detach_all,"JoinMap<K, V, S>",,Public API,Other / internal logic,False,False,False,Removes all tasks from this `JoinMap` without aborting them.
tokio-util,tokio-util::task,tokio-util/src/task/join_map.rs,847,fmt,"JoinMap<K, V, S>",fmt::Debug,Trait impl,Formatting,False,False,False,
tokio-util,tokio-util::task,tokio-util/src/task/join_map.rs,854,fmt,"KeySet<'_, K>",fmt::Debug,Trait impl,Formatting,False,False,False,
tokio-util,tokio-util::task,tokio-util/src/task/join_map.rs,872,default,"JoinMap<K, V>",Default,Trait impl,Constructor,False,False,False,
tokio-util,tokio-util::task,tokio-util/src/task/join_map.rs,889,next,"JoinMapKeys<'a, K, V>",Iterator,Trait impl,Iterator,False,False,False,
tokio-util,tokio-util::task,tokio-util/src/task/join_map.rs,893,size_hint,"JoinMapKeys<'a, K, V>",Iterator,Trait impl,Iterator,False,False,False,
tokio-util,tokio-util::task,tokio-util/src/task/join_map.rs,899,len,"JoinMapKeys<'a, K, V>",ExactSizeIterator,Trait impl,Accessor / query,False,False,False,
tokio-util,tokio-util::task,tokio-util/src/task/join_queue.rs,28,new,JoinQueue<T>,,Public API,Constructor,False,False,True,Create a new empty [`JoinQueue`].
tokio-util,tokio-util::task,tokio-util/src/task/join_queue.rs,33,with_capacity,JoinQueue<T>,,Public API,Constructor,False,False,False,Creates an empty [`JoinQueue`] with space for at least `capacity` tasks.
tokio-util,tokio-util::task,tokio-util/src/task/join_queue.rs,42,len,JoinQueue<T>,,Public API,Accessor / query,False,False,False,Returns the number of tasks currently in the [`JoinQueue`].
tokio-util,tokio-util::task,tokio-util/src/task/join_queue.rs,47,is_empty,JoinQueue<T>,,Public API,Accessor / query,False,False,False,Returns whether the [`JoinQueue`] is empty.
tokio-util,tokio-util::task,tokio-util/src/task/join_queue.rs,64,spawn,JoinQueue<T>,,Public API,Runtime/task control,False,False,False,"Spawn the provided task on the [`JoinQueue`], returning an [`AbortHandle`] that can be used to remotely cancel the task."
tokio-util,tokio-util::task,tokio-util/src/task/join_queue.rs,82,spawn_on,JoinQueue<T>,,Public API,Runtime/task control,False,False,False,Spawn the provided task on the provided runtime and store it in this [`JoinQueue`] returning an [`AbortHandle`] that can be used to remotely cancel the task.
tokio-util,tokio-util::task,tokio-util/src/task/join_queue.rs,106,spawn_local,JoinQueue<T>,,Public API,Runtime/task control,False,False,False,"Spawn the provided task on the current [`LocalSet`] or [`LocalRuntime`] and store it in this [`JoinQueue`], returning an [`AbortHandle`] that can be used to remotely cancel the task."
tokio-util,tokio-util::task,tokio-util/src/task/join_queue.rs,124,spawn_blocking,JoinQueue<T>,,Public API,Runtime/task control,False,False,False,"Spawn the blocking code on the blocking threadpool and store it in this [`JoinQueue`], returning an [`AbortHandle`] that can be used to remotely cancel the task."
tokio-util,tokio-util::task,tokio-util/src/task/join_queue.rs,138,spawn_blocking_on,JoinQueue<T>,,Public API,Runtime/task control,False,False,False,"Spawn the blocking code on the blocking threadpool of the provided runtime and store it in this [`JoinQueue`], returning an [`AbortHandle`] that can be used to remotely cancel the task."
tokio-util,tokio-util::task,tokio-util/src/task/join_queue.rs,146,push_back,JoinQueue<T>,,Private helper,Data movement,False,False,False,
tokio-util,tokio-util::task,tokio-util/src/task/join_queue.rs,162,join_next,JoinQueue<T>,,Public API,Async operation,True,False,False,Waits until the next task in FIFO order completes and returns its output.
tokio-util,tokio-util::task,tokio-util/src/task/join_queue.rs,182,join_next_with_id,JoinQueue<T>,,Public API,Async operation,True,False,False,"Waits until the next task in FIFO order completes and returns its output, along with the [task ID] of the completed task."
tokio-util,tokio-util::task,tokio-util/src/task/join_queue.rs,190,try_poll_handle,JoinQueue<T>,,Private helper,Non-blocking attempt,False,False,False,Tries to poll an `AbortOnDropHandle` without blocking or yielding.
tokio-util,tokio-util::task,tokio-util/src/task/join_queue.rs,211,try_join_next,JoinQueue<T>,,Public API,Non-blocking attempt,False,False,False,Tries to join the next task in FIFO order if it has completed.
tokio-util,tokio-util::task,tokio-util/src/task/join_queue.rs,231,try_join_next_with_id,JoinQueue<T>,,Public API,Non-blocking attempt,False,False,False,"Tries to join the next task in FIFO order if it has completed and return its output, along with its [task ID]."
tokio-util,tokio-util::task,tokio-util/src/task/join_queue.rs,253,shutdown,JoinQueue<T>,,Public API,Runtime/task control,True,False,False,Aborts all tasks and waits for them to finish shutting down.
tokio-util,tokio-util::task,tokio-util/src/task/join_queue.rs,274,join_all,JoinQueue<T>,,Public API,Async operation,True,False,False,"Awaits the completion of all tasks in this [`JoinQueue`], returning a vector of their results."
tokio-util,tokio-util::task,tokio-util/src/task/join_queue.rs,291,abort_all,JoinQueue<T>,,Public API,Lifecycle / ref-count,False,False,False,Aborts all tasks on this [`JoinQueue`].
tokio-util,tokio-util::task,tokio-util/src/task/join_queue.rs,299,detach_all,JoinQueue<T>,,Public API,Other / internal logic,False,False,False,Removes all tasks from this [`JoinQueue`] without aborting them.
tokio-util,tokio-util::task,tokio-util/src/task/join_queue.rs,323,poll_join_next,JoinQueue<T>,,Public API,Poll function,False,False,False,Polls for the next task in [`JoinQueue`] to complete.
tokio-util,tokio-util::task,tokio-util/src/task/join_queue.rs,361,poll_join_next_with_id,JoinQueue<T>,,Public API,Poll function,False,False,False,Polls for the next task in [`JoinQueue`] to complete.
tokio-util,tokio-util::task,tokio-util/src/task/join_queue.rs,386,fmt,JoinQueue<T>,std::fmt::Debug,Trait impl,Formatting,False,False,False,
tokio-util,tokio-util::task,tokio-util/src/task/join_queue.rs,394,default,JoinQueue<T>,Default,Trait impl,Constructor,False,False,False,
tokio-util,tokio-util::task,tokio-util/src/task/join_queue.rs,407,from_iter,JoinQueue<T>,std::iter::FromIterator<F>,Trait impl,Conversion,False,False,False,
tokio-util,tokio-util::task,tokio-util/src/task/join_queue.rs,423,is_debug,,,Test,Accessor / query,False,False,False,
tokio-util,tokio-util::task,tokio-util/src/task/join_queue.rs,426,assert_debug,,,Test,Debugging / tracing,False,False,False,
tokio-util,tokio-util::task,tokio-util/src/task/spawn_pinned.rs,65,new,LocalPoolHandle,,Public API,Constructor,False,False,False,Create a new pool of threads to handle `!Send` tasks.
tokio-util,tokio-util::task,tokio-util/src/task/spawn_pinned.rs,79,num_threads,LocalPoolHandle,,Public API,Accessor / query,False,False,False,Returns the number of threads of the Pool.
tokio-util,tokio-util::task,tokio-util/src/task/spawn_pinned.rs,85,get_task_loads_for_each_worker,LocalPoolHandle,,Public API,Accessor / query,False,False,False,Returns the number of tasks scheduled on each worker.
tokio-util,tokio-util::task,tokio-util/src/task/spawn_pinned.rs,125,spawn_pinned,LocalPoolHandle,,Public API,Runtime/task control,False,False,False,Spawn a task onto a worker thread and pin it there so it can't be moved off of the thread.
tokio-util,tokio-util::task,tokio-util/src/task/spawn_pinned.rs,181,spawn_pinned_by_idx,LocalPoolHandle,,Public API,Runtime/task control,False,False,False,"Differs from `spawn_pinned` only in that you can choose a specific worker thread of the pool, whereas `spawn_pinned` chooses the worker with the smallest number of tasks scheduled."
tokio-util,tokio-util::task,tokio-util/src/task/spawn_pinned.rs,194,fmt,LocalPoolHandle,Debug,Trait impl,Formatting,False,False,False,
tokio-util,tokio-util::task,tokio-util/src/task/spawn_pinned.rs,211,spawn_pinned,LocalPool,,Private helper,Runtime/task control,False,False,False,Spawn a `?Send` future onto a worker
tokio-util,tokio-util::task,tokio-util/src/task/spawn_pinned.rs,313,find_and_incr_least_burdened_worker,LocalPool,,Private helper,Other / internal logic,False,False,False,"Find the worker with the least number of tasks, increment its task count, and return its handle."
tokio-util,tokio-util::task,tokio-util/src/task/spawn_pinned.rs,340,find_worker_by_idx,LocalPool,,Private helper,Other / internal logic,False,False,False,
tokio-util,tokio-util::task,tokio-util/src/task/spawn_pinned.rs,353,drop,JobCountGuard,Drop,Trait impl,Drop / cleanup,False,False,False,
tokio-util,tokio-util::task,tokio-util/src/task/spawn_pinned.rs,364,drop,AbortGuard,Drop,Trait impl,Drop / cleanup,False,False,False,
tokio-util,tokio-util::task,tokio-util/src/task/spawn_pinned.rs,379,new_worker,LocalWorkerHandle,,Private helper,Constructor,False,False,False,Create a new worker for executing pinned tasks
tokio-util,tokio-util::task,tokio-util/src/task/spawn_pinned.rs,400,run,LocalWorkerHandle,,Private helper,Runtime/task control,False,False,False,
tokio-util,tokio-util::task,tokio-util/src/task/task_tracker.rs,208,new,TaskTrackerInner,,Private helper,Constructor,False,False,False,
tokio-util,tokio-util::task,tokio-util/src/task/task_tracker.rs,216,is_closed_and_empty,TaskTrackerInner,,Private helper,Accessor / query,False,False,False,
tokio-util,tokio-util::task,tokio-util/src/task/task_tracker.rs,225,set_closed,TaskTrackerInner,,Private helper,Configuration / setter,False,False,False,
tokio-util,tokio-util::task,tokio-util/src/task/task_tracker.rs,252,set_open,TaskTrackerInner,,Private helper,Configuration / setter,False,False,False,
tokio-util,tokio-util::task,tokio-util/src/task/task_tracker.rs,259,add_task,TaskTrackerInner,,Private helper,Other / internal logic,False,False,False,
tokio-util,tokio-util::task,tokio-util/src/task/task_tracker.rs,264,drop_task,TaskTrackerInner,,Private helper,Lifecycle / ref-count,False,False,False,
tokio-util,tokio-util::task,tokio-util/src/task/task_tracker.rs,274,notify_now,TaskTrackerInner,,Private helper,Wake / park,False,False,False,
tokio-util,tokio-util::task,tokio-util/src/task/task_tracker.rs,293,new,TaskTracker,,Public API,Constructor,False,False,False,Creates a new `TaskTracker`.
tokio-util,tokio-util::task,tokio-util/src/task/task_tracker.rs,318,wait,TaskTracker,,Public API,Runtime/task control,False,False,False,Waits until this `TaskTracker` is both closed and empty.
tokio-util,tokio-util::task,tokio-util/src/task/task_tracker.rs,337,close,TaskTracker,,Public API,Data movement,False,False,False,Close this `TaskTracker`.
tokio-util,tokio-util::task,tokio-util/src/task/task_tracker.rs,349,reopen,TaskTracker,,Public API,Other / internal logic,False,False,False,Reopen this `TaskTracker`.
tokio-util,tokio-util::task,tokio-util/src/task/task_tracker.rs,356,is_closed,TaskTracker,,Public API,Accessor / query,False,False,False,Returns `true` if this `TaskTracker` is [closed](Self::close).
tokio-util,tokio-util::task,tokio-util/src/task/task_tracker.rs,363,len,TaskTracker,,Public API,Accessor / query,False,False,False,Returns the number of tasks tracked by this `TaskTracker`.
tokio-util,tokio-util::task,tokio-util/src/task/task_tracker.rs,370,is_empty,TaskTracker,,Public API,Accessor / query,False,False,False,Returns `true` if there are no tasks in this `TaskTracker`.
tokio-util,tokio-util::task,tokio-util/src/task/task_tracker.rs,381,spawn,TaskTracker,,Public API,Runtime/task control,False,False,False,"Spawn the provided future on the current Tokio runtime, and track it in this `TaskTracker`."
tokio-util,tokio-util::task,tokio-util/src/task/task_tracker.rs,396,spawn_on,TaskTracker,,Public API,Runtime/task control,False,False,False,"Spawn the provided future on the provided Tokio runtime, and track it in this `TaskTracker`."
tokio-util,tokio-util::task,tokio-util/src/task/task_tracker.rs,419,spawn_local,TaskTracker,,Public API,Runtime/task control,False,False,False,Spawn the provided future on the current [`LocalSet`] or [`LocalRuntime`] and track it in this `TaskTracker`.
tokio-util,tokio-util::task,tokio-util/src/task/task_tracker.rs,436,spawn_local_on,TaskTracker,,Public API,Runtime/task control,False,False,False,"Spawn the provided future on the provided [`LocalSet`], and track it in this `TaskTracker`."
tokio-util,tokio-util::task,tokio-util/src/task/task_tracker.rs,452,spawn_blocking,TaskTracker,,Public API,Runtime/task control,False,False,False,"Spawn the provided blocking task on the current Tokio runtime, and track it in this `TaskTracker`."
tokio-util,tokio-util::task,tokio-util/src/task/task_tracker.rs,474,spawn_blocking_on,TaskTracker,,Public API,Runtime/task control,False,False,False,"Spawn the provided blocking task on the provided Tokio runtime, and track it in this `TaskTracker`."
tokio-util,tokio-util::task,tokio-util/src/task/task_tracker.rs,532,track_future,TaskTracker,,Public API,Other / internal logic,False,False,False,Track the provided future.
tokio-util,tokio-util::task,tokio-util/src/task/task_tracker.rs,549,token,TaskTracker,,Public API,Handle / reference plumbing,False,False,False,Creates a [`TaskTrackerToken`] representing a task tracked by this `TaskTracker`.
tokio-util,tokio-util::task,tokio-util/src/task/task_tracker.rs,572,ptr_eq,TaskTracker,,Public API,Handle / reference plumbing,False,False,False,Returns `true` if both task trackers correspond to the same set of tasks.
tokio-util,tokio-util::task,tokio-util/src/task/task_tracker.rs,582,default,TaskTracker,Default,Trait impl,Constructor,False,False,False,Creates a new `TaskTracker`.
tokio-util,tokio-util::task,tokio-util/src/task/task_tracker.rs,623,clone,TaskTracker,Clone,Trait impl,Clone,False,False,False,Returns a new `TaskTracker` that tracks the same set of tasks.
tokio-util,tokio-util::task,tokio-util/src/task/task_tracker.rs,630,debug_inner,,,Private helper,Debugging / tracing,False,False,False,
tokio-util,tokio-util::task,tokio-util/src/task/task_tracker.rs,643,fmt,TaskTracker,fmt::Debug,Trait impl,Formatting,False,False,False,
tokio-util,tokio-util::task,tokio-util/src/task/task_tracker.rs,652,task_tracker,TaskTrackerToken,,Public API,Other / internal logic,False,False,False,Returns the [`TaskTracker`] that this token is associated with.
tokio-util,tokio-util::task,tokio-util/src/task/task_tracker.rs,662,clone,TaskTrackerToken,Clone,Trait impl,Clone,False,False,False,Returns a new `TaskTrackerToken` associated with the same [`TaskTracker`].
tokio-util,tokio-util::task,tokio-util/src/task/task_tracker.rs,670,drop,TaskTrackerToken,Drop,Trait impl,Drop / cleanup,False,False,False,Dropping the token indicates to the [`TaskTracker`] that the task has exited.
tokio-util,tokio-util::task,tokio-util/src/task/task_tracker.rs,679,poll,TrackedFuture<F>,Future,Trait impl,Future impl (poll),False,False,False,
tokio-util,tokio-util::task,tokio-util/src/task/task_tracker.rs,685,fmt,TrackedFuture<F>,fmt::Debug,Trait impl,Formatting,False,False,False,
tokio-util,tokio-util::task,tokio-util/src/task/task_tracker.rs,697,poll,TaskTrackerWaitFuture<'a>,Future,Trait impl,Future impl (poll),False,False,False,
tokio-util,tokio-util::task,tokio-util/src/task/task_tracker.rs,716,fmt,TaskTrackerWaitFuture<'a>,fmt::Debug,Trait impl,Formatting,False,False,False,
tokio-util,tokio-util::task,tokio-util/src/task/task_tracker.rs,720,fmt,Helper<'_>,fmt::Debug,Trait impl,Formatting,False,False,False,
tokio-util,tokio-util::time,tokio-util/src/time/delay_queue.rs,181,with_capacity,SlabStorage<T>,,Crate-internal,Constructor,False,False,False,
tokio-util,tokio-util::time,tokio-util/src/time/delay_queue.rs,191,insert,SlabStorage<T>,,Crate-internal,Data movement,False,False,False,
tokio-util,tokio-util::time,tokio-util/src/time/delay_queue.rs,231,remove,SlabStorage<T>,,Crate-internal,Data movement,False,False,False,
tokio-util,tokio-util::time,tokio-util/src/time/delay_queue.rs,244,shrink_to_fit,SlabStorage<T>,,Crate-internal,Other / internal logic,False,False,False,
tokio-util,tokio-util::time,tokio-util/src/time/delay_queue.rs,249,compact,SlabStorage<T>,,Crate-internal,Other / internal logic,False,False,False,
tokio-util,tokio-util::time,tokio-util/src/time/delay_queue.rs,278,remap_key,SlabStorage<T>,,Private helper,Other / internal logic,False,False,False,
tokio-util,tokio-util::time,tokio-util/src/time/delay_queue.rs,287,create_new_key,SlabStorage<T>,,Private helper,Constructor,False,False,False,
tokio-util,tokio-util::time,tokio-util/src/time/delay_queue.rs,295,len,SlabStorage<T>,,Crate-internal,Accessor / query,False,False,False,
tokio-util,tokio-util::time,tokio-util/src/time/delay_queue.rs,299,capacity,SlabStorage<T>,,Crate-internal,Accessor / query,False,False,False,
tokio-util,tokio-util::time,tokio-util/src/time/delay_queue.rs,303,clear,SlabStorage<T>,,Crate-internal,Configuration / setter,False,False,False,
tokio-util,tokio-util::time,tokio-util/src/time/delay_queue.rs,309,reserve,SlabStorage<T>,,Crate-internal,Other / internal logic,False,False,False,
tokio-util,tokio-util::time,tokio-util/src/time/delay_queue.rs,317,is_empty,SlabStorage<T>,,Crate-internal,Accessor / query,False,False,False,
tokio-util,tokio-util::time,tokio-util/src/time/delay_queue.rs,321,contains,SlabStorage<T>,,Crate-internal,Other / internal logic,False,False,False,
tokio-util,tokio-util::time,tokio-util/src/time/delay_queue.rs,335,fmt,SlabStorage<T>,fmt::Debug,Trait impl,Formatting,False,False,False,
tokio-util,tokio-util::time,tokio-util/src/time/delay_queue.rs,350,index,SlabStorage<T>,Index<Key>,Trait impl,Other / internal logic,False,False,False,
tokio-util,tokio-util::time,tokio-util/src/time/delay_queue.rs,361,index_mut,SlabStorage<T>,IndexMut<Key>,Trait impl,Other / internal logic,False,False,False,
tokio-util,tokio-util::time,tokio-util/src/time/delay_queue.rs,448,new,DelayQueue<T>,,Public API,Constructor,False,False,False,"Creates a new, empty, `DelayQueue`."
tokio-util,tokio-util::time,tokio-util/src/time/delay_queue.rs,477,with_capacity,DelayQueue<T>,,Public API,Constructor,False,False,False,"Creates a new, empty, `DelayQueue` with the specified capacity."
tokio-util,tokio-util::time,tokio-util/src/time/delay_queue.rs,538,insert_at,DelayQueue<T>,,Public API,Data movement,False,False,False,Inserts `value` into the queue set to expire at a specific instant in time.
tokio-util,tokio-util::time,tokio-util/src/time/delay_queue.rs,582,poll_expired,DelayQueue<T>,,Public API,Poll function,False,False,False,"Attempts to pull out the next value of the delay queue, registering the current task for wakeup if the value is not yet available, and returning `None` if the queue is exhausted."
tokio-util,tokio-util::time,tokio-util/src/time/delay_queue.rs,652,insert,DelayQueue<T>,,Public API,Data movement,False,False,False,Inserts `value` into the queue set to expire after the requested duration elapses.
tokio-util,tokio-util::time,tokio-util/src/time/delay_queue.rs,657,insert_idx,DelayQueue<T>,,Private helper,Data movement,False,False,False,
tokio-util,tokio-util::time,tokio-util/src/time/delay_queue.rs,701,deadline,DelayQueue<T>,,Public API,Time / timers,False,False,False,Returns the deadline of the item associated with `key`.
tokio-util,tokio-util::time,tokio-util/src/time/delay_queue.rs,712,remove_key,DelayQueue<T>,,Private helper,Data movement,False,False,False,Removes the key from the expired queue or the timer wheel depending on its expiration status.
tokio-util,tokio-util::time,tokio-util/src/time/delay_queue.rs,752,remove,DelayQueue<T>,,Public API,Data movement,False,False,False,Removes the item associated with `key` from the queue.
tokio-util,tokio-util::time,tokio-util/src/time/delay_queue.rs,809,try_remove,DelayQueue<T>,,Public API,Non-blocking attempt,False,False,False,Attempts to remove the item associated with `key` from the queue.
tokio-util,tokio-util::time,tokio-util/src/time/delay_queue.rs,852,reset_at,DelayQueue<T>,,Public API,Time / timers,False,False,False,Sets the delay of the item associated with `key` to expire at `when`.
tokio-util,tokio-util::time,tokio-util/src/time/delay_queue.rs,887,shrink_to_fit,DelayQueue<T>,,Public API,Other / internal logic,False,False,False,"Shrink the capacity of the slab, which `DelayQueue` uses internally for storage allocation."
tokio-util,tokio-util::time,tokio-util/src/time/delay_queue.rs,918,compact,DelayQueue<T>,,Public API,Other / internal logic,False,False,False,"Shrink the capacity of the slab, which `DelayQueue` uses internally for storage allocation, to the number of elements that are contained in it."
tokio-util,tokio-util::time,tokio-util/src/time/delay_queue.rs,951,peek,DelayQueue<T>,,Public API,Combinator / iteration,False,False,False,"Gets the [`Key`] that [`poll_expired`] will pull out of the queue next, without pulling it out or waiting for the deadline to expire."
tokio-util,tokio-util::time,tokio-util/src/time/delay_queue.rs,960,next_deadline,DelayQueue<T>,,Private helper,Other / internal logic,False,False,False,Returns the next time to poll as determined by the wheel.
tokio-util,tokio-util::time,tokio-util/src/time/delay_queue.rs,1002,reset,DelayQueue<T>,,Public API,Configuration / setter,False,False,False,Sets the delay of the item associated with `key` to expire after `timeout`.
tokio-util,tokio-util::time,tokio-util/src/time/delay_queue.rs,1033,clear,DelayQueue<T>,,Public API,Configuration / setter,False,False,False,"Clears the queue, removing all items."
tokio-util,tokio-util::time,tokio-util/src/time/delay_queue.rs,1058,capacity,DelayQueue<T>,,Public API,Accessor / query,False,False,False,Returns the number of elements the queue can hold without reallocating.
tokio-util,tokio-util::time,tokio-util/src/time/delay_queue.rs,1078,len,DelayQueue<T>,,Public API,Accessor / query,False,False,False,Returns the number of elements currently in the queue.
tokio-util,tokio-util::time,tokio-util/src/time/delay_queue.rs,1116,reserve,DelayQueue<T>,,Public API,Other / internal logic,False,False,False,Reserves capacity for at least `additional` more items to be queued without allocating.
tokio-util,tokio-util::time,tokio-util/src/time/delay_queue.rs,1144,is_empty,DelayQueue<T>,,Public API,Accessor / query,False,False,False,Returns `true` if there are no items in the queue.
tokio-util,tokio-util::time,tokio-util/src/time/delay_queue.rs,1152,poll_idx,DelayQueue<T>,,Private helper,Poll function,False,False,False,"Polls the queue, returning the index of the next slot in the slab that should be returned."
tokio-util,tokio-util::time,tokio-util/src/time/delay_queue.rs,1187,normalize_deadline,DelayQueue<T>,,Private helper,Other / internal logic,False,False,False,
tokio-util,tokio-util::time,tokio-util/src/time/delay_queue.rs,1202,default,DelayQueue<T>,Default,Trait impl,Constructor,False,False,False,
tokio-util,tokio-util::time,tokio-util/src/time/delay_queue.rs,1212,poll_next,DelayQueue<T>,futures_core::Stream,Trait impl,Stream impl,False,False,False,
tokio-util,tokio-util::time,tokio-util/src/time/delay_queue.rs,1222,is_empty,Stack<T>,wheel::Stack,Trait impl,Accessor / query,False,False,False,
tokio-util,tokio-util::time,tokio-util/src/time/delay_queue.rs,1226,push,Stack<T>,wheel::Stack,Trait impl,Data movement,False,False,False,
tokio-util,tokio-util::time,tokio-util/src/time/delay_queue.rs,1242,pop,Stack<T>,wheel::Stack,Trait impl,Data movement,False,False,False,
tokio-util,tokio-util::time,tokio-util/src/time/delay_queue.rs,1259,peek,Stack<T>,wheel::Stack,Trait impl,Combinator / iteration,False,False,False,
tokio-util,tokio-util::time,tokio-util/src/time/delay_queue.rs,1263,peek_earliest,Stack<T>,wheel::Stack,Trait impl,Combinator / iteration,False,False,False,
tokio-util,tokio-util::time,tokio-util/src/time/delay_queue.rs,1285,remove,Stack<T>,wheel::Stack,Trait impl,Data movement,False,False,False,
tokio-util,tokio-util::time,tokio-util/src/time/delay_queue.rs,1323,when,Stack<T>,wheel::Stack,Trait impl,Other / internal logic,False,False,False,
tokio-util,tokio-util::time,tokio-util/src/time/delay_queue.rs,1329,default,Stack<T>,Default,Trait impl,Constructor,False,False,False,
tokio-util,tokio-util::time,tokio-util/src/time/delay_queue.rs,1338,new,Key,,Crate-internal,Constructor,False,False,False,
tokio-util,tokio-util::time,tokio-util/src/time/delay_queue.rs,1344,new,KeyInternal,,Crate-internal,Constructor,False,False,False,
tokio-util,tokio-util::time,tokio-util/src/time/delay_queue.rs,1350,from,KeyInternal,From<Key>,Trait impl,Conversion,False,False,False,
tokio-util,tokio-util::time,tokio-util/src/time/delay_queue.rs,1356,from,Key,From<KeyInternal>,Trait impl,Conversion,False,False,False,
tokio-util,tokio-util::time,tokio-util/src/time/delay_queue.rs,1363,get_ref,Expired<T>,,Public API,Accessor / query,False,False,False,Returns a reference to the inner value.
tokio-util,tokio-util::time,tokio-util/src/time/delay_queue.rs,1368,get_mut,Expired<T>,,Public API,Accessor / query,False,False,False,Returns a mutable reference to the inner value.
tokio-util,tokio-util::time,tokio-util/src/time/delay_queue.rs,1373,into_inner,Expired<T>,,Public API,Conversion,False,False,False,Consumes `self` and returns the inner value.
tokio-util,tokio-util::time,tokio-util/src/time/delay_queue.rs,1378,deadline,Expired<T>,,Public API,Time / timers,False,False,False,Returns the deadline that the expiration was set to.
tokio-util,tokio-util::time,tokio-util/src/time/delay_queue.rs,1383,key,Expired<T>,,Public API,Other / internal logic,False,False,False,Returns the key that the expiration is indexed by.
tokio-util,tokio-util::time,tokio-util/src/time/mod.rs,37,ms,,,Private helper,Other / internal logic,False,False,False,"Convert a `Duration` to milliseconds, rounding up and saturating at `u64::MAX`."
tokio-util,tokio-util::time::wheel,tokio-util/src/time/wheel/level.rs,41,new,Level<T>,,Crate-internal,Constructor,False,False,False,
tokio-util,tokio-util::time::wheel,tokio-util/src/time/wheel/level.rs,51,next_expiration,Level<T>,,Crate-internal,Time / timers,False,False,False,Finds the slot that needs to be processed next and returns the slot and `Instant` at which this slot must be processed.
tokio-util,tokio-util::time::wheel,tokio-util/src/time/wheel/level.rs,103,next_occupied_slot,Level<T>,,Private helper,Other / internal logic,False,False,False,
tokio-util,tokio-util::time::wheel,tokio-util/src/time/wheel/level.rs,117,add_entry,Level<T>,,Crate-internal,Other / internal logic,False,False,False,
tokio-util,tokio-util::time::wheel,tokio-util/src/time/wheel/level.rs,124,remove_entry,Level<T>,,Crate-internal,Data movement,False,False,False,
tokio-util,tokio-util::time::wheel,tokio-util/src/time/wheel/level.rs,138,pop_entry_slot,Level<T>,,Crate-internal,Data movement,False,False,False,
tokio-util,tokio-util::time::wheel,tokio-util/src/time/wheel/level.rs,151,peek_entry_slot,Level<T>,,Crate-internal,Combinator / iteration,False,False,False,
tokio-util,tokio-util::time::wheel,tokio-util/src/time/wheel/level.rs,157,fmt,Level<T>,fmt::Debug,Trait impl,Formatting,False,False,False,
tokio-util,tokio-util::time::wheel,tokio-util/src/time/wheel/level.rs,164,occupied_bit,,,Private helper,Other / internal logic,False,False,False,
tokio-util,tokio-util::time::wheel,tokio-util/src/time/wheel/level.rs,168,slot_range,,,Private helper,Other / internal logic,False,False,False,
tokio-util,tokio-util::time::wheel,tokio-util/src/time/wheel/level.rs,172,level_range,,,Private helper,Other / internal logic,False,False,False,
tokio-util,tokio-util::time::wheel,tokio-util/src/time/wheel/level.rs,177,slot_for,,,Private helper,Time / timers,False,False,False,Convert a duration (milliseconds) and a level to a slot position
tokio-util,tokio-util::time::wheel,tokio-util/src/time/wheel/level.rs,186,test_slot_for,,,Test,Other / internal logic,False,False,False,
tokio-util,tokio-util::time::wheel,tokio-util/src/time/wheel/mod.rs,61,new,Wheel<T>,,Crate-internal,Constructor,False,False,False,Create a new timing wheel
tokio-util,tokio-util::time::wheel,tokio-util/src/time/wheel/mod.rs,69,elapsed,Wheel<T>,,Crate-internal,Time / timers,False,False,False,Return the number of milliseconds that have elapsed since the timing wheel's creation.
tokio-util,tokio-util::time::wheel,tokio-util/src/time/wheel/mod.rs,94,insert,Wheel<T>,,Crate-internal,Data movement,False,False,False,Insert an entry into the timing wheel.
tokio-util,tokio-util::time::wheel,tokio-util/src/time/wheel/mod.rs,122,remove,Wheel<T>,,Crate-internal,Data movement,False,False,False,Remove `item` from the timing wheel.
tokio-util,tokio-util::time::wheel,tokio-util/src/time/wheel/mod.rs,138,poll_at,Wheel<T>,,Crate-internal,Poll function,False,False,False,Instant at which to poll
tokio-util,tokio-util::time::wheel,tokio-util/src/time/wheel/mod.rs,143,peek,Wheel<T>,,Crate-internal,Combinator / iteration,False,False,False,Next key that will expire
tokio-util,tokio-util::time::wheel,tokio-util/src/time/wheel/mod.rs,149,poll,Wheel<T>,,Crate-internal,Poll function,False,False,False,Advances the timer up to the instant represented by `now`.
tokio-util,tokio-util::time::wheel,tokio-util/src/time/wheel/mod.rs,172,next_expiration,Wheel<T>,,Private helper,Time / timers,False,False,False,Returns the instant at which the next timeout expires.
tokio-util,tokio-util::time::wheel,tokio-util/src/time/wheel/mod.rs,188,no_expirations_before,Wheel<T>,,Private helper,Other / internal logic,False,False,False,Used for debug assertions
tokio-util,tokio-util::time::wheel,tokio-util/src/time/wheel/mod.rs,206,poll_expiration,Wheel<T>,,Crate-internal,Poll function,False,False,False,iteratively find entries that are between the wheel's current time and the expiration time.
tokio-util,tokio-util::time::wheel,tokio-util/src/time/wheel/mod.rs,228,set_elapsed,Wheel<T>,,Private helper,Configuration / setter,False,False,False,
tokio-util,tokio-util::time::wheel,tokio-util/src/time/wheel/mod.rs,241,pop_entry,Wheel<T>,,Private helper,Data movement,False,False,False,
tokio-util,tokio-util::time::wheel,tokio-util/src/time/wheel/mod.rs,245,peek_entry,Wheel<T>,,Private helper,Combinator / iteration,False,False,False,
tokio-util,tokio-util::time::wheel,tokio-util/src/time/wheel/mod.rs,249,level_for,Wheel<T>,,Private helper,Time / timers,False,False,False,
tokio-util,tokio-util::time::wheel,tokio-util/src/time/wheel/mod.rs,254,level_for,,,Private helper,Time / timers,False,False,False,
tokio-util,tokio-util::time::wheel,tokio-util/src/time/wheel/mod.rs,274,test_level_for,,,Test,Other / internal logic,False,False,False,
tokio-util,tokio-util::time::wheel,tokio-util/src/time/wheel/stack.rs,17,is_empty,trait Stack,,Trait method (declaration/default),Accessor / query,False,False,False,Returns `true` if the stack is empty
tokio-util,tokio-util::time::wheel,tokio-util/src/time/wheel/stack.rs,20,push,trait Stack,,Trait method (declaration/default),Data movement,False,False,False,Push an item onto the stack
tokio-util,tokio-util::time::wheel,tokio-util/src/time/wheel/stack.rs,23,pop,trait Stack,,Trait method (declaration/default),Data movement,False,False,False,Pop an item from the stack
tokio-util,tokio-util::time::wheel,tokio-util/src/time/wheel/stack.rs,26,peek,trait Stack,,Trait method (declaration/default),Combinator / iteration,False,False,False,Peek into the stack.
tokio-util,tokio-util::time::wheel,tokio-util/src/time/wheel/stack.rs,33,peek_earliest,trait Stack,,Trait method (declaration/default),Combinator / iteration,False,False,False,Peek at the item in the stack with the earliest deadline.
tokio-util,tokio-util::time::wheel,tokio-util/src/time/wheel/stack.rs,35,remove,trait Stack,,Trait method (declaration/default),Data movement,False,False,False,
tokio-util,tokio-util::time::wheel,tokio-util/src/time/wheel/stack.rs,37,when,trait Stack,,Trait method (declaration/default),Other / internal logic,False,False,False,
tokio-util,tokio-util::udp,tokio-util/src/udp/frame.rs,67,poll_next,"UdpFramed<C, T>",Stream,Trait impl,Stream impl,False,False,False,
tokio-util,tokio-util::udp,tokio-util/src/udp/frame.rs,121,poll_ready,"UdpFramed<C, T>","Sink<(I, SocketAddr)>",Trait impl,Sink impl,False,False,False,
tokio-util,tokio-util::udp,tokio-util/src/udp/frame.rs,132,start_send,"UdpFramed<C, T>","Sink<(I, SocketAddr)>",Trait impl,Sink impl,False,False,False,
tokio-util,tokio-util::udp,tokio-util/src/udp/frame.rs,144,poll_flush,"UdpFramed<C, T>","Sink<(I, SocketAddr)>",Trait impl,Sink impl,False,False,False,
tokio-util,tokio-util::udp,tokio-util/src/udp/frame.rs,171,poll_close,"UdpFramed<C, T>","Sink<(I, SocketAddr)>",Trait impl,Sink impl,False,False,False,
tokio-util,tokio-util::udp,tokio-util/src/udp/frame.rs,184,new,"UdpFramed<C, T>",,Public API,Constructor,False,False,False,Create a new `UdpFramed` backed by the given socket and codec.
tokio-util,tokio-util::udp,tokio-util/src/udp/frame.rs,204,get_ref,"UdpFramed<C, T>",,Public API,Accessor / query,False,False,False,Returns a reference to the underlying I/O stream wrapped by `Framed`.
tokio-util,tokio-util::udp,tokio-util/src/udp/frame.rs,215,get_mut,"UdpFramed<C, T>",,Public API,Accessor / query,False,False,False,Returns a mutable reference to the underlying I/O stream wrapped by `Framed`.
tokio-util,tokio-util::udp,tokio-util/src/udp/frame.rs,224,codec,"UdpFramed<C, T>",,Public API,Other / internal logic,False,False,False,Returns a reference to the underlying codec wrapped by `Framed`.
tokio-util,tokio-util::udp,tokio-util/src/udp/frame.rs,233,codec_mut,"UdpFramed<C, T>",,Public API,Other / internal logic,False,False,False,Returns a mutable reference to the underlying codec wrapped by `UdpFramed`.
tokio-util,tokio-util::udp,tokio-util/src/udp/frame.rs,238,read_buffer,"UdpFramed<C, T>",,Public API,I/O operation,False,False,False,Returns a reference to the read buffer.
tokio-util,tokio-util::udp,tokio-util/src/udp/frame.rs,243,read_buffer_mut,"UdpFramed<C, T>",,Public API,I/O operation,False,False,False,Returns a mutable reference to the read buffer.
tokio-util,tokio-util::udp,tokio-util/src/udp/frame.rs,248,into_inner,"UdpFramed<C, T>",,Public API,Conversion,False,False,False,"Consumes the `Framed`, returning its underlying I/O stream."
tokio-util,tokio-util::util,tokio-util/src/util/maybe_dangling.rs,31,drop,MaybeDangling<T>,Drop,Trait impl,Drop / cleanup,False,False,False,
tokio-util,tokio-util::util,tokio-util/src/util/maybe_dangling.rs,38,new,MaybeDangling<T>,,Crate-internal,Constructor,False,False,False,
tokio-util,tokio-util::util,tokio-util/src/util/maybe_dangling.rs,46,poll,MaybeDangling<F>,Future,Trait impl,Future impl (poll),False,False,False,
tokio-util,tokio-util::util,tokio-util/src/util/maybe_dangling.rs,54,maybedangling_runs_drop,,,Private helper,Other / internal logic,False,False,False,
tokio-util,tokio-util::util,tokio-util/src/util/maybe_dangling.rs,58,drop,SetOnDrop<'_>,Drop,Trait impl,Drop / cleanup,False,False,False,
tokio-util,tokio-util::util,tokio-util/src/util/memchr.rs,7,memchr_inner,,,Private helper,Other / internal logic,False,False,False,
tokio-util,tokio-util::util,tokio-util/src/util/memchr.rs,12,memchr_inner,,,Private helper,Other / internal logic,False,False,False,
tokio-util,tokio-util::util,tokio-util/src/util/memchr.rs,36,memchr,,,Crate-internal,Other / internal logic,False,False,False,
tokio-util,tokio-util::util,tokio-util/src/util/memchr.rs,58,memchr_test,,,Test,Other / internal logic,False,False,False,
tokio-util,tokio-util::util,tokio-util/src/util/memchr.rs,82,memchr_all,,,Test,Other / internal logic,False,False,False,
tokio-util,tokio-util::util,tokio-util/src/util/memchr.rs,97,memchr_empty,,,Test,Other / internal logic,False,False,False,
tokio-util,tokio-util::util,tokio-util/src/util/mod.rs,26,made_progress,RestoreOnPending,,Crate-internal,Other / internal logic,False,False,False,
tokio-util,tokio-util::util,tokio-util/src/util/mod.rs,30,poll_proceed,,,Crate-internal,Poll function,False,False,False,
tokio-util,tokio-util::util,tokio-util/src/util/poll_buf.rs,47,poll_read_buf,,,Public API,Poll function,False,False,False,Try to read data from an `AsyncRead` into an implementer of the [`BufMut`] trait.
tokio-util,tokio-util::util,tokio-util/src/util/poll_buf.rs,121,poll_write_buf,,,Public API,Poll function,False,False,False,"Try to write data from an implementer of the [`Buf`] trait to an [`AsyncWrite`], advancing the buffer's internal cursor."
tokio,tokio::doc,tokio/src/doc/mod.rs,25,register,NotDefinedHere,mio::event::Source,Trait impl,I/O registration,False,False,False,
tokio,tokio::doc,tokio/src/doc/mod.rs,33,reregister,NotDefinedHere,mio::event::Source,Trait impl,Other / internal logic,False,False,False,
tokio,tokio::doc,tokio/src/doc/mod.rs,41,deregister,NotDefinedHere,mio::event::Source,Trait impl,I/O registration,False,False,False,
tokio,tokio::doc,tokio/src/doc/os.rs,20,as_raw_handle,trait AsRawHandle,,Trait method (declaration/default),Conversion,False,False,False,See [`std::os::windows::io::AsRawHandle::as_raw_handle`](https://doc.rust-lang.org/std/os/windows/io/trait.AsRawHandle.html#tymethod.as_raw_handle)
tokio,tokio::doc,tokio/src/doc/os.rs,26,from_raw_handle,trait FromRawHandle,,Trait method (declaration/default),Conversion,False,True,False,See [`std::os::windows::io::FromRawHandle::from_raw_handle`](https://doc.rust-lang.org/std/os/windows/io/trait.FromRawHandle.html#tymethod.from_raw_handle)
tokio,tokio::doc,tokio/src/doc/os.rs,32,into_raw_handle,trait IntoRawHandle,,Trait method (declaration/default),Conversion,False,False,False,See [`std::os::windows::io::IntoRawHandle::into_raw_handle`](https://doc.rust-lang.org/std/os/windows/io/trait.IntoRawHandle.html#tymethod.into_raw_handle)
tokio,tokio::doc,tokio/src/doc/os.rs,41,as_raw_socket,trait AsRawSocket,,Trait method (declaration/default),Conversion,False,False,False,See [`std::os::windows::io::AsRawSocket::as_raw_socket`](https://doc.rust-lang.org/std/os/windows/io/trait.AsRawSocket.html#tymethod.as_raw_socket)
tokio,tokio::doc,tokio/src/doc/os.rs,47,from_raw_socket,trait FromRawSocket,,Trait method (declaration/default),Conversion,False,True,False,See [`std::os::windows::io::FromRawSocket::from_raw_socket`](https://doc.rust-lang.org/std/os/windows/io/trait.FromRawSocket.html#tymethod.from_raw_socket)
tokio,tokio::doc,tokio/src/doc/os.rs,53,into_raw_socket,trait IntoRawSocket,,Trait method (declaration/default),Conversion,False,False,False,See [`std::os::windows::io::IntoRawSocket::into_raw_socket`](https://doc.rust-lang.org/std/os/windows/io/trait.IntoRawSocket.html#tymethod.into_raw_socket)
tokio,tokio::doc,tokio/src/doc/os.rs,62,as_handle,trait AsHandle,,Trait method (declaration/default),Conversion,False,False,False,See [`std::os::windows::io::AsHandle::as_handle`](https://doc.rust-lang.org/std/os/windows/io/trait.AsHandle.html#tymethod.as_handle)
tokio,tokio::doc,tokio/src/doc/os.rs,71,as_socket,trait AsSocket,,Trait method (declaration/default),Conversion,False,False,False,See [`std::os::windows::io::AsSocket::as_socket`](https://doc.rust-lang.org/std/os/windows/io/trait.AsSocket.html#tymethod.as_socket)
tokio,tokio::fs,tokio/src/fs/canonicalize.rs,46,canonicalize,,,Public API,Async operation,True,False,False,"Returns the canonical, absolute form of a path with all intermediate components normalized and symbolic links resolved."
tokio,tokio::fs,tokio/src/fs/copy.rs,20,copy,,,Public API,I/O operation,True,False,False,Copies the contents of one file to another.
tokio,tokio::fs,tokio/src/fs/create_dir.rs,47,create_dir,,,Public API,Constructor,True,False,False,"Creates a new, empty directory at the provided path."
tokio,tokio::fs,tokio/src/fs/create_dir_all.rs,51,create_dir_all,,,Public API,Constructor,True,False,False,Recursively creates a directory and all of its parent components if they are missing.
tokio,tokio::fs,tokio/src/fs/dir_builder.rs,33,new,DirBuilder,,Public API,Constructor,False,False,False,Creates a new set of options with default mode/security settings for all platforms and also non-recursive.
tokio,tokio::fs,tokio/src/fs/dir_builder.rs,52,recursive,DirBuilder,,Public API,Other / internal logic,False,False,False,Indicates whether to create directories recursively (including all parent directories).
tokio,tokio::fs,tokio/src/fs/dir_builder.rs,91,create,DirBuilder,,Public API,Constructor,True,False,False,Creates the specified directory with the configured options.
tokio,tokio::fs,tokio/src/fs/dir_builder.rs,124,mode,DirBuilder,,Public API,Other / internal logic,False,False,False,Sets the mode to create new directories with.
tokio,tokio::fs,tokio/src/fs/file.rs,157,open,File,,Public API,Constructor,True,False,False,Attempts to open a file in read-only mode.
tokio,tokio::fs,tokio/src/fs/file.rs,192,create,File,,Public API,Constructor,True,False,False,Opens a file in write-only mode.
tokio,tokio::fs,tokio/src/fs/file.rs,232,create_new,File,,Public API,Constructor,True,False,False,Opens a file in read-write mode.
tokio,tokio::fs,tokio/src/fs/file.rs,268,options,File,,Public API,Other / internal logic,False,False,False,Returns a new [`OpenOptions`] object.
tokio,tokio::fs,tokio/src/fs/file.rs,282,from_std,File,,Public API,Conversion,False,False,False,Converts a [`std::fs::File`] to a [`tokio::fs::File`](File).
tokio,tokio::fs,tokio/src/fs/file.rs,317,sync_all,File,,Public API,Async operation,True,False,False,Attempts to sync all OS-internal metadata to disk.
tokio,tokio::fs,tokio/src/fs/file.rs,352,sync_data,File,,Public API,Async operation,True,False,False,"This function is similar to `sync_all`, except that it may not synchronize file metadata to the filesystem."
tokio,tokio::fs,tokio/src/fs/file.rs,390,set_len,File,,Public API,Configuration / setter,True,False,False,"Truncates or extends the underlying file, updating the size of this file to become size."
tokio,tokio::fs,tokio/src/fs/file.rs,456,metadata,File,,Public API,Async operation,True,False,False,Queries metadata about the underlying file.
tokio,tokio::fs,tokio/src/fs/file.rs,476,try_clone,File,,Public API,Non-blocking attempt,True,False,False,Creates a new `File` instance that shares the same underlying file handle as the existing `File` instance.
tokio,tokio::fs,tokio/src/fs/file.rs,501,into_std,File,,Public API,Conversion,True,False,False,Destructures `File` into a [`std::fs::File`].
tokio,tokio::fs,tokio/src/fs/file.rs,525,try_into_std,File,,Public API,Non-blocking attempt,False,False,False,Tries to immediately destructure `File` into a [`std::fs::File`].
tokio,tokio::fs,tokio/src/fs/file.rs,564,set_permissions,File,,Public API,Configuration / setter,True,False,False,Changes the permissions on the underlying file.
tokio,tokio::fs,tokio/src/fs/file.rs,598,set_max_buf_size,File,,Public API,Configuration / setter,False,False,False,Set the maximum buffer size for the underlying [`AsyncRead`] / [`AsyncWrite`] operation.
tokio,tokio::fs,tokio/src/fs/file.rs,604,max_buf_size,File,,Public API,Configuration / setter,False,False,False,Get the maximum buffer size for the underlying [`AsyncRead`] / [`AsyncWrite`] operation.
tokio,tokio::fs,tokio/src/fs/file.rs,610,poll_read,File,AsyncRead,Trait impl,I/O trait impl,False,False,False,
tokio,tokio::fs,tokio/src/fs/file.rs,682,start_seek,File,AsyncSeek,Trait impl,I/O trait impl,False,False,False,
tokio,tokio::fs,tokio/src/fs/file.rs,713,poll_complete,File,AsyncSeek,Trait impl,I/O trait impl,False,False,False,
tokio,tokio::fs,tokio/src/fs/file.rs,750,poll_write,File,AsyncWrite,Trait impl,I/O trait impl,False,False,False,
tokio,tokio::fs,tokio/src/fs/file.rs,830,poll_write_vectored,File,AsyncWrite,Trait impl,I/O trait impl,False,False,False,
tokio,tokio::fs,tokio/src/fs/file.rs,910,is_write_vectored,File,AsyncWrite,Trait impl,I/O trait impl,False,False,False,
tokio,tokio::fs,tokio/src/fs/file.rs,914,poll_flush,File,AsyncWrite,Trait impl,I/O trait impl,False,False,False,
tokio,tokio::fs,tokio/src/fs/file.rs,920,poll_shutdown,File,AsyncWrite,Trait impl,I/O trait impl,False,False,False,
tokio,tokio::fs,tokio/src/fs/file.rs,927,from,File,From<StdFile>,Trait impl,Conversion,False,False,False,
tokio,tokio::fs,tokio/src/fs/file.rs,933,fmt,File,fmt::Debug,Trait impl,Formatting,False,False,False,
tokio,tokio::fs,tokio/src/fs/file.rs,942,from,File,From<std::os::fd::OwnedFd>,Trait impl,Conversion,False,False,False,
tokio,tokio::fs,tokio/src/fs/file.rs,949,as_raw_fd,File,std::os::unix::io::AsRawFd,Trait impl,OS handle access,False,False,False,
tokio,tokio::fs,tokio/src/fs/file.rs,956,as_fd,File,std::os::unix::io::AsFd,Trait impl,OS handle access,False,False,False,
tokio,tokio::fs,tokio/src/fs/file.rs,965,from_raw_fd,File,std::os::unix::io::FromRawFd,Trait impl,Conversion,False,True,False,
tokio,tokio::fs,tokio/src/fs/file.rs,976,from,File,From<OwnedHandle>,Trait impl,Conversion,False,False,False,
tokio,tokio::fs,tokio/src/fs/file.rs,982,as_raw_handle,File,AsRawHandle,Trait impl,OS handle access,False,False,False,
tokio,tokio::fs,tokio/src/fs/file.rs,988,as_handle,File,AsHandle,Trait impl,OS handle access,False,False,False,
tokio,tokio::fs,tokio/src/fs/file.rs,998,from_raw_handle,File,FromRawHandle,Trait impl,Conversion,False,True,False,
tokio,tokio::fs,tokio/src/fs/file.rs,1007,poll_read_inner,Inner,,Private helper,Poll function,False,False,False,
tokio,tokio::fs,tokio/src/fs/file.rs,1056,uring_read,Inner,,Private helper,Async operation,True,False,False,
tokio,tokio::fs,tokio/src/fs/file.rs,1090,lazy_init_read,Inner,,Private helper,Async operation,True,False,False,
tokio,tokio::fs,tokio/src/fs/file.rs,1113,spawn_blocking_read,Inner,,Private helper,Runtime/task control,False,False,False,
tokio,tokio::fs,tokio/src/fs/file.rs,1128,complete_inflight,Inner,,Private helper,Runtime/task control,True,False,False,
tokio,tokio::fs,tokio/src/fs/file.rs,1134,poll_complete_inflight,Inner,,Private helper,Poll function,False,False,False,
tokio,tokio::fs,tokio/src/fs/file.rs,1146,poll_flush,Inner,,Private helper,Poll function,False,False,False,
tokio,tokio::fs,tokio/src/fs/hard_link.rs,39,hard_link,,,Public API,Async operation,True,False,False,Creates a new hard link on the filesystem.
tokio,tokio::fs,tokio/src/fs/metadata.rs,43,metadata,,,Public API,Async operation,True,False,False,"Given a path, queries the file system to get information about a file, directory, etc."
tokio,tokio::fs,tokio/src/fs/mocks.rs,21,create,,,Public API,Constructor,False,False,False,
tokio,tokio::fs,tokio/src/fs/mocks.rs,27,inner_flush,,,Public API,Other / internal logic,False,False,False,
tokio,tokio::fs,tokio/src/fs/mocks.rs,28,inner_read,,,Public API,Other / internal logic,False,False,False,
tokio,tokio::fs,tokio/src/fs/mocks.rs,29,inner_seek,,,Public API,Other / internal logic,False,False,False,
tokio,tokio::fs,tokio/src/fs/mocks.rs,30,inner_write,,,Public API,Other / internal logic,False,False,False,
tokio,tokio::fs,tokio/src/fs/mocks.rs,31,metadata,,,Public API,Other / internal logic,False,False,False,
tokio,tokio::fs,tokio/src/fs/mocks.rs,32,open,,,Public API,Constructor,False,False,False,
tokio,tokio::fs,tokio/src/fs/mocks.rs,33,set_len,,,Public API,Configuration / setter,False,False,False,
tokio,tokio::fs,tokio/src/fs/mocks.rs,34,set_permissions,,,Public API,Configuration / setter,False,False,False,
tokio,tokio::fs,tokio/src/fs/mocks.rs,35,set_max_buf_size,,,Public API,Configuration / setter,False,False,False,
tokio,tokio::fs,tokio/src/fs/mocks.rs,36,sync_all,,,Public API,Other / internal logic,False,False,False,
tokio,tokio::fs,tokio/src/fs/mocks.rs,37,sync_data,,,Public API,Other / internal logic,False,False,False,
tokio,tokio::fs,tokio/src/fs/mocks.rs,38,try_clone,,,Public API,Non-blocking attempt,False,False,False,
tokio,tokio::fs,tokio/src/fs/mocks.rs,42,from,File,From<std::os::windows::io::OwnedHandle>,Trait impl,Conversion,False,False,False,
tokio,tokio::fs,tokio/src/fs/mocks.rs,46,as_raw_handle,File,std::os::windows::io::AsRawHandle,Trait impl,OS handle access,False,False,False,
tokio,tokio::fs,tokio/src/fs/mocks.rs,50,from_raw_handle,File,std::os::windows::io::FromRawHandle,Trait impl,Conversion,False,True,False,
tokio,tokio::fs,tokio/src/fs/mocks.rs,54,as_raw_fd,File,std::os::unix::io::AsRawFd,Trait impl,OS handle access,False,False,False,
tokio,tokio::fs,tokio/src/fs/mocks.rs,59,from_raw_fd,File,std::os::unix::io::FromRawFd,Trait impl,Conversion,False,True,False,
tokio,tokio::fs,tokio/src/fs/mocks.rs,64,read,MockFile,Read,Trait impl,I/O operation,False,False,False,
tokio,tokio::fs,tokio/src/fs/mocks.rs,77,read,&'_ MockFile,Read,Trait impl,I/O operation,False,False,False,
tokio,tokio::fs,tokio/src/fs/mocks.rs,90,seek,&'_ MockFile,Seek,Trait impl,I/O operation,False,False,False,
tokio,tokio::fs,tokio/src/fs/mocks.rs,96,write,&'_ MockFile,Write,Trait impl,I/O operation,False,False,False,
tokio,tokio::fs,tokio/src/fs/mocks.rs,100,flush,&'_ MockFile,Write,Trait impl,I/O operation,False,False,False,
tokio,tokio::fs,tokio/src/fs/mocks.rs,108,from,OwnedFd,From<MockFile>,Trait impl,Conversion,False,False,False,
tokio,tokio::fs,tokio/src/fs/mocks.rs,116,from,MockFile,From<OwnedFd>,Trait impl,Conversion,False,False,False,
tokio,tokio::fs,tokio/src/fs/mocks.rs,131,spawn_blocking,,,Crate-internal,Runtime/task control,False,False,False,
tokio,tokio::fs,tokio/src/fs/mocks.rs,146,spawn_mandatory_blocking,,,Crate-internal,Runtime/task control,False,False,False,
tokio,tokio::fs,tokio/src/fs/mocks.rs,164,poll,JoinHandle<T>,Future,Trait impl,Future impl (poll),False,False,False,
tokio,tokio::fs,tokio/src/fs/mocks.rs,178,len,,,Crate-internal,Accessor / query,False,False,False,
tokio,tokio::fs,tokio/src/fs/mocks.rs,182,run_one,,,Crate-internal,Runtime/task control,False,False,False,
tokio,tokio::fs,tokio/src/fs/mod.rs,320,asyncify,,,Crate-internal,Async operation,True,False,False,
tokio,tokio::fs,tokio/src/fs/open_options.rs,122,new,OpenOptions,,Public API,Constructor,False,False,False,Creates a blank new set of options ready for configuration.
tokio,tokio::fs,tokio/src/fs/open_options.rs,168,read,OpenOptions,,Public API,I/O operation,False,False,False,Sets the option for read access.
tokio,tokio::fs,tokio/src/fs/open_options.rs,212,write,OpenOptions,,Public API,I/O operation,False,False,False,Sets the option for write access.
tokio,tokio::fs,tokio/src/fs/open_options.rs,285,append,OpenOptions,,Public API,Other / internal logic,False,False,False,Sets the option for the append mode.
tokio,tokio::fs,tokio/src/fs/open_options.rs,332,truncate,OpenOptions,,Public API,Other / internal logic,False,False,False,Sets the option for truncating a previous file.
tokio,tokio::fs,tokio/src/fs/open_options.rs,382,create,OpenOptions,,Public API,Constructor,False,False,False,Sets the option for creating a new file.
tokio,tokio::fs,tokio/src/fs/open_options.rs,439,create_new,OpenOptions,,Public API,Constructor,False,False,False,Sets the option to always create a new file.
tokio,tokio::fs,tokio/src/fs/open_options.rs,520,open,OpenOptions,,Public API,Constructor,True,False,False,Opens a file at `path` with the options specified by `self`.
tokio,tokio::fs,tokio/src/fs/open_options.rs,524,open_inner,OpenOptions,,Private helper,Constructor,True,False,False,
tokio,tokio::fs,tokio/src/fs/open_options.rs,552,std_open,OpenOptions,,Private helper,Async operation,True,False,False,
tokio,tokio::fs,tokio/src/fs/open_options.rs,560,as_inner_mut,OpenOptions,,Crate-internal,Conversion,False,False,False,
tokio,tokio::fs,tokio/src/fs/open_options.rs,594,mode,OpenOptions,,Public API,Other / internal logic,False,False,False,Sets the mode bits that a new file will be created with.
tokio,tokio::fs,tokio/src/fs/open_options.rs,639,custom_flags,OpenOptions,,Public API,Other / internal logic,False,False,False,Passes custom flags to the `flags` argument of `open`.
tokio,tokio::fs,tokio/src/fs/open_options.rs,685,access_mode,OpenOptions,,Public API,Other / internal logic,False,False,False,Overrides the `dwDesiredAccess` argument to the call to [`CreateFile`] with the specified value.
tokio,tokio::fs,tokio/src/fs/open_options.rs,718,share_mode,OpenOptions,,Public API,Other / internal logic,False,False,False,Overrides the `dwShareMode` argument to the call to [`CreateFile`] with the specified value.
tokio,tokio::fs,tokio/src/fs/open_options.rs,750,custom_flags,OpenOptions,,Public API,Other / internal logic,False,False,False,Sets extra flags for the `dwFileFlags` argument to the call to [`CreateFile2`] to the specified value (or combines it with `attributes` and `security_qos_flags` to set the `dwFlagsAndAttributes` for [
tokio,tokio::fs,tokio/src/fs/open_options.rs,789,attributes,OpenOptions,,Public API,Other / internal logic,False,False,False,Sets the `dwFileAttributes` argument to the call to [`CreateFile2`] to the specified value (or combines it with `custom_flags` and `security_qos_flags` to set the `dwFlagsAndAttributes` for [`CreateFi
tokio,tokio::fs,tokio/src/fs/open_options.rs,837,security_qos_flags,OpenOptions,,Public API,Other / internal logic,False,False,False,Sets the `dwSecurityQosFlags` argument to the call to [`CreateFile2`] to the specified value (or combines it with `custom_flags` and `attributes` to set the `dwFlagsAndAttributes` for [`CreateFile`]).
tokio,tokio::fs,tokio/src/fs/open_options.rs,845,from,OpenOptions,From<StdOpenOptions>,Trait impl,Conversion,False,False,False,
tokio,tokio::fs,tokio/src/fs/open_options.rs,857,default,OpenOptions,Default,Trait impl,Constructor,False,False,False,
tokio,tokio::fs,tokio/src/fs/read.rs,56,read,,,Public API,I/O operation,True,False,False,Reads the entire contents of a file into a bytes vector.
tokio,tokio::fs,tokio/src/fs/read.rs,93,read_spawn_blocking,,,Private helper,I/O operation,True,False,False,
tokio,tokio::fs,tokio/src/fs/read_dir.rs,32,read_dir,,,Public API,I/O operation,True,False,False,Returns a stream over the entries within a directory.
tokio,tokio::fs,tokio/src/fs/read_dir.rs,78,next_entry,ReadDir,,Public API,Async operation,True,False,False,Returns the next entry in the directory stream.
tokio,tokio::fs,tokio/src/fs/read_dir.rs,101,poll_next_entry,ReadDir,,Public API,Poll function,False,False,False,Polls for the next directory entry in the stream.
tokio,tokio::fs,tokio/src/fs/read_dir.rs,127,next_chunk,ReadDir,,Private helper,Other / internal logic,False,False,False,
tokio,tokio::fs,tokio/src/fs/read_dir.rs,183,ino,DirEntry,,Public API,Other / internal logic,False,False,False,Returns the underlying `d_ino` field in the contained `dirent` structure.
tokio,tokio::fs,tokio/src/fs/read_dir.rs,244,path,DirEntry,,Public API,Other / internal logic,False,False,False,Returns the full path to the file that this entry represents.
tokio,tokio::fs,tokio/src/fs/read_dir.rs,265,file_name,DirEntry,,Public API,Other / internal logic,False,False,False,Returns the bare file name of this directory entry without any other leading path component.
tokio,tokio::fs,tokio/src/fs/read_dir.rs,299,metadata,DirEntry,,Public API,Async operation,True,False,False,Returns the metadata for the file that this entry points at.
tokio,tokio::fs,tokio/src/fs/read_dir.rs,334,file_type,DirEntry,,Public API,Async operation,True,False,False,Returns the file type for the file that this entry points at.
tokio,tokio::fs,tokio/src/fs/read_dir.rs,354,as_inner,DirEntry,,Crate-internal,Conversion,False,False,False,Returns a reference to the underlying `std::fs::DirEntry`.
tokio,tokio::fs,tokio/src/fs/read_link.rs,9,read_link,,,Public API,I/O operation,True,False,False,"Reads a symbolic link, returning the file that the link points to."
tokio,tokio::fs,tokio/src/fs/read_to_string.rs,27,read_to_string,,,Public API,I/O operation,True,False,False,Creates a future which will open a file for reading and read the entire contents into a string and return said string.
tokio,tokio::fs,tokio/src/fs/read_uring.rs,19,read_uring,,,Crate-internal,I/O operation,True,False,False,
tokio,tokio::fs,tokio/src/fs/read_uring.rs,56,read_to_end_uring,,,Private helper,I/O operation,True,False,False,
tokio,tokio::fs,tokio/src/fs/read_uring.rs,100,small_probe_read,,,Private helper,Async operation,True,False,False,
tokio,tokio::fs,tokio/src/fs/read_uring.rs,129,op_read,,,Private helper,Async operation,True,False,False,
tokio,tokio::fs,tokio/src/fs/remove_dir.rs,9,remove_dir,,,Public API,Data movement,True,False,False,"Removes an existing, empty directory."
tokio,tokio::fs,tokio/src/fs/remove_dir_all.rs,11,remove_dir_all,,,Public API,Data movement,True,False,False,"Removes a directory at this path, after removing all its contents."
tokio,tokio::fs,tokio/src/fs/remove_file.rs,13,remove_file,,,Public API,Data movement,True,False,False,Removes a file from the filesystem.
tokio,tokio::fs,tokio/src/fs/rename.rs,12,rename,,,Public API,Async operation,True,False,False,"Renames a file or directory to a new name, replacing the original file if `to` already exists."
tokio,tokio::fs,tokio/src/fs/rename.rs,44,rename_blocking,,,Private helper,Async operation,True,False,False,
tokio,tokio::fs,tokio/src/fs/set_permissions.rs,12,set_permissions,,,Public API,Configuration / setter,True,False,False,Changes the permissions found on a file or a directory.
tokio,tokio::fs,tokio/src/fs/symlink.rs,11,symlink,,,Public API,Async operation,True,False,False,Creates a new symbolic link on the filesystem.
tokio,tokio::fs,tokio/src/fs/symlink_dir.rs,14,symlink_dir,,,Public API,Async operation,True,False,False,Creates a new directory symlink on the filesystem.
tokio,tokio::fs,tokio/src/fs/symlink_file.rs,14,symlink_file,,,Public API,Async operation,True,False,False,Creates a new file symbolic link on the filesystem.
tokio,tokio::fs,tokio/src/fs/symlink_metadata.rs,12,symlink_metadata,,,Public API,Async operation,True,False,False,Queries the file system metadata for a path.
tokio,tokio::fs,tokio/src/fs/try_exists.rs,25,try_exists,,,Public API,Non-blocking attempt,True,False,False,Returns `Ok(true)` if the path points at an existing entity.
tokio,tokio::fs,tokio/src/fs/try_exists.rs,74,try_exists_uring,,,Private helper,Non-blocking attempt,True,False,False,
tokio,tokio::fs,tokio/src/fs/try_exists.rs,85,try_exists_spawn_blocking,,,Private helper,Non-blocking attempt,True,False,False,
tokio,tokio::fs,tokio/src/fs/write.rs,26,write,,,Public API,I/O operation,True,False,False,Creates a future that will open a file for writing and write the entire contents of `contents` to it.
tokio,tokio::fs,tokio/src/fs/write.rs,60,write_uring,,,Private helper,I/O operation,True,False,False,
tokio,tokio::fs,tokio/src/fs/write.rs,98,write_spawn_blocking,,,Private helper,I/O operation,True,False,False,
tokio,tokio::fs::file,tokio/src/fs/file/tests.rs,13,open_read,,,Test,Constructor,False,False,False,
tokio,tokio::fs::file,tokio/src/fs/file/tests.rs,39,read_twice_before_dispatch,,,Test,I/O operation,False,False,False,
tokio,tokio::fs::file,tokio/src/fs/file/tests.rs,63,read_with_smaller_buf,,,Test,I/O operation,False,False,False,
tokio,tokio::fs::file,tokio/src/fs/file/tests.rs,99,read_with_bigger_buf,,,Test,I/O operation,False,False,False,
tokio,tokio::fs::file,tokio/src/fs/file/tests.rs,154,read_err_then_read_success,,,Test,I/O operation,False,False,False,
tokio,tokio::fs::file,tokio/src/fs/file/tests.rs,196,open_write,,,Test,Constructor,False,False,False,
tokio,tokio::fs::file,tokio/src/fs/file/tests.rs,221,flush_while_idle,,,Test,I/O operation,False,False,False,
tokio,tokio::fs::file,tokio/src/fs/file/tests.rs,232,read_with_buffer_larger_than_max,,,Test,I/O operation,False,False,False,
tokio,tokio::fs::file,tokio/src/fs/file/tests.rs,304,write_with_buffer_larger_than_max,,,Test,I/O operation,False,False,False,
tokio,tokio::fs::file,tokio/src/fs/file/tests.rs,372,write_twice_before_dispatch,,,Test,I/O operation,False,False,False,
tokio,tokio::fs::file,tokio/src/fs/file/tests.rs,412,incomplete_read_followed_by_write,,,Test,Other / internal logic,False,False,False,
tokio,tokio::fs::file,tokio/src/fs/file/tests.rs,452,incomplete_partial_read_followed_by_write,,,Test,Other / internal logic,False,False,False,
tokio,tokio::fs::file,tokio/src/fs/file/tests.rs,496,incomplete_read_followed_by_flush,,,Test,Other / internal logic,False,False,False,
tokio,tokio::fs::file,tokio/src/fs/file/tests.rs,536,incomplete_flush_followed_by_write,,,Test,Other / internal logic,False,False,False,
tokio,tokio::fs::file,tokio/src/fs/file/tests.rs,572,read_err,,,Test,I/O operation,False,False,False,
tokio,tokio::fs::file,tokio/src/fs/file/tests.rs,592,write_write_err,,,Test,I/O operation,False,False,False,
tokio,tokio::fs::file,tokio/src/fs/file/tests.rs,610,write_read_write_err,,,Test,I/O operation,False,False,False,
tokio,tokio::fs::file,tokio/src/fs/file/tests.rs,644,write_read_flush_err,,,Test,I/O operation,False,False,False,
tokio,tokio::fs::file,tokio/src/fs/file/tests.rs,678,write_seek_write_err,,,Test,I/O operation,False,False,False,
tokio,tokio::fs::file,tokio/src/fs/file/tests.rs,710,write_seek_flush_err,,,Test,I/O operation,False,False,False,
tokio,tokio::fs::file,tokio/src/fs/file/tests.rs,742,sync_all_ordered_after_write,,,Test,Other / internal logic,False,False,False,
tokio,tokio::fs::file,tokio/src/fs/file/tests.rs,773,sync_all_err_ordered_after_write,,,Test,Other / internal logic,False,False,False,
tokio,tokio::fs::file,tokio/src/fs/file/tests.rs,806,sync_data_ordered_after_write,,,Test,Other / internal logic,False,False,False,
tokio,tokio::fs::file,tokio/src/fs/file/tests.rs,837,sync_data_err_ordered_after_write,,,Test,Other / internal logic,False,False,False,
tokio,tokio::fs::file,tokio/src/fs/file/tests.rs,870,open_set_len_ok,,,Test,Constructor,False,False,False,
tokio,tokio::fs::file,tokio/src/fs/file/tests.rs,886,open_set_len_err,,,Test,Constructor,False,False,False,
tokio,tokio::fs::file,tokio/src/fs/file/tests.rs,904,partial_read_set_len_ok,,,Test,Other / internal logic,False,False,False,
tokio,tokio::fs::file,tokio/src/fs/file/tests.rs,960,busy_file_seek_error,,,Test,Other / internal logic,False,False,False,
tokio,tokio::fs::open_options,tokio/src/fs/open_options/mock_open_options.rs,15,append,,,Public API,Other / internal logic,False,False,False,
tokio,tokio::fs::open_options,tokio/src/fs/open_options/mock_open_options.rs,16,create,,,Public API,Constructor,False,False,False,
tokio,tokio::fs::open_options,tokio/src/fs/open_options/mock_open_options.rs,17,create_new,,,Public API,Constructor,False,False,False,
tokio,tokio::fs::open_options,tokio/src/fs/open_options/mock_open_options.rs,18,open,,,Public API,Constructor,False,False,False,
tokio,tokio::fs::open_options,tokio/src/fs/open_options/mock_open_options.rs,19,read,,,Public API,I/O operation,False,False,False,
tokio,tokio::fs::open_options,tokio/src/fs/open_options/mock_open_options.rs,20,truncate,,,Public API,Other / internal logic,False,False,False,
tokio,tokio::fs::open_options,tokio/src/fs/open_options/mock_open_options.rs,21,write,,,Public API,I/O operation,False,False,False,
tokio,tokio::fs::open_options,tokio/src/fs/open_options/mock_open_options.rs,24,clone,OpenOptions,Clone,Trait impl,Clone,False,False,False,
tokio,tokio::fs::open_options,tokio/src/fs/open_options/mock_open_options.rs,28,custom_flags,OpenOptions,OpenOptionsExt,Trait impl,Other / internal logic,False,False,False,
tokio,tokio::fs::open_options,tokio/src/fs/open_options/mock_open_options.rs,29,mode,OpenOptions,OpenOptionsExt,Trait impl,Other / internal logic,False,False,False,
tokio,tokio::fs::open_options,tokio/src/fs/open_options/mock_open_options.rs,33,access_mode,OpenOptions,OpenOptionsExt,Trait impl,Other / internal logic,False,False,False,
tokio,tokio::fs::open_options,tokio/src/fs/open_options/mock_open_options.rs,34,share_mode,OpenOptions,OpenOptionsExt,Trait impl,Other / internal logic,False,False,False,
tokio,tokio::fs::open_options,tokio/src/fs/open_options/mock_open_options.rs,35,custom_flags,OpenOptions,OpenOptionsExt,Trait impl,Other / internal logic,False,False,False,
tokio,tokio::fs::open_options,tokio/src/fs/open_options/mock_open_options.rs,36,attributes,OpenOptions,OpenOptionsExt,Trait impl,Other / internal logic,False,False,False,
tokio,tokio::fs::open_options,tokio/src/fs/open_options/mock_open_options.rs,37,security_qos_flags,OpenOptions,OpenOptionsExt,Trait impl,Other / internal logic,False,False,False,
tokio,tokio::fs::open_options,tokio/src/fs/open_options/uring_open_options.rs,21,new,UringOpenOptions,,Crate-internal,Constructor,False,False,False,
tokio,tokio::fs::open_options,tokio/src/fs/open_options/uring_open_options.rs,34,append,UringOpenOptions,,Crate-internal,Other / internal logic,False,False,False,
tokio,tokio::fs::open_options,tokio/src/fs/open_options/uring_open_options.rs,39,create,UringOpenOptions,,Crate-internal,Constructor,False,False,False,
tokio,tokio::fs::open_options,tokio/src/fs/open_options/uring_open_options.rs,44,create_new,UringOpenOptions,,Crate-internal,Constructor,False,False,False,
tokio,tokio::fs::open_options,tokio/src/fs/open_options/uring_open_options.rs,49,read,UringOpenOptions,,Crate-internal,I/O operation,False,False,False,
tokio,tokio::fs::open_options,tokio/src/fs/open_options/uring_open_options.rs,54,write,UringOpenOptions,,Crate-internal,I/O operation,False,False,False,
tokio,tokio::fs::open_options,tokio/src/fs/open_options/uring_open_options.rs,59,truncate,UringOpenOptions,,Crate-internal,Other / internal logic,False,False,False,
tokio,tokio::fs::open_options,tokio/src/fs/open_options/uring_open_options.rs,64,mode,UringOpenOptions,,Crate-internal,Other / internal logic,False,False,False,
tokio,tokio::fs::open_options,tokio/src/fs/open_options/uring_open_options.rs,69,custom_flags,UringOpenOptions,,Crate-internal,Other / internal logic,False,False,False,
tokio,tokio::fs::open_options,tokio/src/fs/open_options/uring_open_options.rs,75,access_mode,UringOpenOptions,,Crate-internal,Other / internal logic,False,False,False,
tokio,tokio::fs::open_options,tokio/src/fs/open_options/uring_open_options.rs,87,creation_mode,UringOpenOptions,,Crate-internal,Other / internal logic,False,False,False,
tokio,tokio::fs::open_options,tokio/src/fs/open_options/uring_open_options.rs,113,from,StdOpenOptions,From<UringOpenOptions>,Trait impl,Conversion,False,False,False,
tokio,tokio::future,tokio/src/future/block_on.rs,5,block_on,,,Crate-internal,Runtime/task control,False,False,False,
tokio,tokio::future,tokio/src/future/block_on.rs,18,block_on,,,Crate-internal,Runtime/task control,False,False,False,
tokio,tokio::future,tokio/src/future/maybe_done.rs,26,maybe_done,,,Public API,Other / internal logic,False,False,False,Wraps a future into a `MaybeDone`.
tokio,tokio::future,tokio/src/future/maybe_done.rs,37,output_mut,MaybeDone<Fut>,,Public API,Other / internal logic,False,False,False,Returns an [`Option`] containing a mutable reference to the output of the future.
tokio,tokio::future,tokio/src/future/maybe_done.rs,47,take_output,MaybeDone<Fut>,,Public API,Data movement,False,False,False,Attempts to take the output of a `MaybeDone` without driving it towards completion.
tokio,tokio::future,tokio/src/future/maybe_done.rs,63,poll,MaybeDone<Fut>,Future,Trait impl,Future impl (poll),False,False,False,
tokio,tokio::future,tokio/src/future/maybe_done.rs,93,poll,ThingAdder<'_>,Future,Test,Future impl (poll),False,False,False,
tokio,tokio::future,tokio/src/future/maybe_done.rs,102,maybe_done_miri,,,Test,Other / internal logic,False,False,False,
tokio,tokio::future,tokio/src/future/maybe_done.rs,121,wake,DummyWaker,Wake,Test,Waker,False,False,False,
tokio,tokio::future,tokio/src/future/trace.rs,4,id,trait InstrumentedFuture,,Trait method (declaration/default),Accessor / query,False,False,False,
tokio,tokio::future,tokio/src/future/trace.rs,8,id,tracing::instrument::Instrumented<F>,InstrumentedFuture,Trait impl,Accessor / query,False,False,False,
tokio,tokio::future,tokio/src/future/try_join.rs,8,try_join3,,,Crate-internal,Non-blocking attempt,False,False,False,
tokio,tokio::future,tokio/src/future/try_join.rs,49,poll,"TryJoin3<F1, F2, F3>",Future,Trait impl,Future impl (poll),False,False,False,
tokio,tokio::io,tokio/src/io/async_buf_read.rs,45,poll_fill_buf,trait AsyncBufRead,,Trait method (declaration/default),Poll function,False,False,False,"Attempts to return the contents of the internal buffer, filling it with more data from the inner reader if it is empty."
tokio,tokio::io,tokio/src/io/async_buf_read.rs,62,consume,trait AsyncBufRead,,Trait method (declaration/default),I/O operation,False,False,False,"Tells this buffer that `amt` bytes have been consumed from the buffer, so they should no longer be returned in calls to [`poll_read`]."
tokio,tokio::io,tokio/src/io/async_buf_read.rs,67,poll_fill_buf,,,Inside macro_rules!,Poll function,False,False,False,
tokio,tokio::io,tokio/src/io/async_buf_read.rs,71,consume,,,Inside macro_rules!,I/O operation,False,False,False,
tokio,tokio::io,tokio/src/io/async_buf_read.rs,90,poll_fill_buf,Pin<P>,AsyncBufRead,Trait impl,I/O trait impl,False,False,False,
tokio,tokio::io,tokio/src/io/async_buf_read.rs,94,consume,Pin<P>,AsyncBufRead,Trait impl,I/O trait impl,False,False,False,
tokio,tokio::io,tokio/src/io/async_buf_read.rs,101,poll_fill_buf,&[u8],AsyncBufRead,Trait impl,I/O trait impl,False,False,False,
tokio,tokio::io,tokio/src/io/async_buf_read.rs,106,consume,&[u8],AsyncBufRead,Trait impl,I/O trait impl,False,False,False,
tokio,tokio::io,tokio/src/io/async_buf_read.rs,113,poll_fill_buf,io::Cursor<T>,AsyncBufRead,Trait impl,I/O trait impl,False,False,False,
tokio,tokio::io,tokio/src/io/async_buf_read.rs,118,consume,io::Cursor<T>,AsyncBufRead,Trait impl,I/O trait impl,False,False,False,
tokio,tokio::io,tokio/src/io/async_fd.rs,226,new,AsyncFd<T>,,Public API,Constructor,False,False,False,Creates an [`AsyncFd`] backed by (and taking ownership of) an object implementing [`AsRawFd`].
tokio,tokio::io,tokio/src/io/async_fd.rs,243,with_interest,AsyncFd<T>,,Public API,Constructor,False,False,False,"Creates an [`AsyncFd`] backed by (and taking ownership of) an object implementing [`AsRawFd`], with a specific [`Interest`]."
tokio,tokio::io,tokio/src/io/async_fd.rs,251,new_with_handle_and_interest,AsyncFd<T>,,Crate-internal,Constructor,False,False,False,
tokio,tokio::io,tokio/src/io/async_fd.rs,277,try_new,AsyncFd<T>,,Public API,Non-blocking attempt,False,False,False,Creates an [`AsyncFd`] backed by (and taking ownership of) an object implementing [`AsRawFd`].
tokio,tokio::io,tokio/src/io/async_fd.rs,297,try_with_interest,AsyncFd<T>,,Public API,Non-blocking attempt,False,False,False,"Creates an [`AsyncFd`] backed by (and taking ownership of) an object implementing [`AsRawFd`], with a specific [`Interest`]."
tokio,tokio::io,tokio/src/io/async_fd.rs,305,try_new_with_handle_and_interest,AsyncFd<T>,,Crate-internal,Non-blocking attempt,False,False,False,
tokio,tokio::io,tokio/src/io/async_fd.rs,323,get_ref,AsyncFd<T>,,Public API,Accessor / query,False,False,False,Returns a shared reference to the backing object of this [`AsyncFd`].
tokio,tokio::io,tokio/src/io/async_fd.rs,329,get_mut,AsyncFd<T>,,Public API,Accessor / query,False,False,False,Returns a mutable reference to the backing object of this [`AsyncFd`].
tokio,tokio::io,tokio/src/io/async_fd.rs,333,take_inner,AsyncFd<T>,,Private helper,Data movement,False,False,False,
tokio,tokio::io,tokio/src/io/async_fd.rs,344,into_inner,AsyncFd<T>,,Public API,Conversion,False,False,False,Deregisters this file descriptor and returns ownership of the backing object.
tokio,tokio::io,tokio/src/io/async_fd.rs,375,poll_read_ready,AsyncFd<T>,,Public API,Poll function,False,False,False,Polls for read readiness.
tokio,tokio::io,tokio/src/io/async_fd.rs,412,poll_read_ready_mut,AsyncFd<T>,,Public API,Poll function,False,False,False,Polls for read readiness.
tokio,tokio::io,tokio/src/io/async_fd.rs,451,poll_write_ready,AsyncFd<T>,,Public API,Poll function,False,False,False,Polls for write readiness.
tokio,tokio::io,tokio/src/io/async_fd.rs,488,poll_write_ready_mut,AsyncFd<T>,,Public API,Poll function,False,False,False,Polls for write readiness.
tokio,tokio::io,tokio/src/io/async_fd.rs,589,ready,AsyncFd<T>,,Public API,I/O operation,True,False,False,"Waits for any of the requested ready states, returning a [`AsyncFdReadyGuard`] that must be dropped to resume polling for the requested ready states."
tokio,tokio::io,tokio/src/io/async_fd.rs,685,ready_mut,AsyncFd<T>,,Public API,I/O operation,True,False,False,"Waits for any of the requested ready states, returning a [`AsyncFdReadyMutGuard`] that must be dropped to resume polling for the requested ready states."
tokio,tokio::io,tokio/src/io/async_fd.rs,713,readable,AsyncFd<T>,,Public API,I/O operation,True,False,False,"Waits for the file descriptor to become readable, returning a [`AsyncFdReadyGuard`] that must be dropped to resume read-readiness polling."
tokio,tokio::io,tokio/src/io/async_fd.rs,731,readable_mut,AsyncFd<T>,,Public API,I/O operation,True,False,False,"Waits for the file descriptor to become readable, returning a [`AsyncFdReadyMutGuard`] that must be dropped to resume read-readiness polling."
tokio,tokio::io,tokio/src/io/async_fd.rs,751,writable,AsyncFd<T>,,Public API,Async operation,True,False,False,"Waits for the file descriptor to become writable, returning a [`AsyncFdReadyGuard`] that must be dropped to resume write-readiness polling."
tokio,tokio::io,tokio/src/io/async_fd.rs,769,writable_mut,AsyncFd<T>,,Public API,Async operation,True,False,False,"Waits for the file descriptor to become writable, returning a [`AsyncFdReadyMutGuard`] that must be dropped to resume write-readiness polling."
tokio,tokio::io,tokio/src/io/async_fd.rs,850,async_io,AsyncFd<T>,,Public API,Async operation,True,False,False,Reads or writes from the file descriptor using a user-provided IO operation.
tokio,tokio::io,tokio/src/io/async_fd.rs,866,async_io_mut,AsyncFd<T>,,Public API,Async operation,True,False,False,Reads or writes from the file descriptor using a user-provided IO operation.
tokio,tokio::io,tokio/src/io/async_fd.rs,902,try_io,AsyncFd<T>,,Public API,Non-blocking attempt,False,False,False,Tries to read or write from the file descriptor using a user-provided IO operation.
tokio,tokio::io,tokio/src/io/async_fd.rs,917,try_io_mut,AsyncFd<T>,,Public API,Non-blocking attempt,False,False,False,Tries to read or write from the file descriptor using a user-provided IO operation.
tokio,tokio::io,tokio/src/io/async_fd.rs,928,as_raw_fd,AsyncFd<T>,AsRawFd,Trait impl,OS handle access,False,False,False,
tokio,tokio::io,tokio/src/io/async_fd.rs,934,as_fd,AsyncFd<T>,std::os::unix::io::AsFd,Trait impl,OS handle access,False,False,False,
tokio,tokio::io,tokio/src/io/async_fd.rs,940,fmt,AsyncFd<T>,std::fmt::Debug,Trait impl,Formatting,False,False,False,
tokio,tokio::io,tokio/src/io/async_fd.rs,948,drop,AsyncFd<T>,Drop,Trait impl,Drop / cleanup,False,False,False,
tokio,tokio::io,tokio/src/io/async_fd.rs,969,clear_ready,"AsyncFdReadyGuard<'a, Inner>",,Public API,Other / internal logic,False,False,False,Indicates to tokio that the file descriptor is no longer ready.
tokio,tokio::io,tokio/src/io/async_fd.rs,1058,clear_ready_matching,"AsyncFdReadyGuard<'a, Inner>",,Public API,Other / internal logic,False,False,False,Indicates to tokio that the file descriptor no longer has a specific readiness.
tokio,tokio::io,tokio/src/io/async_fd.rs,1078,retain_ready,"AsyncFdReadyGuard<'a, Inner>",,Public API,Other / internal logic,False,False,False,This method should be invoked when you intentionally want to keep the ready flag asserted.
tokio,tokio::io,tokio/src/io/async_fd.rs,1089,ready,"AsyncFdReadyGuard<'a, Inner>",,Public API,I/O operation,False,False,False,Get the [`Ready`] value associated with this guard.
tokio,tokio::io,tokio/src/io/async_fd.rs,1151,try_io,"AsyncFdReadyGuard<'a, Inner>",,Public API,Non-blocking attempt,False,False,False,
tokio,tokio::io,tokio/src/io/async_fd.rs,1167,get_ref,"AsyncFdReadyGuard<'a, Inner>",,Public API,Accessor / query,False,False,False,Returns a shared reference to the inner [`AsyncFd`].
tokio,tokio::io,tokio/src/io/async_fd.rs,1172,get_inner,"AsyncFdReadyGuard<'a, Inner>",,Public API,Accessor / query,False,False,False,Returns a shared reference to the backing object of the inner [`AsyncFd`].
tokio,tokio::io,tokio/src/io/async_fd.rs,1193,clear_ready,"AsyncFdReadyMutGuard<'a, Inner>",,Public API,Other / internal logic,False,False,False,Indicates to tokio that the file descriptor is no longer ready.
tokio,tokio::io,tokio/src/io/async_fd.rs,1282,clear_ready_matching,"AsyncFdReadyMutGuard<'a, Inner>",,Public API,Other / internal logic,False,False,False,Indicates to tokio that the file descriptor no longer has a specific readiness.
tokio,tokio::io,tokio/src/io/async_fd.rs,1302,retain_ready,"AsyncFdReadyMutGuard<'a, Inner>",,Public API,Other / internal logic,False,False,False,This method should be invoked when you intentionally want to keep the ready flag asserted.
tokio,tokio::io,tokio/src/io/async_fd.rs,1313,ready,"AsyncFdReadyMutGuard<'a, Inner>",,Public API,I/O operation,False,False,False,Get the [`Ready`] value associated with this guard.
tokio,tokio::io,tokio/src/io/async_fd.rs,1336,try_io,"AsyncFdReadyMutGuard<'a, Inner>",,Public API,Non-blocking attempt,False,False,False,Performs the provided IO operation.
tokio,tokio::io,tokio/src/io/async_fd.rs,1352,get_ref,"AsyncFdReadyMutGuard<'a, Inner>",,Public API,Accessor / query,False,False,False,Returns a shared reference to the inner [`AsyncFd`].
tokio,tokio::io,tokio/src/io/async_fd.rs,1357,get_mut,"AsyncFdReadyMutGuard<'a, Inner>",,Public API,Accessor / query,False,False,False,Returns a mutable reference to the inner [`AsyncFd`].
tokio,tokio::io,tokio/src/io/async_fd.rs,1362,get_inner,"AsyncFdReadyMutGuard<'a, Inner>",,Public API,Accessor / query,False,False,False,Returns a shared reference to the backing object of the inner [`AsyncFd`].
tokio,tokio::io,tokio/src/io/async_fd.rs,1367,get_inner_mut,"AsyncFdReadyMutGuard<'a, Inner>",,Public API,Accessor / query,False,False,False,Returns a mutable reference to the backing object of the inner [`AsyncFd`].
tokio,tokio::io,tokio/src/io/async_fd.rs,1373,fmt,"AsyncFdReadyGuard<'a, T>",std::fmt::Debug,Trait impl,Formatting,False,False,False,
tokio,tokio::io,tokio/src/io/async_fd.rs,1381,fmt,"AsyncFdReadyMutGuard<'a, T>",std::fmt::Debug,Trait impl,Formatting,False,False,False,
tokio,tokio::io,tokio/src/io/async_fd.rs,1412,into_parts,AsyncFdTryNewError<T>,,Public API,Conversion,False,False,False,Returns the original object passed to [`try_new`] or [`try_with_interest`] alongside the error that caused these functions to fail.
tokio,tokio::io,tokio/src/io/async_fd.rs,1418,fmt,AsyncFdTryNewError<T>,fmt::Display,Trait impl,Formatting,False,False,False,
tokio,tokio::io,tokio/src/io/async_fd.rs,1424,fmt,AsyncFdTryNewError<T>,fmt::Debug,Trait impl,Formatting,False,False,False,
tokio,tokio::io,tokio/src/io/async_fd.rs,1430,source,AsyncFdTryNewError<T>,Error,Trait impl,Error type,False,False,False,
tokio,tokio::io,tokio/src/io/async_fd.rs,1436,from,io::Error,From<AsyncFdTryNewError<T>>,Trait impl,Conversion,False,False,False,
tokio,tokio::io,tokio/src/io/async_read.rs,55,poll_read,trait AsyncRead,,Trait method (declaration/default),Poll function,False,False,False,Attempts to read from the `AsyncRead` into `buf`.
tokio,tokio::io,tokio/src/io/async_read.rs,64,poll_read,,,Inside macro_rules!,Poll function,False,False,False,
tokio,tokio::io,tokio/src/io/async_read.rs,87,poll_read,Pin<P>,AsyncRead,Trait impl,I/O trait impl,False,False,False,
tokio,tokio::io,tokio/src/io/async_read.rs,98,poll_read,&[u8],AsyncRead,Trait impl,I/O trait impl,False,False,False,
tokio,tokio::io,tokio/src/io/async_read.rs,113,poll_read,io::Cursor<T>,AsyncRead,Trait impl,I/O trait impl,False,False,False,
tokio,tokio::io,tokio/src/io/async_seek.rs,33,start_seek,trait AsyncSeek,,Trait method (declaration/default),Runtime/task control,False,False,False,"Attempts to seek to an offset, in bytes, in a stream."
tokio,tokio::io,tokio/src/io/async_seek.rs,52,poll_complete,trait AsyncSeek,,Trait method (declaration/default),Poll function,False,False,False,Waits for a seek operation to complete.
tokio,tokio::io,tokio/src/io/async_seek.rs,57,start_seek,,,Inside macro_rules!,Runtime/task control,False,False,False,
tokio,tokio::io,tokio/src/io/async_seek.rs,61,poll_complete,,,Inside macro_rules!,Poll function,False,False,False,
tokio,tokio::io,tokio/src/io/async_seek.rs,80,start_seek,Pin<P>,AsyncSeek,Trait impl,I/O trait impl,False,False,False,
tokio,tokio::io,tokio/src/io/async_seek.rs,84,poll_complete,Pin<P>,AsyncSeek,Trait impl,I/O trait impl,False,False,False,
tokio,tokio::io,tokio/src/io/async_seek.rs,91,start_seek,io::Cursor<T>,AsyncSeek,Trait impl,I/O trait impl,False,False,False,
tokio,tokio::io,tokio/src/io/async_seek.rs,95,poll_complete,io::Cursor<T>,AsyncSeek,Trait impl,I/O trait impl,False,False,False,
tokio,tokio::io,tokio/src/io/async_write.rs,52,poll_write,trait AsyncWrite,,Trait method (declaration/default),Poll function,False,False,False,Attempt to write bytes from `buf` into the object.
tokio,tokio::io,tokio/src/io/async_write.rs,67,poll_flush,trait AsyncWrite,,Trait method (declaration/default),Poll function,False,False,False,"Attempts to flush the object, ensuring that any buffered data reach their destination."
tokio,tokio::io,tokio/src/io/async_write.rs,127,poll_shutdown,trait AsyncWrite,,Trait method (declaration/default),Poll function,False,False,False,"Initiates or attempts to shut down this writer, returning success when the I/O connection has completely shut down."
tokio,tokio::io,tokio/src/io/async_write.rs,152,poll_write_vectored,trait AsyncWrite,,Trait method (declaration/default),Poll function,False,False,False,"Like [`poll_write`], except that it writes from a slice of buffers."
tokio,tokio::io,tokio/src/io/async_write.rs,174,is_write_vectored,trait AsyncWrite,,Trait method (declaration/default),Accessor / query,False,False,False,Determines if this writer has an efficient [`poll_write_vectored`] implementation.
tokio,tokio::io,tokio/src/io/async_write.rs,181,poll_write,,,Inside macro_rules!,Poll function,False,False,False,
tokio,tokio::io,tokio/src/io/async_write.rs,189,poll_write_vectored,,,Inside macro_rules!,Poll function,False,False,False,
tokio,tokio::io,tokio/src/io/async_write.rs,197,is_write_vectored,,,Inside macro_rules!,Accessor / query,False,False,False,
tokio,tokio::io,tokio/src/io/async_write.rs,201,poll_flush,,,Inside macro_rules!,Poll function,False,False,False,
tokio,tokio::io,tokio/src/io/async_write.rs,205,poll_shutdown,,,Inside macro_rules!,Poll function,False,False,False,
tokio,tokio::io,tokio/src/io/async_write.rs,224,poll_write,Pin<P>,AsyncWrite,Trait impl,I/O trait impl,False,False,False,
tokio,tokio::io,tokio/src/io/async_write.rs,232,poll_write_vectored,Pin<P>,AsyncWrite,Trait impl,I/O trait impl,False,False,False,
tokio,tokio::io,tokio/src/io/async_write.rs,240,is_write_vectored,Pin<P>,AsyncWrite,Trait impl,I/O trait impl,False,False,False,
tokio,tokio::io,tokio/src/io/async_write.rs,244,poll_flush,Pin<P>,AsyncWrite,Trait impl,I/O trait impl,False,False,False,
tokio,tokio::io,tokio/src/io/async_write.rs,248,poll_shutdown,Pin<P>,AsyncWrite,Trait impl,I/O trait impl,False,False,False,
tokio,tokio::io,tokio/src/io/async_write.rs,255,poll_write,Vec<u8>,AsyncWrite,Trait impl,I/O trait impl,False,False,False,
tokio,tokio::io,tokio/src/io/async_write.rs,265,poll_write_vectored,Vec<u8>,AsyncWrite,Trait impl,I/O trait impl,False,False,False,
tokio,tokio::io,tokio/src/io/async_write.rs,274,is_write_vectored,Vec<u8>,AsyncWrite,Trait impl,I/O trait impl,False,False,False,
tokio,tokio::io,tokio/src/io/async_write.rs,279,poll_flush,Vec<u8>,AsyncWrite,Trait impl,I/O trait impl,False,False,False,
tokio,tokio::io,tokio/src/io/async_write.rs,284,poll_shutdown,Vec<u8>,AsyncWrite,Trait impl,I/O trait impl,False,False,False,
tokio,tokio::io,tokio/src/io/async_write.rs,291,poll_write,io::Cursor<&mut [u8]>,AsyncWrite,Trait impl,I/O trait impl,False,False,False,
tokio,tokio::io,tokio/src/io/async_write.rs,300,poll_write_vectored,io::Cursor<&mut [u8]>,AsyncWrite,Trait impl,I/O trait impl,False,False,False,
tokio,tokio::io,tokio/src/io/async_write.rs,309,is_write_vectored,io::Cursor<&mut [u8]>,AsyncWrite,Trait impl,I/O trait impl,False,False,False,
tokio,tokio::io,tokio/src/io/async_write.rs,314,poll_flush,io::Cursor<&mut [u8]>,AsyncWrite,Trait impl,I/O trait impl,False,False,False,
tokio,tokio::io,tokio/src/io/async_write.rs,319,poll_shutdown,io::Cursor<&mut [u8]>,AsyncWrite,Trait impl,I/O trait impl,False,False,False,
tokio,tokio::io,tokio/src/io/async_write.rs,326,poll_write,io::Cursor<&mut Vec<u8>>,AsyncWrite,Trait impl,I/O trait impl,False,False,False,
tokio,tokio::io,tokio/src/io/async_write.rs,335,poll_write_vectored,io::Cursor<&mut Vec<u8>>,AsyncWrite,Trait impl,I/O trait impl,False,False,False,
tokio,tokio::io,tokio/src/io/async_write.rs,344,is_write_vectored,io::Cursor<&mut Vec<u8>>,AsyncWrite,Trait impl,I/O trait impl,False,False,False,
tokio,tokio::io,tokio/src/io/async_write.rs,349,poll_flush,io::Cursor<&mut Vec<u8>>,AsyncWrite,Trait impl,I/O trait impl,False,False,False,
tokio,tokio::io,tokio/src/io/async_write.rs,354,poll_shutdown,io::Cursor<&mut Vec<u8>>,AsyncWrite,Trait impl,I/O trait impl,False,False,False,
tokio,tokio::io,tokio/src/io/async_write.rs,361,poll_write,io::Cursor<Vec<u8>>,AsyncWrite,Trait impl,I/O trait impl,False,False,False,
tokio,tokio::io,tokio/src/io/async_write.rs,370,poll_write_vectored,io::Cursor<Vec<u8>>,AsyncWrite,Trait impl,I/O trait impl,False,False,False,
tokio,tokio::io,tokio/src/io/async_write.rs,379,is_write_vectored,io::Cursor<Vec<u8>>,AsyncWrite,Trait impl,I/O trait impl,False,False,False,
tokio,tokio::io,tokio/src/io/async_write.rs,384,poll_flush,io::Cursor<Vec<u8>>,AsyncWrite,Trait impl,I/O trait impl,False,False,False,
tokio,tokio::io,tokio/src/io/async_write.rs,389,poll_shutdown,io::Cursor<Vec<u8>>,AsyncWrite,Trait impl,I/O trait impl,False,False,False,
tokio,tokio::io,tokio/src/io/async_write.rs,396,poll_write,io::Cursor<Box<[u8]>>,AsyncWrite,Trait impl,I/O trait impl,False,False,False,
tokio,tokio::io,tokio/src/io/async_write.rs,405,poll_write_vectored,io::Cursor<Box<[u8]>>,AsyncWrite,Trait impl,I/O trait impl,False,False,False,
tokio,tokio::io,tokio/src/io/async_write.rs,414,is_write_vectored,io::Cursor<Box<[u8]>>,AsyncWrite,Trait impl,I/O trait impl,False,False,False,
tokio,tokio::io,tokio/src/io/async_write.rs,419,poll_flush,io::Cursor<Box<[u8]>>,AsyncWrite,Trait impl,I/O trait impl,False,False,False,
tokio,tokio::io,tokio/src/io/async_write.rs,424,poll_shutdown,io::Cursor<Box<[u8]>>,AsyncWrite,Trait impl,I/O trait impl,False,False,False,
tokio,tokio::io,tokio/src/io/blocking.rs,48,new,Blocking<T>,,Crate-internal,Constructor,False,True,False,# Safety The `Read` implementation of `inner` must never read from the buffer it is borrowing and must correctly report the length of the data written into the buffer.
tokio,tokio::io,tokio/src/io/blocking.rs,65,new_mandatory,Blocking<T>,,Crate-internal,Constructor,False,True,False,"Like `new`, but operations are spawned with `spawn_mandatory_blocking`, so an operation that was started before the runtime began shutting down still runs."
tokio,tokio::io,tokio/src/io/blocking.rs,80,spawn,,,Private helper,Runtime/task control,False,False,False,Runs `f` on the blocking pool.
tokio,tokio::io,tokio/src/io/blocking.rs,96,poll_read,Blocking<T>,AsyncRead,Trait impl,I/O trait impl,False,False,False,
tokio,tokio::io,tokio/src/io/blocking.rs,156,poll_write,Blocking<T>,AsyncWrite,Trait impl,I/O trait impl,False,False,False,
tokio,tokio::io,tokio/src/io/blocking.rs,200,poll_flush,Blocking<T>,AsyncWrite,Trait impl,I/O trait impl,False,False,False,
tokio,tokio::io,tokio/src/io/blocking.rs,239,poll_shutdown,Blocking<T>,AsyncWrite,Trait impl,I/O trait impl,False,False,False,
tokio,tokio::io,tokio/src/io/blocking.rs,257,with_capacity,Buf,,Crate-internal,Constructor,False,False,False,
tokio,tokio::io,tokio/src/io/blocking.rs,264,is_empty,Buf,,Crate-internal,Accessor / query,False,False,False,
tokio,tokio::io,tokio/src/io/blocking.rs,268,len,Buf,,Crate-internal,Accessor / query,False,False,False,
tokio,tokio::io,tokio/src/io/blocking.rs,272,copy_to,Buf,,Crate-internal,I/O operation,False,False,False,
tokio,tokio::io,tokio/src/io/blocking.rs,285,copy_from,Buf,,Crate-internal,I/O operation,False,False,False,
tokio,tokio::io,tokio/src/io/blocking.rs,294,bytes,Buf,,Crate-internal,Other / internal logic,False,False,False,
tokio,tokio::io,tokio/src/io/blocking.rs,302,read_from,Buf,,Crate-internal,I/O operation,False,True,False,# Safety `rd` must not read from the buffer `read` is borrowing and must correctly report the length of the data written into the buffer.
tokio,tokio::io,tokio/src/io/blocking.rs,331,write_to,Buf,,Crate-internal,I/O operation,False,False,False,
tokio,tokio::io,tokio/src/io/blocking.rs,347,prepare_uring_read,Buf,,Crate-internal,Other / internal logic,False,False,False,Prepare the internal buffer for an io-uring read operation.
tokio,tokio::io,tokio/src/io/blocking.rs,362,complete_uring_read,Buf,,Crate-internal,Runtime/task control,False,True,False,Complete an io-uring read operation.
tokio,tokio::io,tokio/src/io/blocking.rs,376,discard_read,Buf,,Crate-internal,Other / internal logic,False,False,False,
tokio,tokio::io,tokio/src/io/blocking.rs,383,copy_from_bufs,Buf,,Crate-internal,I/O operation,False,False,False,
tokio,tokio::io,tokio/src/io/blocking.rs,402,gone,,,Private helper,Other / internal logic,False,False,False,
tokio,tokio::io,tokio/src/io/interest.rs,86,is_readable,Interest,,Public API,Accessor / query,False,False,True,Returns true if the value includes readable interest.
tokio,tokio::io,tokio/src/io/interest.rs,103,is_writable,Interest,,Public API,Accessor / query,False,False,True,Returns true if the value includes writable interest.
tokio,tokio::io,tokio/src/io/interest.rs,120,is_error,Interest,,Public API,Accessor / query,False,False,True,Returns true if the value includes error interest.
tokio,tokio::io,tokio/src/io/interest.rs,125,is_aio,Interest,,Private helper,Accessor / query,False,False,True,
tokio,tokio::io,tokio/src/io/interest.rs,130,is_lio,Interest,,Private helper,Accessor / query,False,False,True,
tokio,tokio::io,tokio/src/io/interest.rs,149,is_priority,Interest,,Public API,Accessor / query,False,False,True,Returns true if the value includes priority interest.
tokio,tokio::io,tokio/src/io/interest.rs,167,add,Interest,,Public API,Other / internal logic,False,False,True,Add together two `Interest` values.
tokio,tokio::io,tokio/src/io/interest.rs,195,remove,Interest,,Public API,Data movement,False,False,False,Remove `Interest` from `self`.
tokio,tokio::io,tokio/src/io/interest.rs,206,to_mio,Interest,,Crate-internal,Conversion,False,False,False,
tokio,tokio::io,tokio/src/io/interest.rs,207,mio_add,,,Private helper,Other / internal logic,False,False,False,
tokio,tokio::io,tokio/src/io/interest.rs,258,mask,Interest,,Crate-internal,Other / internal logic,False,False,False,
tokio,tokio::io,tokio/src/io/interest.rs,274,bitor,Interest,ops::BitOr,Trait impl,Other / internal logic,False,False,False,
tokio,tokio::io,tokio/src/io/interest.rs,281,bitor_assign,Interest,ops::BitOrAssign,Trait impl,Other / internal logic,False,False,False,
tokio,tokio::io,tokio/src/io/interest.rs,287,fmt,Interest,fmt::Debug,Trait impl,Formatting,False,False,False,
tokio,tokio::io,tokio/src/io/join.rs,11,join,,,Public API,Other / internal logic,False,False,False,Join two values implementing `AsyncRead` and `AsyncWrite` into a single handle.
tokio,tokio::io,tokio/src/io/join.rs,38,into_inner,"Join<R, W>",,Public API,Conversion,False,False,False,Splits this `Join` back into its `AsyncRead` and `AsyncWrite` components.
tokio,tokio::io,tokio/src/io/join.rs,43,reader,"Join<R, W>",,Public API,I/O operation,False,False,False,Returns a reference to the inner reader.
tokio,tokio::io,tokio/src/io/join.rs,48,writer,"Join<R, W>",,Public API,I/O operation,False,False,False,Returns a reference to the inner writer.
tokio,tokio::io,tokio/src/io/join.rs,53,reader_mut,"Join<R, W>",,Public API,I/O operation,False,False,False,Returns a mutable reference to the inner reader.
tokio,tokio::io,tokio/src/io/join.rs,58,writer_mut,"Join<R, W>",,Public API,I/O operation,False,False,False,Returns a mutable reference to the inner writer.
tokio,tokio::io,tokio/src/io/join.rs,63,reader_pin_mut,"Join<R, W>",,Public API,I/O operation,False,False,False,Returns a pinned mutable reference to the inner reader.
tokio,tokio::io,tokio/src/io/join.rs,68,writer_pin_mut,"Join<R, W>",,Public API,I/O operation,False,False,False,Returns a pinned mutable reference to the inner writer.
tokio,tokio::io,tokio/src/io/join.rs,77,poll_read,"Join<R, W>",AsyncRead,Trait impl,I/O trait impl,False,False,False,
tokio,tokio::io,tokio/src/io/join.rs,90,poll_write,"Join<R, W>",AsyncWrite,Trait impl,I/O trait impl,False,False,False,
tokio,tokio::io,tokio/src/io/join.rs,98,poll_flush,"Join<R, W>",AsyncWrite,Trait impl,I/O trait impl,False,False,False,
tokio,tokio::io,tokio/src/io/join.rs,102,poll_shutdown,"Join<R, W>",AsyncWrite,Trait impl,I/O trait impl,False,False,False,
tokio,tokio::io,tokio/src/io/join.rs,106,poll_write_vectored,"Join<R, W>",AsyncWrite,Trait impl,I/O trait impl,False,False,False,
tokio,tokio::io,tokio/src/io/join.rs,114,is_write_vectored,"Join<R, W>",AsyncWrite,Trait impl,I/O trait impl,False,False,False,
tokio,tokio::io,tokio/src/io/join.rs,123,poll_fill_buf,"Join<R, W>",AsyncBufRead,Trait impl,I/O trait impl,False,False,False,
tokio,tokio::io,tokio/src/io/join.rs,127,consume,"Join<R, W>",AsyncBufRead,Trait impl,I/O trait impl,False,False,False,
tokio,tokio::io,tokio/src/io/poll_evented.rs,89,new,PollEvented<E>,,Crate-internal,Constructor,False,False,False,Creates a new `PollEvented` associated with the default reactor.
tokio,tokio::io,tokio/src/io/poll_evented.rs,110,new_with_interest,PollEvented<E>,,Crate-internal,Constructor,False,False,False,"Creates a new `PollEvented` associated with the default reactor, for specific `Interest` state."
tokio,tokio::io,tokio/src/io/poll_evented.rs,115,new_with_interest_and_handle,PollEvented<E>,,Crate-internal,Constructor,False,False,False,
tokio,tokio::io,tokio/src/io/poll_evented.rs,129,registration,PollEvented<E>,,Crate-internal,Other / internal logic,False,False,False,Returns a reference to the registration.
tokio,tokio::io,tokio/src/io/poll_evented.rs,135,into_inner,PollEvented<E>,,Crate-internal,Conversion,False,False,False,Deregisters the inner io from the registration and returns a Result containing the inner io.
tokio,tokio::io,tokio/src/io/poll_evented.rs,143,reregister,PollEvented<E>,,Crate-internal,Other / internal logic,False,False,False,Re-register under new runtime with `interest`.
tokio,tokio::io,tokio/src/io/poll_evented.rs,161,poll_read,PollEvented<E>,,Crate-internal,Poll function,False,True,False,
tokio,tokio::io,tokio/src/io/poll_evented.rs,229,poll_write,PollEvented<E>,,Crate-internal,Poll function,False,False,False,
tokio,tokio::io,tokio/src/io/poll_evented.rs,280,poll_write_vectored,PollEvented<E>,,Crate-internal,Poll function,False,False,False,
tokio,tokio::io,tokio/src/io/poll_evented.rs,301,deref,PollEvented<E>,Deref,Trait impl,Deref,False,False,False,
tokio,tokio::io,tokio/src/io/poll_evented.rs,307,fmt,PollEvented<E>,fmt::Debug,Trait impl,Formatting,False,False,False,
tokio,tokio::io,tokio/src/io/poll_evented.rs,313,drop,PollEvented<E>,Drop,Trait impl,Drop / cleanup,False,False,False,
tokio,tokio::io,tokio/src/io/read_buf.rs,32,new,ReadBuf<'a>,,Public API,Constructor,False,False,False,Creates a new `ReadBuf` from a fully initialized buffer.
tokio,tokio::io,tokio/src/io/read_buf.rs,48,uninit,ReadBuf<'a>,,Public API,Other / internal logic,False,False,False,Creates a new `ReadBuf` from a buffer that may be uninitialized.
tokio,tokio::io,tokio/src/io/read_buf.rs,58,capacity,ReadBuf<'a>,,Public API,Accessor / query,False,False,False,Returns the total capacity of the buffer.
tokio,tokio::io,tokio/src/io/read_buf.rs,64,filled,ReadBuf<'a>,,Public API,Other / internal logic,False,False,False,Returns a shared reference to the filled portion of the buffer.
tokio,tokio::io,tokio/src/io/read_buf.rs,73,filled_mut,ReadBuf<'a>,,Public API,Other / internal logic,False,False,False,Returns a mutable reference to the filled portion of the buffer.
tokio,tokio::io,tokio/src/io/read_buf.rs,82,take,ReadBuf<'a>,,Public API,Data movement,False,False,False,Returns a new `ReadBuf` comprised of the unfilled section up to `n`.
tokio,tokio::io,tokio/src/io/read_buf.rs,92,initialized,ReadBuf<'a>,,Public API,Other / internal logic,False,False,False,Returns a shared reference to the initialized portion of the buffer.
tokio,tokio::io,tokio/src/io/read_buf.rs,103,initialized_mut,ReadBuf<'a>,,Public API,Other / internal logic,False,False,False,Returns a mutable reference to the initialized portion of the buffer.
tokio,tokio::io,tokio/src/io/read_buf.rs,125,inner_mut,ReadBuf<'a>,,Public API,Other / internal logic,False,True,False,"Returns a mutable reference to the entire buffer, without ensuring that it has been fully initialized."
tokio,tokio::io,tokio/src/io/read_buf.rs,137,unfilled_mut,ReadBuf<'a>,,Public API,Other / internal logic,False,True,False,Returns a mutable reference to the unfilled part of the buffer without ensuring that it has been fully initialized.
tokio,tokio::io,tokio/src/io/read_buf.rs,146,initialize_unfilled,ReadBuf<'a>,,Public API,Other / internal logic,False,False,False,"Returns a mutable reference to the unfilled part of the buffer, ensuring it is fully initialized."
tokio,tokio::io,tokio/src/io/read_buf.rs,158,initialize_unfilled_to,ReadBuf<'a>,,Public API,Other / internal logic,False,False,False,"Returns a mutable reference to the first `n` bytes of the unfilled part of the buffer, ensuring it is fully initialized."
tokio,tokio::io,tokio/src/io/read_buf.rs,181,remaining,ReadBuf<'a>,,Public API,Other / internal logic,False,False,False,Returns the number of bytes at the end of the slice that have not yet been filled.
tokio,tokio::io,tokio/src/io/read_buf.rs,189,clear,ReadBuf<'a>,,Public API,Configuration / setter,False,False,False,"Clears the buffer, resetting the filled region to empty."
tokio,tokio::io,tokio/src/io/read_buf.rs,202,advance,ReadBuf<'a>,,Public API,Other / internal logic,False,False,False,Advances the size of the filled region of the buffer.
tokio,tokio::io,tokio/src/io/read_buf.rs,219,set_filled,ReadBuf<'a>,,Public API,Configuration / setter,False,False,False,Sets the size of the filled region of the buffer.
tokio,tokio::io,tokio/src/io/read_buf.rs,236,assume_init,ReadBuf<'a>,,Public API,Other / internal logic,False,True,False,Asserts that the first `n` unfilled bytes of the buffer are initialized.
tokio,tokio::io,tokio/src/io/read_buf.rs,250,put_slice,ReadBuf<'a>,,Public API,Other / internal logic,False,False,False,"Appends data to the buffer, advancing the written position and possibly also the initialized position."
tokio,tokio::io,tokio/src/io/read_buf.rs,280,remaining_mut,ReadBuf<'a>,bytes::BufMut,Trait impl,Other / internal logic,False,False,False,
tokio,tokio::io,tokio/src/io/read_buf.rs,285,advance_mut,ReadBuf<'a>,bytes::BufMut,Trait impl,Other / internal logic,False,True,False,
tokio,tokio::io,tokio/src/io/read_buf.rs,292,chunk_mut,ReadBuf<'a>,bytes::BufMut,Trait impl,Other / internal logic,False,False,False,
tokio,tokio::io,tokio/src/io/read_buf.rs,307,fmt,ReadBuf<'_>,fmt::Debug,Trait impl,Formatting,False,False,False,
tokio,tokio::io,tokio/src/io/read_buf.rs,320,slice_to_uninit_mut,,,Private helper,Other / internal logic,False,True,False,# Safety The caller must ensure that `slice` is fully initialized and never writes uninitialized bytes to the returned slice.
tokio,tokio::io,tokio/src/io/read_buf.rs,330,slice_assume_init,,,Private helper,Other / internal logic,False,True,False,
tokio,tokio::io,tokio/src/io/read_buf.rs,340,slice_assume_init_mut,,,Private helper,Other / internal logic,False,True,False,
tokio,tokio::io,tokio/src/io/ready.rs,57,from_mio,Ready,,Crate-internal,Conversion,False,False,False,
tokio,tokio::io,tokio/src/io/ready.rs,111,is_empty,Ready,,Public API,Accessor / query,False,False,False,Returns true if `Ready` is the empty set.
tokio,tokio::io,tokio/src/io/ready.rs,127,is_readable,Ready,,Public API,Accessor / query,False,False,False,Returns `true` if the value includes `readable`.
tokio,tokio::io,tokio/src/io/ready.rs,143,is_writable,Ready,,Public API,Accessor / query,False,False,False,Returns `true` if the value includes writable `readiness`.
tokio,tokio::io,tokio/src/io/ready.rs,158,is_read_closed,Ready,,Public API,Accessor / query,False,False,False,Returns `true` if the value includes read-closed `readiness`.
tokio,tokio::io,tokio/src/io/ready.rs,173,is_write_closed,Ready,,Public API,Accessor / query,False,False,False,Returns `true` if the value includes write-closed `readiness`.
tokio,tokio::io,tokio/src/io/ready.rs,190,is_priority,Ready,,Public API,Accessor / query,False,False,False,Returns `true` if the value includes priority `readiness`.
tokio,tokio::io,tokio/src/io/ready.rs,205,is_error,Ready,,Public API,Accessor / query,False,False,False,Returns `true` if the value includes error `readiness`.
tokio,tokio::io,tokio/src/io/ready.rs,214,contains,Ready,,Crate-internal,Other / internal logic,False,False,False,Returns true if `self` is a superset of `other`.
tokio,tokio::io,tokio/src/io/ready.rs,226,from_usize,Ready,,Crate-internal,Conversion,False,False,False,Creates a `Ready` instance using the given `usize` representation.
tokio,tokio::io,tokio/src/io/ready.rs,234,as_usize,Ready,,Crate-internal,Conversion,False,False,False,Returns a `usize` representation of the `Ready` value.
tokio,tokio::io,tokio/src/io/ready.rs,238,from_interest,Ready,,Crate-internal,Conversion,False,False,False,
tokio,tokio::io,tokio/src/io/ready.rs,264,intersection,Ready,,Crate-internal,Other / internal logic,False,False,False,
tokio,tokio::io,tokio/src/io/ready.rs,268,satisfies,Ready,,Crate-internal,Other / internal logic,False,False,False,
tokio,tokio::io,tokio/src/io/ready.rs,277,bitor,Ready,ops::BitOr<Ready>,Trait impl,Other / internal logic,False,False,False,
tokio,tokio::io,tokio/src/io/ready.rs,284,bitor_assign,Ready,ops::BitOrAssign<Ready>,Trait impl,Other / internal logic,False,False,False,
tokio,tokio::io,tokio/src/io/ready.rs,293,bitand,Ready,ops::BitAnd<Ready>,Trait impl,Other / internal logic,False,False,False,
tokio,tokio::io,tokio/src/io/ready.rs,302,sub,Ready,ops::Sub<Ready>,Trait impl,Other / internal logic,False,False,False,
tokio,tokio::io,tokio/src/io/ready.rs,308,fmt,Ready,fmt::Debug,Trait impl,Formatting,False,False,False,
tokio,tokio::io,tokio/src/io/seek.rs,23,seek,,,Crate-internal,I/O operation,False,False,False,
tokio,tokio::io,tokio/src/io/seek.rs,40,poll,"Seek<'_, S>",Future,Trait impl,Future impl (poll),False,False,False,
tokio,tokio::io,tokio/src/io/split.rs,32,split,,,Public API,Combinator / iteration,False,False,False,Splits a single value implementing `AsyncRead + AsyncWrite` into separate `AsyncRead` and `AsyncWrite` handles.
tokio,tokio::io,tokio/src/io/split.rs,59,with_lock,Inner<T>,,Private helper,Constructor,False,False,False,
tokio,tokio::io,tokio/src/io/split.rs,72,is_pair_of,ReadHalf<T>,,Public API,Accessor / query,False,False,False,Checks if this `ReadHalf` and some `WriteHalf` were split from the same stream.
tokio,tokio::io,tokio/src/io/split.rs,84,unsplit,ReadHalf<T>,,Public API,Other / internal logic,False,False,False,Reunites with a previously split `WriteHalf`.
tokio,tokio::io,tokio/src/io/split.rs,105,is_pair_of,WriteHalf<T>,,Public API,Accessor / query,False,False,False,Checks if this `WriteHalf` and some `ReadHalf` were split from the same stream.
tokio,tokio::io,tokio/src/io/split.rs,111,poll_read,ReadHalf<T>,AsyncRead,Trait impl,I/O trait impl,False,False,False,
tokio,tokio::io,tokio/src/io/split.rs,121,poll_write,WriteHalf<T>,AsyncWrite,Trait impl,I/O trait impl,False,False,False,
tokio,tokio::io,tokio/src/io/split.rs,129,poll_flush,WriteHalf<T>,AsyncWrite,Trait impl,I/O trait impl,False,False,False,
tokio,tokio::io,tokio/src/io/split.rs,133,poll_shutdown,WriteHalf<T>,AsyncWrite,Trait impl,I/O trait impl,False,False,False,
tokio,tokio::io,tokio/src/io/split.rs,137,poll_write_vectored,WriteHalf<T>,AsyncWrite,Trait impl,I/O trait impl,False,False,False,
tokio,tokio::io,tokio/src/io/split.rs,146,is_write_vectored,WriteHalf<T>,AsyncWrite,Trait impl,I/O trait impl,False,False,False,
tokio,tokio::io,tokio/src/io/split.rs,157,fmt,ReadHalf<T>,fmt::Debug,Trait impl,Formatting,False,False,False,
tokio,tokio::io,tokio/src/io/split.rs,163,fmt,WriteHalf<T>,fmt::Debug,Trait impl,Formatting,False,False,False,
tokio,tokio::io,tokio/src/io/stderr.rs,82,stderr,,,Public API,Other / internal logic,False,False,False,Constructs a new handle to the standard error of the current process.
tokio,tokio::io,tokio/src/io/stderr.rs,101,as_raw_fd,Stderr,AsRawFd,Trait impl,OS handle access,False,False,False,
tokio,tokio::io,tokio/src/io/stderr.rs,107,as_fd,Stderr,AsFd,Trait impl,OS handle access,False,False,False,
tokio,tokio::io,tokio/src/io/stderr.rs,117,as_raw_handle,Stderr,AsRawHandle,Trait impl,OS handle access,False,False,False,
tokio,tokio::io,tokio/src/io/stderr.rs,123,as_handle,Stderr,AsHandle,Trait impl,OS handle access,False,False,False,
tokio,tokio::io,tokio/src/io/stderr.rs,130,poll_write,Stderr,AsyncWrite,Trait impl,I/O trait impl,False,False,False,
tokio,tokio::io,tokio/src/io/stderr.rs,138,poll_flush,Stderr,AsyncWrite,Trait impl,I/O trait impl,False,False,False,
tokio,tokio::io,tokio/src/io/stderr.rs,142,poll_shutdown,Stderr,AsyncWrite,Trait impl,I/O trait impl,False,False,False,
tokio,tokio::io,tokio/src/io/stdin.rs,43,stdin,,,Public API,Other / internal logic,False,False,False,Constructs a new handle to the standard input of the current process.
tokio,tokio::io,tokio/src/io/stdin.rs,62,as_raw_fd,Stdin,AsRawFd,Trait impl,OS handle access,False,False,False,
tokio,tokio::io,tokio/src/io/stdin.rs,68,as_fd,Stdin,AsFd,Trait impl,OS handle access,False,False,False,
tokio,tokio::io,tokio/src/io/stdin.rs,78,as_raw_handle,Stdin,AsRawHandle,Trait impl,OS handle access,False,False,False,
tokio,tokio::io,tokio/src/io/stdin.rs,84,as_handle,Stdin,AsHandle,Trait impl,OS handle access,False,False,False,
tokio,tokio::io,tokio/src/io/stdin.rs,91,poll_read,Stdin,AsyncRead,Trait impl,I/O trait impl,False,False,False,
tokio,tokio::io,tokio/src/io/stdio_common.rs,17,new,SplitByUtf8BoundaryIfWindows<W>,,Crate-internal,Constructor,False,False,False,
tokio,tokio::io,tokio/src/io/stdio_common.rs,32,poll_write,SplitByUtf8BoundaryIfWindows<W>,crate::io::AsyncWrite,Trait impl,I/O trait impl,False,False,False,
tokio,tokio::io,tokio/src/io/stdio_common.rs,94,poll_flush,SplitByUtf8BoundaryIfWindows<W>,crate::io::AsyncWrite,Trait impl,I/O trait impl,False,False,False,
tokio,tokio::io,tokio/src/io/stdio_common.rs,101,poll_shutdown,SplitByUtf8BoundaryIfWindows<W>,crate::io::AsyncWrite,Trait impl,I/O trait impl,False,False,False,
tokio,tokio::io,tokio/src/io/stdio_common.rs,123,poll_write,TextMockWriter,crate::io::AsyncWrite,Test,I/O trait impl,False,False,False,
tokio,tokio::io,tokio/src/io/stdio_common.rs,133,poll_flush,TextMockWriter,crate::io::AsyncWrite,Test,I/O trait impl,False,False,False,
tokio,tokio::io,tokio/src/io/stdio_common.rs,137,poll_shutdown,TextMockWriter,crate::io::AsyncWrite,Test,I/O trait impl,False,False,False,
tokio,tokio::io,tokio/src/io/stdio_common.rs,150,new,LoggingMockWriter,,Test,Constructor,False,False,False,
tokio,tokio::io,tokio/src/io/stdio_common.rs,158,poll_write,LoggingMockWriter,crate::io::AsyncWrite,Test,I/O trait impl,False,False,False,
tokio,tokio::io,tokio/src/io/stdio_common.rs,168,poll_flush,LoggingMockWriter,crate::io::AsyncWrite,Test,I/O trait impl,False,False,False,
tokio,tokio::io,tokio/src/io/stdio_common.rs,172,poll_shutdown,LoggingMockWriter,crate::io::AsyncWrite,Test,I/O trait impl,False,False,False,
tokio,tokio::io,tokio/src/io/stdio_common.rs,182,test_splitter,,,Test,Other / internal logic,False,False,False,
tokio,tokio::io,tokio/src/io/stdio_common.rs,196,test_pseudo_text,,,Test,Other / internal logic,False,False,False,
tokio,tokio::io,tokio/src/io/stdout.rs,170,stdout,,,Public API,Other / internal logic,False,False,False,Constructs a new handle to the standard output of the current process.
tokio,tokio::io,tokio/src/io/stdout.rs,189,as_raw_fd,Stdout,AsRawFd,Trait impl,OS handle access,False,False,False,
tokio,tokio::io,tokio/src/io/stdout.rs,195,as_fd,Stdout,AsFd,Trait impl,OS handle access,False,False,False,
tokio,tokio::io,tokio/src/io/stdout.rs,205,as_raw_handle,Stdout,AsRawHandle,Trait impl,OS handle access,False,False,False,
tokio,tokio::io,tokio/src/io/stdout.rs,211,as_handle,Stdout,AsHandle,Trait impl,OS handle access,False,False,False,
tokio,tokio::io,tokio/src/io/stdout.rs,218,poll_write,Stdout,AsyncWrite,Trait impl,I/O trait impl,False,False,False,
tokio,tokio::io,tokio/src/io/stdout.rs,226,poll_flush,Stdout,AsyncWrite,Trait impl,I/O trait impl,False,False,False,
tokio,tokio::io,tokio/src/io/stdout.rs,230,poll_shutdown,Stdout,AsyncWrite,Trait impl,I/O trait impl,False,False,False,
tokio,tokio::io::bsd,tokio/src/io/bsd/poll_aio.rs,29,register,trait AioSource,,Trait method (declaration/default),I/O registration,False,False,False,Registers this AIO event source with Tokio's reactor.
tokio,tokio::io::bsd,tokio/src/io/bsd/poll_aio.rs,36,register_borrowed,trait AioSource,,Trait method (declaration/default),I/O registration,False,False,False,Registers this AIO event source with Tokio's reactor.
tokio,tokio::io::bsd,tokio/src/io/bsd/poll_aio.rs,44,deregister,trait AioSource,,Trait method (declaration/default),I/O registration,False,False,False,Deregisters this AIO event source with Tokio's reactor.
tokio,tokio::io::bsd,tokio/src/io/bsd/poll_aio.rs,52,register,MioSource<T>,Source,Trait impl,I/O registration,False,False,False,
tokio,tokio::io::bsd,tokio/src/io/bsd/poll_aio.rs,64,deregister,MioSource<T>,Source,Trait impl,I/O registration,False,False,False,
tokio,tokio::io::bsd,tokio/src/io/bsd/poll_aio.rs,69,reregister,MioSource<T>,Source,Trait impl,Other / internal logic,False,False,False,
tokio,tokio::io::bsd,tokio/src/io/bsd/poll_aio.rs,125,new_for_aio,Aio<E>,,Public API,Constructor,False,False,False,Creates a new `Aio` suitable for use with POSIX AIO functions.
tokio,tokio::io::bsd,tokio/src/io/bsd/poll_aio.rs,137,new_for_lio,Aio<E>,,Public API,Constructor,False,False,False,Creates a new `Aio` suitable for use with [`lio_listio`].
tokio,tokio::io::bsd,tokio/src/io/bsd/poll_aio.rs,141,new_with_interest,Aio<E>,,Private helper,Constructor,False,False,False,
tokio,tokio::io::bsd,tokio/src/io/bsd/poll_aio.rs,165,clear_ready,Aio<E>,,Public API,Other / internal logic,False,False,False,Indicates to Tokio that the source is no longer ready.
tokio,tokio::io::bsd,tokio/src/io/bsd/poll_aio.rs,170,into_inner,Aio<E>,,Public API,Conversion,False,False,False,Destroy the [`Aio`] and return its inner source.
tokio,tokio::io::bsd,tokio/src/io/bsd/poll_aio.rs,188,poll_ready,Aio<E>,,Public API,Poll function,False,False,False,Polls for readiness.
tokio,tokio::io::bsd,tokio/src/io/bsd/poll_aio.rs,197,deref,Aio<E>,Deref,Trait impl,Deref,False,False,False,
tokio,tokio::io::bsd,tokio/src/io/bsd/poll_aio.rs,203,deref_mut,Aio<E>,DerefMut,Trait impl,Deref,False,False,False,
tokio,tokio::io::bsd,tokio/src/io/bsd/poll_aio.rs,209,fmt,Aio<E>,fmt::Debug,Trait impl,Formatting,False,False,False,
tokio,tokio::io::uring,tokio/src/io/uring/open.rs,31,complete,Open,Completable,Trait impl,Runtime/task control,False,False,False,
tokio,tokio::io::uring,tokio/src/io/uring/open.rs,37,complete_with_error,Open,Completable,Trait impl,Runtime/task control,False,False,False,
tokio,tokio::io::uring,tokio/src/io/uring/open.rs,43,cancel,Open,Cancellable,Trait impl,Lifecycle / ref-count,False,False,False,
tokio,tokio::io::uring,tokio/src/io/uring/open.rs,50,open,Op<Open>,,Crate-internal,Constructor,False,False,False,Submit a request to open a file.
tokio,tokio::io::uring,tokio/src/io/uring/open.rs,71,open,,,Crate-internal,Constructor,True,False,False,
tokio,tokio::io::uring,tokio/src/io/uring/read.rs,14,uring_read_prepare,trait ReadBuffer,,Trait method (declaration/default),Other / internal logic,False,False,False,Prepare the buffer for a read operation.
tokio,tokio::io::uring,tokio/src/io/uring/read.rs,22,uring_read_complete,trait ReadBuffer,,Trait method (declaration/default),Other / internal logic,False,True,False,Complete a read of `n` bytes.
tokio,tokio::io::uring,tokio/src/io/uring/read.rs,26,uring_read_prepare,Vec<u8>,ReadBuffer,Trait impl,Other / internal logic,False,False,False,
tokio,tokio::io::uring,tokio/src/io/uring/read.rs,32,uring_read_complete,Vec<u8>,ReadBuffer,Trait impl,Other / internal logic,False,True,False,
tokio,tokio::io::uring,tokio/src/io/uring/read.rs,40,uring_read_prepare,Buf,ReadBuffer,Trait impl,Other / internal logic,False,False,False,
tokio,tokio::io::uring,tokio/src/io/uring/read.rs,44,uring_read_complete,Buf,ReadBuffer,Trait impl,Other / internal logic,False,True,False,
tokio,tokio::io::uring,tokio/src/io/uring/read.rs,56,fmt,"Read<B, F>",fmt::Debug,Trait impl,Formatting,False,False,False,
tokio,tokio::io::uring,tokio/src/io/uring/read.rs,66,complete,"Read<B, F>",Completable,Trait impl,Runtime/task control,False,False,False,
tokio,tokio::io::uring,tokio/src/io/uring/read.rs,75,complete_with_error,"Read<B, F>",Completable,Trait impl,Runtime/task control,False,False,False,
tokio,tokio::io::uring,tokio/src/io/uring/read.rs,81,cancel,"Read<Vec<u8>, OwnedFd>",Cancellable,Trait impl,Lifecycle / ref-count,False,False,False,
tokio,tokio::io::uring,tokio/src/io/uring/read.rs,87,cancel,"Read<Buf, ArcFd>",Cancellable,Trait impl,Lifecycle / ref-count,False,False,False,
tokio,tokio::io::uring,tokio/src/io/uring/read.rs,102,read_at,"Op<Read<B, F>>",,Crate-internal,I/O operation,False,False,False,Submit a read operation via io-uring.
tokio,tokio::io::uring,tokio/src/io/uring/rename.rs,21,complete,Rename,Completable,Trait impl,Runtime/task control,False,False,False,
tokio,tokio::io::uring,tokio/src/io/uring/rename.rs,25,complete_with_error,Rename,Completable,Trait impl,Runtime/task control,False,False,False,
tokio,tokio::io::uring,tokio/src/io/uring/rename.rs,31,cancel,Rename,Cancellable,Trait impl,Lifecycle / ref-count,False,False,False,
tokio,tokio::io::uring,tokio/src/io/uring/rename.rs,37,rename,Op<Rename>,,Crate-internal,Other / internal logic,False,False,False,
tokio,tokio::io::uring,tokio/src/io/uring/statx.rs,34,len,Metadata,,Crate-internal,Accessor / query,False,False,False,"Returns the size of the file, in bytes, this metadata is for."
tokio,tokio::io::uring,tokio/src/io/uring/statx.rs,40,fmt,Metadata,Debug,Trait impl,Formatting,False,False,False,
tokio,tokio::io::uring,tokio/src/io/uring/statx.rs,58,complete,Statx,Completable,Trait impl,Runtime/task control,False,False,False,
tokio,tokio::io::uring,tokio/src/io/uring/statx.rs,68,complete_with_error,Statx,Completable,Trait impl,Runtime/task control,False,False,False,
tokio,tokio::io::uring,tokio/src/io/uring/statx.rs,74,cancel,Statx,Cancellable,Trait impl,Lifecycle / ref-count,False,False,False,
tokio,tokio::io::uring,tokio/src/io/uring/statx.rs,82,statx,Op<Statx>,,Private helper,Other / internal logic,False,False,False,Submit a request to retrieve a file's status.
tokio,tokio::io::uring,tokio/src/io/uring/statx.rs,110,metadata,Op<Statx>,,Crate-internal,Other / internal logic,False,False,False,"Retrieves the metadata information of the given path, following symlinks if the path provided points to a symlink location."
tokio,tokio::io::uring,tokio/src/io/uring/statx.rs,115,file_metadata,Op<Statx>,,Crate-internal,Other / internal logic,False,False,False,Retrieves the metadata information of the given file
tokio,tokio::io::uring,tokio/src/io/uring/statx.rs,155,symlink_metadata,Op<Statx>,,Crate-internal,Other / internal logic,False,False,False,Retrieves the metadata information of the given path without following symlinks.
tokio,tokio::io::uring,tokio/src/io/uring/utils.rs,14,as_raw_fd,trait UringFd,,Trait method (declaration/default),Conversion,False,False,False,
tokio,tokio::io::uring,tokio/src/io/uring/utils.rs,18,as_raw_fd,OwnedFd,UringFd,Trait impl,Conversion,False,False,False,
tokio,tokio::io::uring,tokio/src/io/uring/utils.rs,24,as_raw_fd,ArcFd,UringFd,Trait impl,Conversion,False,False,False,
tokio,tokio::io::uring,tokio/src/io/uring/utils.rs,29,cstr,,,Crate-internal,Other / internal logic,False,False,False,
tokio,tokio::io::uring,tokio/src/io/uring/write.rs,16,complete,Write,Completable,Trait impl,Runtime/task control,False,False,False,
tokio,tokio::io::uring,tokio/src/io/uring/write.rs,20,complete_with_error,Write,Completable,Trait impl,Runtime/task control,False,False,False,
tokio,tokio::io::uring,tokio/src/io/uring/write.rs,26,cancel,Write,Cancellable,Trait impl,Lifecycle / ref-count,False,False,False,
tokio,tokio::io::uring,tokio/src/io/uring/write.rs,34,write_at,Op<Write>,,Crate-internal,I/O operation,False,False,False,Issue a write that starts at `buf_offset` within `buf` and writes some bytes into `file` at `file_offset`.
tokio,tokio::io::util,tokio/src/io/util/async_buf_read_ext.rs,96,read_until,trait AsyncBufReadExt,,Trait method (declaration/default),I/O operation,False,False,False,Reads all bytes into `buf` until the delimiter `byte` or EOF is reached.
tokio,tokio::io::util,tokio/src/io/util/async_buf_read_ext.rs,199,read_line,trait AsyncBufReadExt,,Trait method (declaration/default),I/O operation,False,False,False,"Reads all bytes until a newline (the 0xA byte) is reached, and append them to the provided buffer."
tokio,tokio::io::util,tokio/src/io/util/async_buf_read_ext.rs,240,split,trait AsyncBufReadExt,,Trait method (declaration/default),Combinator / iteration,False,False,False,Returns a stream of the contents of this reader split on the byte `byte`.
tokio,tokio::io::util,tokio/src/io/util/async_buf_read_ext.rs,277,fill_buf,trait AsyncBufReadExt,,Trait method (declaration/default),I/O operation,False,False,False,"Returns the contents of the internal buffer, filling it with more data from the inner reader if it is empty."
tokio,tokio::io::util,tokio/src/io/util/async_buf_read_ext.rs,299,consume,trait AsyncBufReadExt,,Trait method (declaration/default),I/O operation,False,False,False,"Tells this buffer that `amt` bytes have been consumed from the buffer, so they should no longer be returned in calls to [`read`]."
tokio,tokio::io::util,tokio/src/io/util/async_buf_read_ext.rs,348,lines,trait AsyncBufReadExt,,Trait method (declaration/default),Other / internal logic,False,False,False,Returns a stream over the lines of this reader.
tokio,tokio::io::util,tokio/src/io/util/async_read_ext.rs,98,chain,trait AsyncReadExt,,Trait method (declaration/default),Combinator / iteration,False,False,False,Creates a new `AsyncRead` instance that chains this stream with `next`.
tokio,tokio::io::util,tokio/src/io/util/async_read_ext.rs,177,read,trait AsyncReadExt,,Trait method (declaration/default),I/O operation,False,False,False,"Pulls some bytes from this source into the specified buffer, returning how many bytes were read."
tokio,tokio::io::util,tokio/src/io/util/async_read_ext.rs,258,read_buf,trait AsyncReadExt,,Trait method (declaration/default),I/O operation,False,False,False,"Pulls some bytes from this source into the specified buffer, advancing the buffer's internal cursor."
tokio,tokio::io::util,tokio/src/io/util/async_read_ext.rs,324,read_exact,trait AsyncReadExt,,Trait method (declaration/default),I/O operation,False,False,False,Reads the exact number of bytes required to fill `buf`.
tokio,tokio::io::util,tokio/src/io/util/async_read_ext.rs,374,read_u8,trait AsyncReadExt,,Trait method (declaration/default),I/O operation,False,False,False,Reads an unsigned 8 bit integer from the underlying reader.
tokio,tokio::io::util,tokio/src/io/util/async_read_ext.rs,418,read_i8,trait AsyncReadExt,,Trait method (declaration/default),I/O operation,False,False,False,Reads a signed 8 bit integer from the underlying reader.
tokio,tokio::io::util,tokio/src/io/util/async_read_ext.rs,462,read_u16,trait AsyncReadExt,,Trait method (declaration/default),I/O operation,False,False,False,Reads an unsigned 16-bit integer in big-endian order from the underlying reader.
tokio,tokio::io::util,tokio/src/io/util/async_read_ext.rs,506,read_i16,trait AsyncReadExt,,Trait method (declaration/default),I/O operation,False,False,False,Reads a signed 16-bit integer in big-endian order from the underlying reader.
tokio,tokio::io::util,tokio/src/io/util/async_read_ext.rs,549,read_u32,trait AsyncReadExt,,Trait method (declaration/default),I/O operation,False,False,False,Reads an unsigned 32-bit integer in big-endian order from the underlying reader.
tokio,tokio::io::util,tokio/src/io/util/async_read_ext.rs,593,read_i32,trait AsyncReadExt,,Trait method (declaration/default),I/O operation,False,False,False,Reads a signed 32-bit integer in big-endian order from the underlying reader.
tokio,tokio::io::util,tokio/src/io/util/async_read_ext.rs,638,read_u64,trait AsyncReadExt,,Trait method (declaration/default),I/O operation,False,False,False,Reads an unsigned 64-bit integer in big-endian order from the underlying reader.
tokio,tokio::io::util,tokio/src/io/util/async_read_ext.rs,681,read_i64,trait AsyncReadExt,,Trait method (declaration/default),I/O operation,False,False,False,Reads an signed 64-bit integer in big-endian order from the underlying reader.
tokio,tokio::io::util,tokio/src/io/util/async_read_ext.rs,727,read_u128,trait AsyncReadExt,,Trait method (declaration/default),I/O operation,False,False,False,Reads an unsigned 128-bit integer in big-endian order from the underlying reader.
tokio,tokio::io::util,tokio/src/io/util/async_read_ext.rs,773,read_i128,trait AsyncReadExt,,Trait method (declaration/default),I/O operation,False,False,False,Reads an signed 128-bit integer in big-endian order from the underlying reader.
tokio,tokio::io::util,tokio/src/io/util/async_read_ext.rs,816,read_f32,trait AsyncReadExt,,Trait method (declaration/default),I/O operation,False,False,False,Reads an 32-bit floating point type in big-endian order from the underlying reader.
tokio,tokio::io::util,tokio/src/io/util/async_read_ext.rs,861,read_f64,trait AsyncReadExt,,Trait method (declaration/default),I/O operation,False,False,False,Reads an 64-bit floating point type in big-endian order from the underlying reader.
tokio,tokio::io::util,tokio/src/io/util/async_read_ext.rs,905,read_u16_le,trait AsyncReadExt,,Trait method (declaration/default),I/O operation,False,False,False,Reads an unsigned 16-bit integer in little-endian order from the underlying reader.
tokio,tokio::io::util,tokio/src/io/util/async_read_ext.rs,949,read_i16_le,trait AsyncReadExt,,Trait method (declaration/default),I/O operation,False,False,False,Reads a signed 16-bit integer in little-endian order from the underlying reader.
tokio,tokio::io::util,tokio/src/io/util/async_read_ext.rs,992,read_u32_le,trait AsyncReadExt,,Trait method (declaration/default),I/O operation,False,False,False,Reads an unsigned 32-bit integer in little-endian order from the underlying reader.
tokio,tokio::io::util,tokio/src/io/util/async_read_ext.rs,1036,read_i32_le,trait AsyncReadExt,,Trait method (declaration/default),I/O operation,False,False,False,Reads a signed 32-bit integer in little-endian order from the underlying reader.
tokio,tokio::io::util,tokio/src/io/util/async_read_ext.rs,1081,read_u64_le,trait AsyncReadExt,,Trait method (declaration/default),I/O operation,False,False,False,Reads an unsigned 64-bit integer in little-endian order from the underlying reader.
tokio,tokio::io::util,tokio/src/io/util/async_read_ext.rs,1124,read_i64_le,trait AsyncReadExt,,Trait method (declaration/default),I/O operation,False,False,False,Reads an signed 64-bit integer in little-endian order from the underlying reader.
tokio,tokio::io::util,tokio/src/io/util/async_read_ext.rs,1170,read_u128_le,trait AsyncReadExt,,Trait method (declaration/default),I/O operation,False,False,False,Reads an unsigned 128-bit integer in little-endian order from the underlying reader.
tokio,tokio::io::util,tokio/src/io/util/async_read_ext.rs,1216,read_i128_le,trait AsyncReadExt,,Trait method (declaration/default),I/O operation,False,False,False,Reads an signed 128-bit integer in little-endian order from the underlying reader.
tokio,tokio::io::util,tokio/src/io/util/async_read_ext.rs,1259,read_f32_le,trait AsyncReadExt,,Trait method (declaration/default),I/O operation,False,False,False,Reads an 32-bit floating point type in little-endian order from the underlying reader.
tokio,tokio::io::util,tokio/src/io/util/async_read_ext.rs,1304,read_f64_le,trait AsyncReadExt,,Trait method (declaration/default),I/O operation,False,False,False,Reads an 64-bit floating point type in little-endian order from the underlying reader.
tokio,tokio::io::util,tokio/src/io/util/async_read_ext.rs,1356,read_to_end,trait AsyncReadExt,,Trait method (declaration/default),I/O operation,False,False,False,"Reads all bytes until EOF in this source, placing them into `buf`."
tokio,tokio::io::util,tokio/src/io/util/async_read_ext.rs,1406,read_to_string,trait AsyncReadExt,,Trait method (declaration/default),I/O operation,False,False,False,"Reads all bytes until EOF in this source, appending them to `buf`."
tokio,tokio::io::util,tokio/src/io/util/async_read_ext.rs,1447,take,trait AsyncReadExt,,Trait method (declaration/default),Data movement,False,False,False,Creates an adaptor which reads at most `limit` bytes from it.
tokio,tokio::io::util,tokio/src/io/util/async_seek_ext.rs,66,seek,trait AsyncSeekExt,,Trait method (declaration/default),I/O operation,False,False,False,"Creates a future which will seek an IO object, and then yield the new position in the object and the object itself."
tokio,tokio::io::util,tokio/src/io/util/async_seek_ext.rs,76,rewind,trait AsyncSeekExt,,Trait method (declaration/default),Other / internal logic,False,False,False,Creates a future which will rewind to the beginning of the stream.
tokio,tokio::io::util,tokio/src/io/util/async_seek_ext.rs,87,stream_position,trait AsyncSeekExt,,Trait method (declaration/default),Other / internal logic,False,False,False,Creates a future which will return the current seek position from the start of the stream.
tokio,tokio::io::util,tokio/src/io/util/async_write_ext.rs,130,write,trait AsyncWriteExt,,Trait method (declaration/default),I/O operation,False,False,False,"Writes a buffer into this writer, returning how many bytes were written."
tokio,tokio::io::util,tokio/src/io/util/async_write_ext.rs,182,write_vectored,trait AsyncWriteExt,,Trait method (declaration/default),I/O operation,False,False,False,"Like [`write`], except that it writes from a slice of buffers."
tokio,tokio::io::util,tokio/src/io/util/async_write_ext.rs,266,write_buf,trait AsyncWriteExt,,Trait method (declaration/default),I/O operation,False,False,False,"Writes a buffer into this writer, advancing the buffer's internal cursor."
tokio,tokio::io::util,tokio/src/io/util/async_write_ext.rs,336,write_all_buf,trait AsyncWriteExt,,Trait method (declaration/default),I/O operation,False,False,False,Attempts to write an entire buffer into this writer.
tokio,tokio::io::util,tokio/src/io/util/async_write_ext.rs,392,write_all,trait AsyncWriteExt,,Trait method (declaration/default),I/O operation,False,False,False,Attempts to write an entire buffer into this writer.
tokio,tokio::io::util,tokio/src/io/util/async_write_ext.rs,435,write_u8,trait AsyncWriteExt,,Trait method (declaration/default),I/O operation,False,False,False,Writes an unsigned 8-bit integer to the underlying writer.
tokio,tokio::io::util,tokio/src/io/util/async_write_ext.rs,472,write_i8,trait AsyncWriteExt,,Trait method (declaration/default),I/O operation,False,False,False,Writes a signed 8-bit integer to the underlying writer.
tokio,tokio::io::util,tokio/src/io/util/async_write_ext.rs,510,write_u16,trait AsyncWriteExt,,Trait method (declaration/default),I/O operation,False,False,False,Writes an unsigned 16-bit integer in big-endian order to the underlying writer.
tokio,tokio::io::util,tokio/src/io/util/async_write_ext.rs,548,write_i16,trait AsyncWriteExt,,Trait method (declaration/default),I/O operation,False,False,False,Writes a signed 16-bit integer in big-endian order to the underlying writer.
tokio,tokio::io::util,tokio/src/io/util/async_write_ext.rs,586,write_u32,trait AsyncWriteExt,,Trait method (declaration/default),I/O operation,False,False,False,Writes an unsigned 32-bit integer in big-endian order to the underlying writer.
tokio,tokio::io::util,tokio/src/io/util/async_write_ext.rs,624,write_i32,trait AsyncWriteExt,,Trait method (declaration/default),I/O operation,False,False,False,Writes a signed 32-bit integer in big-endian order to the underlying writer.
tokio,tokio::io::util,tokio/src/io/util/async_write_ext.rs,662,write_u64,trait AsyncWriteExt,,Trait method (declaration/default),I/O operation,False,False,False,Writes an unsigned 64-bit integer in big-endian order to the underlying writer.
tokio,tokio::io::util,tokio/src/io/util/async_write_ext.rs,700,write_i64,trait AsyncWriteExt,,Trait method (declaration/default),I/O operation,False,False,False,Writes an signed 64-bit integer in big-endian order to the underlying writer.
tokio,tokio::io::util,tokio/src/io/util/async_write_ext.rs,740,write_u128,trait AsyncWriteExt,,Trait method (declaration/default),I/O operation,False,False,False,Writes an unsigned 128-bit integer in big-endian order to the underlying writer.
tokio,tokio::io::util,tokio/src/io/util/async_write_ext.rs,780,write_i128,trait AsyncWriteExt,,Trait method (declaration/default),I/O operation,False,False,False,Writes an signed 128-bit integer in big-endian order to the underlying writer.
tokio,tokio::io::util,tokio/src/io/util/async_write_ext.rs,817,write_f32,trait AsyncWriteExt,,Trait method (declaration/default),I/O operation,False,False,False,Writes an 32-bit floating point type in big-endian order to the underlying writer.
tokio,tokio::io::util,tokio/src/io/util/async_write_ext.rs,856,write_f64,trait AsyncWriteExt,,Trait method (declaration/default),I/O operation,False,False,False,Writes an 64-bit floating point type in big-endian order to the underlying writer.
tokio,tokio::io::util,tokio/src/io/util/async_write_ext.rs,894,write_u16_le,trait AsyncWriteExt,,Trait method (declaration/default),I/O operation,False,False,False,Writes an unsigned 16-bit integer in little-endian order to the underlying writer.
tokio,tokio::io::util,tokio/src/io/util/async_write_ext.rs,932,write_i16_le,trait AsyncWriteExt,,Trait method (declaration/default),I/O operation,False,False,False,Writes a signed 16-bit integer in little-endian order to the underlying writer.
tokio,tokio::io::util,tokio/src/io/util/async_write_ext.rs,970,write_u32_le,trait AsyncWriteExt,,Trait method (declaration/default),I/O operation,False,False,False,Writes an unsigned 32-bit integer in little-endian order to the underlying writer.
tokio,tokio::io::util,tokio/src/io/util/async_write_ext.rs,1008,write_i32_le,trait AsyncWriteExt,,Trait method (declaration/default),I/O operation,False,False,False,Writes a signed 32-bit integer in little-endian order to the underlying writer.
tokio,tokio::io::util,tokio/src/io/util/async_write_ext.rs,1046,write_u64_le,trait AsyncWriteExt,,Trait method (declaration/default),I/O operation,False,False,False,Writes an unsigned 64-bit integer in little-endian order to the underlying writer.
tokio,tokio::io::util,tokio/src/io/util/async_write_ext.rs,1084,write_i64_le,trait AsyncWriteExt,,Trait method (declaration/default),I/O operation,False,False,False,Writes an signed 64-bit integer in little-endian order to the underlying writer.
tokio,tokio::io::util,tokio/src/io/util/async_write_ext.rs,1124,write_u128_le,trait AsyncWriteExt,,Trait method (declaration/default),I/O operation,False,False,False,Writes an unsigned 128-bit integer in little-endian order to the underlying writer.
tokio,tokio::io::util,tokio/src/io/util/async_write_ext.rs,1164,write_i128_le,trait AsyncWriteExt,,Trait method (declaration/default),I/O operation,False,False,False,Writes an signed 128-bit integer in little-endian order to the underlying writer.
tokio,tokio::io::util,tokio/src/io/util/async_write_ext.rs,1201,write_f32_le,trait AsyncWriteExt,,Trait method (declaration/default),I/O operation,False,False,False,Writes an 32-bit floating point type in little-endian order to the underlying writer.
tokio,tokio::io::util,tokio/src/io/util/async_write_ext.rs,1240,write_f64_le,trait AsyncWriteExt,,Trait method (declaration/default),I/O operation,False,False,False,Writes an 64-bit floating point type in little-endian order to the underlying writer.
tokio,tokio::io::util,tokio/src/io/util/async_write_ext.rs,1286,flush,trait AsyncWriteExt,,Trait method (declaration/default),I/O operation,False,False,False,"Flushes this output stream, ensuring that all intermediately buffered contents reach their destination."
tokio,tokio::io::util,tokio/src/io/util/async_write_ext.rs,1328,shutdown,trait AsyncWriteExt,,Trait method (declaration/default),Runtime/task control,False,False,False,"Shuts down the output stream, ensuring that the value can be dropped cleanly."
tokio,tokio::io::util,tokio/src/io/util/buf_reader.rs,40,new,BufReader<R>,,Public API,Constructor,False,False,False,Creates a new `BufReader` with a default buffer capacity.
tokio,tokio::io::util,tokio/src/io/util/buf_reader.rs,50,with_capacity,BufReader<R>,,Public API,Constructor,False,False,False,Creates a new `BufReader` with the specified buffer capacity.
tokio,tokio::io::util,tokio/src/io/util/buf_reader.rs,65,get_ref,BufReader<R>,,Public API,Accessor / query,False,False,False,Gets a reference to the underlying reader.
tokio,tokio::io::util,tokio/src/io/util/buf_reader.rs,72,get_mut,BufReader<R>,,Public API,Accessor / query,False,False,False,Gets a mutable reference to the underlying reader.
tokio,tokio::io::util,tokio/src/io/util/buf_reader.rs,79,get_pin_mut,BufReader<R>,,Public API,Accessor / query,False,False,False,Gets a pinned mutable reference to the underlying reader.
tokio,tokio::io::util,tokio/src/io/util/buf_reader.rs,86,into_inner,BufReader<R>,,Public API,Conversion,False,False,False,"Consumes this `BufReader`, returning the underlying reader."
tokio,tokio::io::util,tokio/src/io/util/buf_reader.rs,93,buffer,BufReader<R>,,Public API,Other / internal logic,False,False,False,Returns a reference to the internally buffered data.
tokio,tokio::io::util,tokio/src/io/util/buf_reader.rs,99,discard_buffer,BufReader<R>,,Private helper,Other / internal logic,False,False,False,Invalidates all data in the internal buffer.
tokio,tokio::io::util,tokio/src/io/util/buf_reader.rs,107,poll_read,BufReader<R>,AsyncRead,Trait impl,I/O trait impl,False,False,False,
tokio,tokio::io::util,tokio/src/io/util/buf_reader.rs,129,poll_fill_buf,BufReader<R>,AsyncBufRead,Trait impl,I/O trait impl,False,False,False,
tokio,tokio::io::util,tokio/src/io/util/buf_reader.rs,146,consume,BufReader<R>,AsyncBufRead,Trait impl,I/O trait impl,False,False,False,
tokio,tokio::io::util,tokio/src/io/util/buf_reader.rs,183,start_seek,BufReader<R>,AsyncSeek,Trait impl,I/O trait impl,False,False,False,
tokio,tokio::io::util,tokio/src/io/util/buf_reader.rs,193,poll_complete,BufReader<R>,AsyncSeek,Trait impl,I/O trait impl,False,False,False,
tokio,tokio::io::util,tokio/src/io/util/buf_reader.rs,268,poll_write,BufReader<R>,AsyncWrite,Trait impl,I/O trait impl,False,False,False,
tokio,tokio::io::util,tokio/src/io/util/buf_reader.rs,276,poll_write_vectored,BufReader<R>,AsyncWrite,Trait impl,I/O trait impl,False,False,False,
tokio,tokio::io::util,tokio/src/io/util/buf_reader.rs,284,is_write_vectored,BufReader<R>,AsyncWrite,Trait impl,I/O trait impl,False,False,False,
tokio,tokio::io::util,tokio/src/io/util/buf_reader.rs,288,poll_flush,BufReader<R>,AsyncWrite,Trait impl,I/O trait impl,False,False,False,
tokio,tokio::io::util,tokio/src/io/util/buf_reader.rs,292,poll_shutdown,BufReader<R>,AsyncWrite,Trait impl,I/O trait impl,False,False,False,
tokio,tokio::io::util,tokio/src/io/util/buf_reader.rs,298,fmt,BufReader<R>,fmt::Debug,Trait impl,Formatting,False,False,False,
tokio,tokio::io::util,tokio/src/io/util/buf_reader.rs,314,assert_unpin,,,Test,Debugging / tracing,False,False,False,
tokio,tokio::io::util,tokio/src/io/util/buf_stream.rs,29,new,BufStream<RW>,,Public API,Constructor,False,False,False,Wraps a type in both [`BufWriter`] and [`BufReader`].
tokio,tokio::io::util,tokio/src/io/util/buf_stream.rs,44,with_capacity,BufStream<RW>,,Public API,Constructor,False,False,False,Creates a `BufStream` with the specified [`BufReader`] capacity and [`BufWriter`] capacity.
tokio,tokio::io::util,tokio/src/io/util/buf_stream.rs,60,get_ref,BufStream<RW>,,Public API,Accessor / query,False,False,False,Gets a reference to the underlying I/O object.
tokio,tokio::io::util,tokio/src/io/util/buf_stream.rs,67,get_mut,BufStream<RW>,,Public API,Accessor / query,False,False,False,Gets a mutable reference to the underlying I/O object.
tokio,tokio::io::util,tokio/src/io/util/buf_stream.rs,74,get_pin_mut,BufStream<RW>,,Public API,Accessor / query,False,False,False,Gets a pinned mutable reference to the underlying I/O object.
tokio,tokio::io::util,tokio/src/io/util/buf_stream.rs,81,into_inner,BufStream<RW>,,Public API,Conversion,False,False,False,"Consumes this `BufStream`, returning the underlying I/O object."
tokio,tokio::io::util,tokio/src/io/util/buf_stream.rs,87,from,BufStream<RW>,From<BufReader<BufWriter<RW>>>,Trait impl,Conversion,False,False,False,
tokio,tokio::io::util,tokio/src/io/util/buf_stream.rs,93,from,BufStream<RW>,From<BufWriter<BufReader<RW>>>,Trait impl,Conversion,False,False,False,
tokio,tokio::io::util,tokio/src/io/util/buf_stream.rs,127,poll_write,BufStream<RW>,AsyncWrite,Trait impl,I/O trait impl,False,False,False,
tokio,tokio::io::util,tokio/src/io/util/buf_stream.rs,135,poll_write_vectored,BufStream<RW>,AsyncWrite,Trait impl,I/O trait impl,False,False,False,
tokio,tokio::io::util,tokio/src/io/util/buf_stream.rs,143,is_write_vectored,BufStream<RW>,AsyncWrite,Trait impl,I/O trait impl,False,False,False,
tokio,tokio::io::util,tokio/src/io/util/buf_stream.rs,147,poll_flush,BufStream<RW>,AsyncWrite,Trait impl,I/O trait impl,False,False,False,
tokio,tokio::io::util,tokio/src/io/util/buf_stream.rs,151,poll_shutdown,BufStream<RW>,AsyncWrite,Trait impl,I/O trait impl,False,False,False,
tokio,tokio::io::util,tokio/src/io/util/buf_stream.rs,157,poll_read,BufStream<RW>,AsyncRead,Trait impl,I/O trait impl,False,False,False,
tokio,tokio::io::util,tokio/src/io/util/buf_stream.rs,185,start_seek,BufStream<RW>,AsyncSeek,Trait impl,I/O trait impl,False,False,False,
tokio,tokio::io::util,tokio/src/io/util/buf_stream.rs,189,poll_complete,BufStream<RW>,AsyncSeek,Trait impl,I/O trait impl,False,False,False,
tokio,tokio::io::util,tokio/src/io/util/buf_stream.rs,195,poll_fill_buf,BufStream<RW>,AsyncBufRead,Trait impl,I/O trait impl,False,False,False,
tokio,tokio::io::util,tokio/src/io/util/buf_stream.rs,199,consume,BufStream<RW>,AsyncBufRead,Trait impl,I/O trait impl,False,False,False,
tokio,tokio::io::util,tokio/src/io/util/buf_stream.rs,209,assert_unpin,,,Test,Debugging / tracing,False,False,False,
tokio,tokio::io::util,tokio/src/io/util/buf_writer.rs,44,new,BufWriter<W>,,Public API,Constructor,False,False,False,Creates a new `BufWriter` with a default buffer capacity.
tokio,tokio::io::util,tokio/src/io/util/buf_writer.rs,49,with_capacity,BufWriter<W>,,Public API,Constructor,False,False,False,Creates a new `BufWriter` with the specified buffer capacity.
tokio,tokio::io::util,tokio/src/io/util/buf_writer.rs,58,flush_buf,BufWriter<W>,,Private helper,I/O operation,False,False,False,
tokio,tokio::io::util,tokio/src/io/util/buf_writer.rs,88,get_ref,BufWriter<W>,,Public API,Accessor / query,False,False,False,Gets a reference to the underlying writer.
tokio,tokio::io::util,tokio/src/io/util/buf_writer.rs,95,get_mut,BufWriter<W>,,Public API,Accessor / query,False,False,False,Gets a mutable reference to the underlying writer.
tokio,tokio::io::util,tokio/src/io/util/buf_writer.rs,102,get_pin_mut,BufWriter<W>,,Public API,Accessor / query,False,False,False,Gets a pinned mutable reference to the underlying writer.
tokio,tokio::io::util,tokio/src/io/util/buf_writer.rs,109,into_inner,BufWriter<W>,,Public API,Conversion,False,False,False,"Consumes this `BufWriter`, returning the underlying writer."
tokio,tokio::io::util,tokio/src/io/util/buf_writer.rs,114,buffer,BufWriter<W>,,Public API,Other / internal logic,False,False,False,Returns a reference to the internally buffered data.
tokio,tokio::io::util,tokio/src/io/util/buf_writer.rs,120,poll_write,BufWriter<W>,AsyncWrite,Trait impl,I/O trait impl,False,False,False,
tokio,tokio::io::util,tokio/src/io/util/buf_writer.rs,137,poll_write_vectored,BufWriter<W>,AsyncWrite,Trait impl,I/O trait impl,False,False,False,
tokio,tokio::io::util,tokio/src/io/util/buf_writer.rs,199,is_write_vectored,BufWriter<W>,AsyncWrite,Trait impl,I/O trait impl,False,False,False,
tokio,tokio::io::util,tokio/src/io/util/buf_writer.rs,203,poll_flush,BufWriter<W>,AsyncWrite,Trait impl,I/O trait impl,False,False,False,
tokio,tokio::io::util,tokio/src/io/util/buf_writer.rs,208,poll_shutdown,BufWriter<W>,AsyncWrite,Trait impl,I/O trait impl,False,False,False,
tokio,tokio::io::util,tokio/src/io/util/buf_writer.rs,228,start_seek,BufWriter<W>,AsyncSeek,Trait impl,I/O trait impl,False,False,False,
tokio,tokio::io::util,tokio/src/io/util/buf_writer.rs,236,poll_complete,BufWriter<W>,AsyncSeek,Trait impl,I/O trait impl,False,False,False,
tokio,tokio::io::util,tokio/src/io/util/buf_writer.rs,271,poll_read,BufWriter<W>,AsyncRead,Trait impl,I/O trait impl,False,False,False,
tokio,tokio::io::util,tokio/src/io/util/buf_writer.rs,281,poll_fill_buf,BufWriter<W>,AsyncBufRead,Trait impl,I/O trait impl,False,False,False,
tokio,tokio::io::util,tokio/src/io/util/buf_writer.rs,285,consume,BufWriter<W>,AsyncBufRead,Trait impl,I/O trait impl,False,False,False,
tokio,tokio::io::util,tokio/src/io/util/buf_writer.rs,291,fmt,BufWriter<W>,fmt::Debug,Trait impl,Formatting,False,False,False,
tokio,tokio::io::util,tokio/src/io/util/buf_writer.rs,308,assert_unpin,,,Test,Debugging / tracing,False,False,False,
tokio,tokio::io::util,tokio/src/io/util/chain.rs,22,chain,,,Crate-internal,Combinator / iteration,False,False,False,
tokio,tokio::io::util,tokio/src/io/util/chain.rs,40,get_ref,"Chain<T, U>",,Public API,Accessor / query,False,False,False,Gets references to the underlying readers in this `Chain`.
tokio,tokio::io::util,tokio/src/io/util/chain.rs,49,get_mut,"Chain<T, U>",,Public API,Accessor / query,False,False,False,Gets mutable references to the underlying readers in this `Chain`.
tokio,tokio::io::util,tokio/src/io/util/chain.rs,58,get_pin_mut,"Chain<T, U>",,Public API,Accessor / query,False,False,False,Gets pinned mutable references to the underlying readers in this `Chain`.
tokio,tokio::io::util,tokio/src/io/util/chain.rs,64,into_inner,"Chain<T, U>",,Public API,Conversion,False,False,False,"Consumes the `Chain`, returning the wrapped readers."
tokio,tokio::io::util,tokio/src/io/util/chain.rs,74,fmt,"Chain<T, U>",fmt::Debug,Trait impl,Formatting,False,False,False,
tokio,tokio::io::util,tokio/src/io/util/chain.rs,87,poll_read,"Chain<T, U>",AsyncRead,Trait impl,I/O trait impl,False,False,False,
tokio,tokio::io::util,tokio/src/io/util/chain.rs,114,poll_fill_buf,"Chain<T, U>",AsyncBufRead,Trait impl,I/O trait impl,False,False,False,
tokio,tokio::io::util,tokio/src/io/util/chain.rs,128,consume,"Chain<T, U>",AsyncBufRead,Trait impl,I/O trait impl,False,False,False,
tokio,tokio::io::util,tokio/src/io/util/chain.rs,143,assert_unpin,,,Test,Debugging / tracing,False,False,False,
tokio,tokio::io::util,tokio/src/io/util/copy.rs,19,new,CopyBuffer,,Crate-internal,Constructor,False,False,False,
tokio,tokio::io::util,tokio/src/io/util/copy.rs,30,poll_fill_buf,CopyBuffer,,Private helper,Poll function,False,False,False,
tokio,tokio::io::util,tokio/src/io/util/copy.rs,56,poll_write_buf,CopyBuffer,,Private helper,Poll function,False,False,False,
tokio,tokio::io::util,tokio/src/io/util/copy.rs,83,poll_copy,CopyBuffer,,Crate-internal,Poll function,False,False,False,
tokio,tokio::io::util,tokio/src/io/util/copy.rs,287,copy,,,Public API,I/O operation,True,False,False,Asynchronously copies the entire contents of a reader into a writer.
tokio,tokio::io::util,tokio/src/io/util/copy.rs,307,poll,"Copy<'_, R, W>",Future,Trait impl,Future impl (poll),False,False,False,
tokio,tokio::io::util,tokio/src/io/util/copy_bidirectional.rs,16,transfer_one_direction,,,Private helper,Other / internal logic,False,False,False,
tokio,tokio::io::util,tokio/src/io/util/copy_bidirectional.rs,76,copy_bidirectional,,,Public API,I/O operation,True,False,False,Copies data in both directions between `a` and `b`.
tokio,tokio::io::util,tokio/src/io/util/copy_bidirectional.rs,99,copy_bidirectional_with_sizes,,,Public API,I/O operation,True,False,False,Copies data in both directions between `a` and `b` using buffers of the specified size.
tokio,tokio::io::util,tokio/src/io/util/copy_bidirectional.rs,127,copy_bidirectional_impl,,,Private helper,I/O operation,True,False,False,
tokio,tokio::io::util,tokio/src/io/util/copy_buf.rs,70,copy_buf,,,Public API,I/O operation,True,False,False,Asynchronously copies the entire contents of a reader into a writer.
tokio,tokio::io::util,tokio/src/io/util/copy_buf.rs,91,poll,"CopyBuf<'_, R, W>",Future,Trait impl,Future impl (poll),False,False,False,
tokio,tokio::io::util,tokio/src/io/util/copy_buf.rs,172,assert_unpin,,,Test,Debugging / tracing,False,False,False,
tokio,tokio::io::util,tokio/src/io/util/empty.rs,62,empty,,,Public API,Other / internal logic,False,False,False,"Creates a value that is always at EOF for reads, and ignores all data written."
tokio,tokio::io::util,tokio/src/io/util/empty.rs,69,poll_read,Empty,AsyncRead,Trait impl,I/O trait impl,False,False,False,
tokio,tokio::io::util,tokio/src/io/util/empty.rs,82,poll_fill_buf,Empty,AsyncBufRead,Trait impl,I/O trait impl,False,False,False,
tokio,tokio::io::util,tokio/src/io/util/empty.rs,89,consume,Empty,AsyncBufRead,Trait impl,I/O trait impl,False,False,False,
tokio,tokio::io::util,tokio/src/io/util/empty.rs,94,poll_write,Empty,AsyncWrite,Trait impl,I/O trait impl,False,False,False,
tokio,tokio::io::util,tokio/src/io/util/empty.rs,105,poll_flush,Empty,AsyncWrite,Trait impl,I/O trait impl,False,False,False,
tokio,tokio::io::util,tokio/src/io/util/empty.rs,112,poll_shutdown,Empty,AsyncWrite,Trait impl,I/O trait impl,False,False,False,
tokio,tokio::io::util,tokio/src/io/util/empty.rs,119,is_write_vectored,Empty,AsyncWrite,Trait impl,I/O trait impl,False,False,False,
tokio,tokio::io::util,tokio/src/io/util/empty.rs,124,poll_write_vectored,Empty,AsyncWrite,Trait impl,I/O trait impl,False,False,False,
tokio,tokio::io::util,tokio/src/io/util/empty.rs,138,start_seek,Empty,AsyncSeek,Trait impl,I/O trait impl,False,False,False,
tokio,tokio::io::util,tokio/src/io/util/empty.rs,143,poll_complete,Empty,AsyncSeek,Trait impl,I/O trait impl,False,False,False,
tokio,tokio::io::util,tokio/src/io/util/empty.rs,151,fmt,Empty,fmt::Debug,Trait impl,Formatting,False,False,False,
tokio,tokio::io::util,tokio/src/io/util/empty.rs,161,assert_unpin,,,Test,Debugging / tracing,False,False,False,
tokio,tokio::io::util,tokio/src/io/util/fill_buf.rs,21,fill_buf,,,Crate-internal,I/O operation,False,False,False,
tokio,tokio::io::util,tokio/src/io/util/fill_buf.rs,34,poll,"FillBuf<'a, R>",Future,Trait impl,Future impl (poll),False,False,False,
tokio,tokio::io::util,tokio/src/io/util/flush.rs,27,flush,,,Crate-internal,I/O operation,False,False,False,Creates a future which will entirely flush an I/O object.
tokio,tokio::io::util,tokio/src/io/util/flush.rs,43,poll,"Flush<'_, A>",Future,Trait impl,Future impl (poll),False,False,False,
tokio,tokio::io::util,tokio/src/io/util/lines.rs,30,lines,,,Crate-internal,Other / internal logic,False,False,False,
tokio,tokio::io::util,tokio/src/io/util/lines.rs,65,next_line,Lines<R>,,Public API,Async operation,True,False,False,Returns the next line in the stream.
tokio,tokio::io::util,tokio/src/io/util/lines.rs,72,get_mut,Lines<R>,,Public API,Accessor / query,False,False,False,Obtains a mutable reference to the underlying reader.
tokio,tokio::io::util,tokio/src/io/util/lines.rs,77,get_ref,Lines<R>,,Public API,Accessor / query,False,False,False,Obtains a reference to the underlying reader.
tokio,tokio::io::util,tokio/src/io/util/lines.rs,85,into_inner,Lines<R>,,Public API,Conversion,False,False,False,"Unwraps this `Lines<R>`, returning the underlying reader."
tokio,tokio::io::util,tokio/src/io/util/lines.rs,114,poll_next_line,Lines<R>,,Public API,Poll function,False,False,False,Polls for the next line in the stream.
tokio,tokio::io::util,tokio/src/io/util/lines.rs,149,assert_unpin,,,Test,Debugging / tracing,False,False,False,
tokio,tokio::io::util,tokio/src/io/util/mem.rs,109,duplex,,,Public API,Other / internal logic,False,False,False,Create a new pair of `DuplexStream`s that act like a pair of connected sockets.
tokio,tokio::io::util,tokio/src/io/util/mem.rs,132,poll_read,DuplexStream,AsyncRead,Trait impl,I/O trait impl,False,False,False,
tokio,tokio::io::util,tokio/src/io/util/mem.rs,143,poll_write,DuplexStream,AsyncWrite,Trait impl,I/O trait impl,False,False,False,
tokio,tokio::io::util,tokio/src/io/util/mem.rs,151,poll_write_vectored,DuplexStream,AsyncWrite,Trait impl,I/O trait impl,False,False,False,
tokio,tokio::io::util,tokio/src/io/util/mem.rs,159,is_write_vectored,DuplexStream,AsyncWrite,Trait impl,I/O trait impl,False,False,False,
tokio,tokio::io::util,tokio/src/io/util/mem.rs,164,poll_flush,DuplexStream,AsyncWrite,Trait impl,I/O trait impl,False,False,False,
tokio,tokio::io::util,tokio/src/io/util/mem.rs,172,poll_shutdown,DuplexStream,AsyncWrite,Trait impl,I/O trait impl,False,False,False,
tokio,tokio::io::util,tokio/src/io/util/mem.rs,181,drop,DuplexStream,Drop,Trait impl,Drop / cleanup,False,False,False,
tokio,tokio::io::util,tokio/src/io/util/mem.rs,221,simplex,,,Public API,Other / internal logic,False,False,False,Creates unidirectional buffer that acts like in memory pipe.
tokio,tokio::io::util,tokio/src/io/util/mem.rs,237,new_unsplit,SimplexStream,,Public API,Constructor,False,False,False,Creates unidirectional buffer that acts like in memory pipe.
tokio,tokio::io::util,tokio/src/io/util/mem.rs,248,close_write,SimplexStream,,Private helper,Data movement,False,False,False,
tokio,tokio::io::util,tokio/src/io/util/mem.rs,256,close_read,SimplexStream,,Private helper,Data movement,False,False,False,
tokio,tokio::io::util,tokio/src/io/util/mem.rs,264,poll_read_internal,SimplexStream,,Private helper,Poll function,False,False,False,
tokio,tokio::io::util,tokio/src/io/util/mem.rs,293,poll_write_internal,SimplexStream,,Private helper,Poll function,False,False,False,
tokio,tokio::io::util,tokio/src/io/util/mem.rs,319,poll_write_vectored_internal,SimplexStream,,Private helper,Poll function,False,False,False,
tokio,tokio::io::util,tokio/src/io/util/mem.rs,357,poll_read,SimplexStream,AsyncRead,Trait impl,I/O trait impl,False,False,False,
tokio,tokio::io::util,tokio/src/io/util/mem.rs,374,poll_read,SimplexStream,AsyncRead,Trait impl,I/O trait impl,False,False,False,
tokio,tokio::io::util,tokio/src/io/util/mem.rs,387,poll_write,SimplexStream,AsyncWrite,Trait impl,I/O trait impl,False,False,False,
tokio,tokio::io::util,tokio/src/io/util/mem.rs,404,poll_write,SimplexStream,AsyncWrite,Trait impl,I/O trait impl,False,False,False,
tokio,tokio::io::util,tokio/src/io/util/mem.rs,415,poll_write_vectored,SimplexStream,AsyncWrite,Trait impl,I/O trait impl,False,False,False,
tokio,tokio::io::util,tokio/src/io/util/mem.rs,432,poll_write_vectored,SimplexStream,AsyncWrite,Trait impl,I/O trait impl,False,False,False,
tokio,tokio::io::util,tokio/src/io/util/mem.rs,442,is_write_vectored,SimplexStream,AsyncWrite,Trait impl,I/O trait impl,False,False,False,
tokio,tokio::io::util,tokio/src/io/util/mem.rs,446,poll_flush,SimplexStream,AsyncWrite,Trait impl,I/O trait impl,False,False,False,
tokio,tokio::io::util,tokio/src/io/util/mem.rs,450,poll_shutdown,SimplexStream,AsyncWrite,Trait impl,I/O trait impl,False,False,False,
tokio,tokio::io::util,tokio/src/io/util/mod.rs,91,poll_proceed_and_make_progress,,,Private helper,Poll function,False,False,False,
tokio,tokio::io::util,tokio/src/io/util/mod.rs,99,poll_proceed_and_make_progress,,,Private helper,Poll function,False,False,False,
tokio,tokio::io::util,tokio/src/io/util/read.rs,16,read,,,Crate-internal,I/O operation,False,False,False,"Tries to read some bytes directly into the given `buf` in asynchronous manner, returning a future type."
tokio,tokio::io::util,tokio/src/io/util/read.rs,49,poll,"Read<'_, R>",Future,Trait impl,Future impl (poll),False,False,False,
tokio,tokio::io::util,tokio/src/io/util/read_buf.rs,11,read_buf,,,Crate-internal,I/O operation,False,False,False,
tokio,tokio::io::util,tokio/src/io/util/read_buf.rs,42,poll,"ReadBuf<'_, R, B>",Future,Trait impl,Future impl (poll),False,False,False,
tokio,tokio::io::util,tokio/src/io/util/read_exact.rs,16,read_exact,,,Crate-internal,I/O operation,False,False,False,A future which can be used to easily read exactly enough bytes to fill a buffer.
tokio,tokio::io::util,tokio/src/io/util/read_exact.rs,43,eof,,,Private helper,Other / internal logic,False,False,False,
tokio,tokio::io::util,tokio/src/io/util/read_exact.rs,53,poll,"ReadExact<'_, A>",Future,Trait impl,Future impl (poll),False,False,False,
tokio,tokio::io::util,tokio/src/io/util/read_int.rs,32,new,$name<R>,,Inside macro_rules!,Constructor,False,False,False,
tokio,tokio::io::util,tokio/src/io/util/read_int.rs,48,poll,$name<R>,Future,Inside macro_rules!,Future impl (poll),False,False,False,
tokio,tokio::io::util,tokio/src/io/util/read_int.rs,97,new,$name<R>,,Inside macro_rules!,Constructor,False,False,False,
tokio,tokio::io::util,tokio/src/io/util/read_int.rs,111,poll,$name<R>,Future,Inside macro_rules!,Future impl (poll),False,False,False,
tokio,tokio::io::util,tokio/src/io/util/read_line.rs,33,read_line,,,Crate-internal,I/O operation,False,False,False,
tokio,tokio::io::util,tokio/src/io/util/read_line.rs,46,put_back_original_data,,,Private helper,Other / internal logic,False,False,False,
tokio,tokio::io::util,tokio/src/io/util/read_line.rs,56,finish_string_read,,,Crate-internal,Other / internal logic,False,False,False,This handles the various failure cases and puts the string back into `output`.
tokio,tokio::io::util,tokio/src/io/util/read_line.rs,92,read_line_internal,,,Private helper,I/O operation,False,False,False,
tokio,tokio::io::util,tokio/src/io/util/read_line.rs,112,poll,"ReadLine<'_, R>",Future,Trait impl,Future impl (poll),False,False,False,
tokio,tokio::io::util,tokio/src/io/util/read_to_end.rs,27,read_to_end,,,Crate-internal,I/O operation,False,False,False,
tokio,tokio::io::util,tokio/src/io/util/read_to_end.rs,39,read_to_end_internal,,,Crate-internal,I/O operation,False,False,False,
tokio,tokio::io::util,tokio/src/io/util/read_to_end.rs,61,poll_read_to_end,,,Private helper,Poll function,False,False,False,Tries to read from the provided [`AsyncRead`].
tokio,tokio::io::util,tokio/src/io/util/read_to_end.rs,139,poll,"ReadToEnd<'_, A>",Future,Trait impl,Future impl (poll),False,False,False,
tokio,tokio::io::util,tokio/src/io/util/read_to_string.rs,33,read_to_string,,,Crate-internal,I/O operation,False,False,False,
tokio,tokio::io::util,tokio/src/io/util/read_to_string.rs,50,read_to_string_internal,,,Private helper,I/O operation,False,False,False,
tokio,tokio::io::util,tokio/src/io/util/read_to_string.rs,73,poll,"ReadToString<'_, A>",Future,Trait impl,Future impl (poll),False,False,False,
tokio,tokio::io::util,tokio/src/io/util/read_until.rs,30,read_until,,,Crate-internal,I/O operation,False,False,False,
tokio,tokio::io::util,tokio/src/io/util/read_until.rs,47,read_until_internal,,,Crate-internal,I/O operation,False,False,False,
tokio,tokio::io::util,tokio/src/io/util/read_until.rs,80,poll,"ReadUntil<'_, R>",Future,Trait impl,Future impl (poll),False,False,False,
tokio,tokio::io::util,tokio/src/io/util/repeat.rs,47,repeat,,,Public API,Other / internal logic,False,False,False,Creates an instance of an async reader that infinitely repeats one byte.
tokio,tokio::io::util,tokio/src/io/util/repeat.rs,54,poll_read,Repeat,AsyncRead,Trait impl,I/O trait impl,False,False,False,
tokio,tokio::io::util,tokio/src/io/util/repeat.rs,71,assert_unpin,,,Test,Debugging / tracing,False,False,False,
tokio,tokio::io::util,tokio/src/io/util/shutdown.rs,26,shutdown,,,Crate-internal,Runtime/task control,False,False,False,Creates a future which will shutdown an I/O object.
tokio,tokio::io::util,tokio/src/io/util/shutdown.rs,42,poll,"Shutdown<'_, A>",Future,Trait impl,Future impl (poll),False,False,False,
tokio,tokio::io::util,tokio/src/io/util/sink.rs,48,sink,,,Public API,Other / internal logic,False,False,False,Creates an instance of an async writer which will successfully consume all data.
tokio,tokio::io::util,tokio/src/io/util/sink.rs,55,poll_write,Sink,AsyncWrite,Trait impl,I/O trait impl,False,False,False,
tokio,tokio::io::util,tokio/src/io/util/sink.rs,66,poll_flush,Sink,AsyncWrite,Trait impl,I/O trait impl,False,False,False,
tokio,tokio::io::util,tokio/src/io/util/sink.rs,73,poll_shutdown,Sink,AsyncWrite,Trait impl,I/O trait impl,False,False,False,
tokio,tokio::io::util,tokio/src/io/util/sink.rs,81,fmt,Sink,fmt::Debug,Trait impl,Formatting,False,False,False,
tokio,tokio::io::util,tokio/src/io/util/sink.rs,91,assert_unpin,,,Test,Debugging / tracing,False,False,False,
tokio,tokio::io::util,tokio/src/io/util/split.rs,28,split,,,Crate-internal,Combinator / iteration,False,False,False,
tokio,tokio::io::util,tokio/src/io/util/split.rs,61,next_segment,Split<R>,,Public API,Async operation,True,False,False,Returns the next segment in the stream.
tokio,tokio::io::util,tokio/src/io/util/split.rs,89,poll_next_segment,Split<R>,,Public API,Poll function,False,False,False,Polls for the next segment in the stream.
tokio,tokio::io::util,tokio/src/io/util/split.rs,118,assert_unpin,,,Test,Debugging / tracing,False,False,False,
tokio,tokio::io::util,tokio/src/io/util/take.rs,22,take,,,Crate-internal,Data movement,False,False,False,
tokio,tokio::io::util,tokio/src/io/util/take.rs,37,limit,Take<R>,,Public API,Other / internal logic,False,False,False,Returns the remaining number of bytes that can be read before this instance will return EOF.
tokio,tokio::io::util,tokio/src/io/util/take.rs,45,set_limit,Take<R>,,Public API,Configuration / setter,False,False,False,Sets the number of bytes that can be read before this instance will return EOF.
tokio,tokio::io::util,tokio/src/io/util/take.rs,50,get_ref,Take<R>,,Public API,Accessor / query,False,False,False,Gets a reference to the underlying reader.
tokio,tokio::io::util,tokio/src/io/util/take.rs,59,get_mut,Take<R>,,Public API,Accessor / query,False,False,False,Gets a mutable reference to the underlying reader.
tokio,tokio::io::util,tokio/src/io/util/take.rs,68,get_pin_mut,Take<R>,,Public API,Accessor / query,False,False,False,Gets a pinned mutable reference to the underlying reader.
tokio,tokio::io::util,tokio/src/io/util/take.rs,73,into_inner,Take<R>,,Public API,Conversion,False,False,False,"Consumes the `Take`, returning the wrapped reader."
tokio,tokio::io::util,tokio/src/io/util/take.rs,79,poll_read,Take<R>,AsyncRead,Trait impl,I/O trait impl,False,False,False,
tokio,tokio::io::util,tokio/src/io/util/take.rs,108,poll_fill_buf,Take<R>,AsyncBufRead,Trait impl,I/O trait impl,False,False,False,
tokio,tokio::io::util,tokio/src/io/util/take.rs,121,consume,Take<R>,AsyncBufRead,Trait impl,I/O trait impl,False,False,False,
tokio,tokio::io::util,tokio/src/io/util/take.rs,135,assert_unpin,,,Test,Debugging / tracing,False,False,False,
tokio,tokio::io::util,tokio/src/io/util/vec_with_initialized.rs,36,take,VecWithInitialized<Vec<u8>>,,Crate-internal,Data movement,False,False,False,
tokio,tokio::io::util,tokio/src/io/util/vec_with_initialized.rs,46,new,VecWithInitialized<V>,,Crate-internal,Constructor,False,False,False,
tokio,tokio::io::util,tokio/src/io/util/vec_with_initialized.rs,56,reserve,VecWithInitialized<V>,,Crate-internal,Other / internal logic,False,False,False,
tokio,tokio::io::util,tokio/src/io/util/vec_with_initialized.rs,68,is_empty,VecWithInitialized<V>,,Crate-internal,Accessor / query,False,False,False,
tokio,tokio::io::util,tokio/src/io/util/vec_with_initialized.rs,72,get_read_buf,VecWithInitialized<V>,,Crate-internal,Accessor / query,False,False,False,
tokio,tokio::io::util,tokio/src/io/util/vec_with_initialized.rs,96,apply_read_buf,VecWithInitialized<V>,,Crate-internal,Other / internal logic,False,False,False,
tokio,tokio::io::util,tokio/src/io/util/vec_with_initialized.rs,119,try_small_read_first,VecWithInitialized<V>,,Crate-internal,Non-blocking attempt,False,False,False,
tokio,tokio::io::util,tokio/src/io/util/vec_with_initialized.rs,136,into_read_buf_parts,,,Crate-internal,Conversion,False,False,False,
tokio,tokio::io::util,tokio/src/io/util/write.rs,25,write,,,Crate-internal,I/O operation,False,False,False,"Tries to write some bytes from the given `buf` to the writer in an asynchronous manner, returning a future."
tokio,tokio::io::util,tokio/src/io/util/write.rs,42,poll,"Write<'_, W>",Future,Trait impl,Future impl (poll),False,False,False,
tokio,tokio::io::util,tokio/src/io/util/write_all.rs,23,write_all,,,Crate-internal,I/O operation,False,False,False,
tokio,tokio::io::util,tokio/src/io/util/write_all.rs,40,poll,"WriteAll<'_, W>",Future,Trait impl,Future impl (poll),False,False,False,
tokio,tokio::io::util,tokio/src/io/util/write_all_buf.rs,25,write_all_buf,,,Crate-internal,I/O operation,False,False,False,"Tries to write some bytes from the given `buf` to the writer in an asynchronous manner, returning a future."
tokio,tokio::io::util,tokio/src/io/util/write_all_buf.rs,44,poll,"WriteAllBuf<'_, W, B>",Future,Trait impl,Future impl (poll),False,False,False,
tokio,tokio::io::util,tokio/src/io/util/write_buf.rs,25,write_buf,,,Crate-internal,I/O operation,False,False,False,"Tries to write some bytes from the given `buf` to the writer in an asynchronous manner, returning a future."
tokio,tokio::io::util,tokio/src/io/util/write_buf.rs,44,poll,"WriteBuf<'_, W, B>",Future,Trait impl,Future impl (poll),False,False,False,
tokio,tokio::io::util,tokio/src/io/util/write_int.rs,31,new,$name<W>,,Inside macro_rules!,Constructor,False,False,False,
tokio,tokio::io::util,tokio/src/io/util/write_int.rs,49,poll,$name<W>,Future,Inside macro_rules!,Future impl (poll),False,False,False,
tokio,tokio::io::util,tokio/src/io/util/write_int.rs,93,new,$name<W>,,Inside macro_rules!,Constructor,False,False,False,
tokio,tokio::io::util,tokio/src/io/util/write_int.rs,108,poll,$name<W>,Future,Inside macro_rules!,Future impl (poll),False,False,False,
tokio,tokio::io::util,tokio/src/io/util/write_vectored.rs,23,write_vectored,,,Crate-internal,I/O operation,False,False,False,
tokio,tokio::io::util,tokio/src/io/util/write_vectored.rs,43,poll,"WriteVectored<'_, '_, W>",Future,Trait impl,Future impl (poll),False,False,False,
tokio,tokio::loom,tokio/src/loom/mocked.rs,13,new,Mutex<T>,,Crate-internal,Constructor,False,False,False,
tokio,tokio::loom,tokio/src/loom/mocked.rs,19,lock,Mutex<T>,,Crate-internal,Locking / permits,False,False,False,
tokio,tokio::loom,tokio/src/loom/mocked.rs,24,try_lock,Mutex<T>,,Crate-internal,Non-blocking attempt,False,False,False,
tokio,tokio::loom,tokio/src/loom/mocked.rs,35,new,RwLock<T>,,Crate-internal,Constructor,False,False,False,
tokio,tokio::loom,tokio/src/loom/mocked.rs,40,read,RwLock<T>,,Crate-internal,I/O operation,False,False,False,
tokio,tokio::loom,tokio/src/loom/mocked.rs,45,try_read,RwLock<T>,,Crate-internal,Non-blocking attempt,False,False,False,
tokio,tokio::loom,tokio/src/loom/mocked.rs,50,write,RwLock<T>,,Crate-internal,I/O operation,False,False,False,
tokio,tokio::loom,tokio/src/loom/mocked.rs,55,try_write,RwLock<T>,,Crate-internal,Non-blocking attempt,False,False,False,
tokio,tokio::loom,tokio/src/loom/mocked.rs,64,seed,,,Crate-internal,Configuration / setter,False,False,False,
tokio,tokio::loom,tokio/src/loom/mocked.rs,70,num_cpus,,,Crate-internal,Accessor / query,False,False,False,
tokio,tokio::loom::std,tokio/src/loom/std/atomic_u16.rs,17,new,AtomicU16,,Crate-internal,Constructor,False,False,True,
tokio,tokio::loom::std,tokio/src/loom/std/atomic_u16.rs,28,unsync_load,AtomicU16,,Crate-internal,Other / internal logic,False,True,False,Performs an unsynchronized load.
tokio,tokio::loom::std,tokio/src/loom/std/atomic_u16.rs,36,deref,AtomicU16,Deref,Trait impl,Deref,False,False,False,
tokio,tokio::loom::std,tokio/src/loom/std/atomic_u16.rs,44,fmt,AtomicU16,fmt::Debug,Trait impl,Formatting,False,False,False,
tokio,tokio::loom::std,tokio/src/loom/std/atomic_u32.rs,17,new,AtomicU32,,Crate-internal,Constructor,False,False,True,
tokio,tokio::loom::std,tokio/src/loom/std/atomic_u32.rs,28,unsync_load,AtomicU32,,Crate-internal,Other / internal logic,False,True,False,Performs an unsynchronized load.
tokio,tokio::loom::std,tokio/src/loom/std/atomic_u32.rs,36,deref,AtomicU32,Deref,Trait impl,Deref,False,False,False,
tokio,tokio::loom::std,tokio/src/loom/std/atomic_u32.rs,44,fmt,AtomicU32,fmt::Debug,Trait impl,Formatting,False,False,False,
tokio,tokio::loom::std,tokio/src/loom/std/atomic_u64_as_mutex.rs,22,load,AtomicU64,,Crate-internal,Other / internal logic,False,False,False,
tokio,tokio::loom::std,tokio/src/loom/std/atomic_u64_as_mutex.rs,26,store,AtomicU64,,Crate-internal,Configuration / setter,False,False,False,
tokio,tokio::loom::std,tokio/src/loom/std/atomic_u64_as_mutex.rs,30,fetch_add,AtomicU64,,Crate-internal,Other / internal logic,False,False,False,
tokio,tokio::loom::std,tokio/src/loom/std/atomic_u64_as_mutex.rs,37,fetch_or,AtomicU64,,Crate-internal,Other / internal logic,False,False,False,
tokio,tokio::loom::std,tokio/src/loom/std/atomic_u64_as_mutex.rs,44,compare_exchange,AtomicU64,,Crate-internal,Other / internal logic,False,False,False,
tokio,tokio::loom::std,tokio/src/loom/std/atomic_u64_as_mutex.rs,61,compare_exchange_weak,AtomicU64,,Crate-internal,Other / internal logic,False,False,False,
tokio,tokio::loom::std,tokio/src/loom/std/atomic_u64_as_mutex.rs,73,default,AtomicU64,Default,Trait impl,Constructor,False,False,False,
tokio,tokio::loom::std,tokio/src/loom/std/atomic_u64_static_const_new.rs,7,new,AtomicU64,,Crate-internal,Constructor,False,False,True,
tokio,tokio::loom::std,tokio/src/loom/std/atomic_u64_static_once_cell.rs,11,new,AtomicU64,,Crate-internal,Constructor,False,False,False,
tokio,tokio::loom::std,tokio/src/loom/std/atomic_u64_static_once_cell.rs,19,new,StaticAtomicU64,,Crate-internal,Constructor,False,False,True,
tokio,tokio::loom::std,tokio/src/loom/std/atomic_u64_static_once_cell.rs,26,load,StaticAtomicU64,,Crate-internal,Other / internal logic,False,False,False,
tokio,tokio::loom::std,tokio/src/loom/std/atomic_u64_static_once_cell.rs,30,fetch_add,StaticAtomicU64,,Crate-internal,Other / internal logic,False,False,False,
tokio,tokio::loom::std,tokio/src/loom/std/atomic_u64_static_once_cell.rs,37,compare_exchange_weak,StaticAtomicU64,,Crate-internal,Other / internal logic,False,False,False,
tokio,tokio::loom::std,tokio/src/loom/std/atomic_u64_static_once_cell.rs,54,inner,StaticAtomicU64,,Private helper,Handle / reference plumbing,False,False,False,
tokio,tokio::loom::std,tokio/src/loom/std/atomic_usize.rs,17,new,AtomicUsize,,Crate-internal,Constructor,False,False,True,
tokio,tokio::loom::std,tokio/src/loom/std/atomic_usize.rs,28,unsync_load,AtomicUsize,,Crate-internal,Other / internal logic,False,True,False,Performs an unsynchronized load.
tokio,tokio::loom::std,tokio/src/loom/std/atomic_usize.rs,32,with_mut,AtomicUsize,,Crate-internal,Constructor,False,False,False,
tokio,tokio::loom::std,tokio/src/loom/std/atomic_usize.rs,38,fetch_update,AtomicUsize,,Crate-internal,Other / internal logic,False,False,False,
tokio,tokio::loom::std,tokio/src/loom/std/atomic_usize.rs,55,deref,AtomicUsize,ops::Deref,Trait impl,Deref,False,False,False,
tokio,tokio::loom::std,tokio/src/loom/std/atomic_usize.rs,63,deref_mut,AtomicUsize,ops::DerefMut,Trait impl,Deref,False,False,False,
tokio,tokio::loom::std,tokio/src/loom/std/atomic_usize.rs,70,fmt,AtomicUsize,fmt::Debug,Trait impl,Formatting,False,False,False,
tokio,tokio::loom::std,tokio/src/loom/std/barrier.rs,64,fmt,Barrier,fmt::Debug,Trait impl,Formatting,False,False,False,
tokio,tokio::loom::std,tokio/src/loom/std/barrier.rs,85,new,Barrier,,Crate-internal,Constructor,False,False,False,Creates a new barrier that can block a given number of threads.
tokio,tokio::loom::std,tokio/src/loom/std/barrier.rs,132,wait,Barrier,,Crate-internal,Runtime/task control,False,False,False,Blocks the current thread until all threads have rendezvoused here.
tokio,tokio::loom::std,tokio/src/loom/std/barrier.rs,153,wait_timeout,Barrier,,Crate-internal,Runtime/task control,False,False,False,Blocks the current thread until all threads have rendezvoused here for at most `timeout` duration.
tokio,tokio::loom::std,tokio/src/loom/std/barrier.rs,196,fmt,BarrierWaitResult,fmt::Debug,Trait impl,Formatting,False,False,False,
tokio,tokio::loom::std,tokio/src/loom/std/barrier.rs,220,is_leader,BarrierWaitResult,,Crate-internal,Accessor / query,False,False,False,"Returns `true` if this thread is the ""leader thread"" for the call to [`Barrier::wait()`]."
tokio,tokio::loom::std,tokio/src/loom/std/mod.rs,40,seed,,,Crate-internal,Configuration / setter,False,False,False,
tokio,tokio::loom::std,tokio/src/loom/std/mod.rs,85,num_cpus,,,Crate-internal,Accessor / query,False,False,False,
tokio,tokio::loom::std,tokio/src/loom/std/mod.rs,108,num_cpus,,,Crate-internal,Accessor / query,False,False,False,
tokio,tokio::loom::std,tokio/src/loom/std/mod.rs,115,yield_now,,,Crate-internal,Other / internal logic,False,False,False,
tokio,tokio::loom::std,tokio/src/loom/std/mutex.rs,11,new,Mutex<T>,,Crate-internal,Constructor,False,False,False,
tokio,tokio::loom::std,tokio/src/loom/std/mutex.rs,16,const_new,Mutex<T>,,Crate-internal,Constructor,False,False,True,
tokio,tokio::loom::std,tokio/src/loom/std/mutex.rs,21,lock,Mutex<T>,,Crate-internal,Locking / permits,False,False,False,
tokio,tokio::loom::std,tokio/src/loom/std/mutex.rs,29,try_lock,Mutex<T>,,Crate-internal,Non-blocking attempt,False,False,False,
tokio,tokio::loom::std,tokio/src/loom/std/parking_lot.rs,50,new,Mutex<T>,,Crate-internal,Constructor,False,False,False,
tokio,tokio::loom::std,tokio/src/loom/std/parking_lot.rs,56,const_new,Mutex<T>,,Crate-internal,Constructor,False,False,True,
tokio,tokio::loom::std,tokio/src/loom/std/parking_lot.rs,61,lock,Mutex<T>,,Crate-internal,Locking / permits,False,False,False,
tokio,tokio::loom::std,tokio/src/loom/std/parking_lot.rs,66,try_lock,Mutex<T>,,Crate-internal,Non-blocking attempt,False,False,False,
tokio,tokio::loom::std,tokio/src/loom/std/parking_lot.rs,73,get_mut,Mutex<T>,,Crate-internal,Accessor / query,False,False,False,
tokio,tokio::loom::std,tokio/src/loom/std/parking_lot.rs,83,deref,"MutexGuard<'a, T>",Deref,Trait impl,Deref,False,False,False,
tokio,tokio::loom::std,tokio/src/loom/std/parking_lot.rs,89,deref_mut,"MutexGuard<'a, T>",DerefMut,Trait impl,Deref,False,False,False,
tokio,tokio::loom::std,tokio/src/loom/std/parking_lot.rs,95,new,RwLock<T>,,Crate-internal,Constructor,False,False,False,
tokio,tokio::loom::std,tokio/src/loom/std/parking_lot.rs,99,read,RwLock<T>,,Crate-internal,I/O operation,False,False,False,
tokio,tokio::loom::std,tokio/src/loom/std/parking_lot.rs,103,try_read,RwLock<T>,,Crate-internal,Non-blocking attempt,False,False,False,
tokio,tokio::loom::std,tokio/src/loom/std/parking_lot.rs,109,write,RwLock<T>,,Crate-internal,I/O operation,False,False,False,
tokio,tokio::loom::std,tokio/src/loom/std/parking_lot.rs,113,try_write,RwLock<T>,,Crate-internal,Non-blocking attempt,False,False,False,
tokio,tokio::loom::std,tokio/src/loom/std/parking_lot.rs,122,deref,"RwLockReadGuard<'a, T>",Deref,Trait impl,Deref,False,False,False,
tokio,tokio::loom::std,tokio/src/loom/std/parking_lot.rs,129,deref,"RwLockWriteGuard<'a, T>",Deref,Trait impl,Deref,False,False,False,
tokio,tokio::loom::std,tokio/src/loom/std/parking_lot.rs,135,deref_mut,"RwLockWriteGuard<'a, T>",DerefMut,Trait impl,Deref,False,False,False,
tokio,tokio::loom::std,tokio/src/loom/std/parking_lot.rs,142,new,Condvar,,Crate-internal,Constructor,False,False,False,
tokio,tokio::loom::std,tokio/src/loom/std/parking_lot.rs,147,notify_one,Condvar,,Crate-internal,Wake / park,False,False,False,
tokio,tokio::loom::std,tokio/src/loom/std/parking_lot.rs,152,notify_all,Condvar,,Crate-internal,Wake / park,False,False,False,
tokio,tokio::loom::std,tokio/src/loom/std/parking_lot.rs,157,wait,Condvar,,Crate-internal,Runtime/task control,False,False,False,
tokio,tokio::loom::std,tokio/src/loom/std/parking_lot.rs,166,wait_timeout,Condvar,,Crate-internal,Runtime/task control,False,False,False,
tokio,tokio::loom::std,tokio/src/loom/std/parking_lot.rs,180,fmt,"MutexGuard<'a, T>",fmt::Display,Trait impl,Formatting,False,False,False,
tokio,tokio::loom::std,tokio/src/loom/std/parking_lot.rs,186,fmt,"RwLockReadGuard<'a, T>",fmt::Display,Trait impl,Formatting,False,False,False,
tokio,tokio::loom::std,tokio/src/loom/std/parking_lot.rs,192,fmt,"RwLockWriteGuard<'a, T>",fmt::Display,Trait impl,Formatting,False,False,False,
tokio,tokio::loom::std,tokio/src/loom/std/rwlock.rs,11,new,RwLock<T>,,Crate-internal,Constructor,False,False,False,
tokio,tokio::loom::std,tokio/src/loom/std/rwlock.rs,16,read,RwLock<T>,,Crate-internal,I/O operation,False,False,False,
tokio,tokio::loom::std,tokio/src/loom/std/rwlock.rs,24,try_read,RwLock<T>,,Crate-internal,Non-blocking attempt,False,False,False,
tokio,tokio::loom::std,tokio/src/loom/std/rwlock.rs,33,write,RwLock<T>,,Crate-internal,I/O operation,False,False,False,
tokio,tokio::loom::std,tokio/src/loom/std/rwlock.rs,41,try_write,RwLock<T>,,Crate-internal,Non-blocking attempt,False,False,False,
tokio,tokio::loom::std,tokio/src/loom/std/unsafe_cell.rs,5,new,UnsafeCell<T>,,Crate-internal,Constructor,False,False,True,
tokio,tokio::loom::std,tokio/src/loom/std/unsafe_cell.rs,10,with,UnsafeCell<T>,,Crate-internal,Combinator / iteration,False,False,False,
tokio,tokio::loom::std,tokio/src/loom/std/unsafe_cell.rs,15,with_mut,UnsafeCell<T>,,Crate-internal,Constructor,False,False,False,
tokio,tokio::macros,tokio/src/macros/join.rs,259,num_skip,Rotator<COUNT>,,Public API,Accessor / query,False,False,False,Rotates by one each [`Self::num_skip`] call up to COUNT - 1
tokio,tokio::macros,tokio/src/macros/join.rs,276,num_skip,BiasedRotator,,Public API,Accessor / query,False,False,False,Always returns 0.
tokio,tokio::macros,tokio/src/macros/support.rs,9,thread_rng_n,,,Public API,Configuration / setter,False,False,False,
tokio,tokio::macros,tokio/src/macros/support.rs,16,poll_budget_available,,,Public API,Poll function,False,False,False,
tokio,tokio::macros,tokio/src/macros/support.rs,24,poll_budget_available,,,Public API,Poll function,False,False,False,
tokio,tokio::net,tokio/src/net/addr.rs,24,to_socket_addrs,,,Crate-internal,Conversion,False,False,False,
tokio,tokio::net,tokio/src/net/addr.rs,43,to_socket_addrs,&T,sealed::ToSocketAddrsPriv,Trait impl,Conversion,False,False,False,
tokio,tokio::net,tokio/src/net/addr.rs,56,to_socket_addrs,SocketAddr,sealed::ToSocketAddrsPriv,Trait impl,Conversion,False,False,False,
tokio,tokio::net,tokio/src/net/addr.rs,70,to_socket_addrs,SocketAddrV4,sealed::ToSocketAddrsPriv,Trait impl,Conversion,False,False,False,
tokio,tokio::net,tokio/src/net/addr.rs,83,to_socket_addrs,SocketAddrV6,sealed::ToSocketAddrsPriv,Trait impl,Conversion,False,False,False,
tokio,tokio::net,tokio/src/net/addr.rs,96,to_socket_addrs,"(IpAddr, u16)",sealed::ToSocketAddrsPriv,Trait impl,Conversion,False,False,False,
tokio,tokio::net,tokio/src/net/addr.rs,110,to_socket_addrs,"(Ipv4Addr, u16)",sealed::ToSocketAddrsPriv,Trait impl,Conversion,False,False,False,
tokio,tokio::net,tokio/src/net/addr.rs,124,to_socket_addrs,"(Ipv6Addr, u16)",sealed::ToSocketAddrsPriv,Trait impl,Conversion,False,False,False,
tokio,tokio::net,tokio/src/net/addr.rs,138,to_socket_addrs,&[SocketAddr],sealed::ToSocketAddrsPriv,Trait impl,Conversion,False,False,False,
tokio,tokio::net,tokio/src/net/addr.rs,140,slice_to_vec,,,Private helper,Other / internal logic,False,False,False,
tokio,tokio::net,tokio/src/net/addr.rs,168,to_socket_addrs,str,sealed::ToSocketAddrsPriv,Trait impl,Conversion,False,False,False,
tokio,tokio::net,tokio/src/net/addr.rs,196,to_socket_addrs,"(&str, u16)",sealed::ToSocketAddrsPriv,Trait impl,Conversion,False,False,False,
tokio,tokio::net,tokio/src/net/addr.rs,233,to_socket_addrs,"(String, u16)",sealed::ToSocketAddrsPriv,Trait impl,Conversion,False,False,False,
tokio,tokio::net,tokio/src/net/addr.rs,246,to_socket_addrs,String,sealed::ToSocketAddrsPriv,Trait impl,Conversion,False,False,False,
tokio,tokio::net,tokio/src/net/addr.rs,266,to_socket_addrs,trait ToSocketAddrsPriv,,Trait method (declaration/default),Conversion,False,False,False,
tokio,tokio::net,tokio/src/net/addr.rs,300,poll,MaybeReady,Future,Trait impl,Future impl (poll),False,False,False,
tokio,tokio::net,tokio/src/net/addr.rs,318,next,OneOrMore,Iterator,Trait impl,Iterator,False,False,False,
tokio,tokio::net,tokio/src/net/addr.rs,325,size_hint,OneOrMore,Iterator,Trait impl,Iterator,False,False,False,
tokio,tokio::net,tokio/src/net/lookup_host.rs,32,lookup_host,,,Public API,Async operation,True,False,False,Performs a DNS resolution.
tokio,tokio::net,tokio/src/net/udp.rs,150,bind,UdpSocket,,Public API,Networking,True,False,False,This function will create a new UDP socket and attempt to bind it to the `addr` provided.
tokio,tokio::net,tokio/src/net/udp.rs,169,bind_addr,UdpSocket,,Private helper,Networking,False,False,False,
tokio,tokio::net,tokio/src/net/udp.rs,175,new,UdpSocket,,Private helper,Constructor,False,False,False,
tokio,tokio::net,tokio/src/net/udp.rs,227,from_std,UdpSocket,,Public API,Conversion,False,False,False,Creates new `UdpSocket` from a previously bound `std::net::UdpSocket`.
tokio,tokio::net,tokio/src/net/udp.rs,256,into_std,UdpSocket,,Public API,Conversion,False,False,False,Turns a [`tokio::net::UdpSocket`] into a [`std::net::UdpSocket`].
tokio,tokio::net,tokio/src/net/udp.rs,276,as_socket,UdpSocket,,Private helper,Conversion,False,False,False,
tokio,tokio::net,tokio/src/net/udp.rs,297,local_addr,UdpSocket,,Public API,Networking,False,False,False,Returns the local address that this socket is bound to.
tokio,tokio::net,tokio/src/net/udp.rs,320,peer_addr,UdpSocket,,Public API,Networking,False,False,False,Returns the socket address of the remote peer this socket was connected to.
tokio,tokio::net,tokio/src/net/udp.rs,348,connect,UdpSocket,,Public API,Networking,True,False,False,Connects the UDP socket setting the default destination for send() and limiting packets that are read via `recv` from the address specified in `addr`.
tokio,tokio::net,tokio/src/net/udp.rs,435,ready,UdpSocket,,Public API,I/O operation,True,False,False,Waits for any of the requested ready states.
tokio,tokio::net,tokio/src/net/udp.rs,490,writable,UdpSocket,,Public API,Async operation,True,False,False,Waits for the socket to become writable.
tokio,tokio::net,tokio/src/net/udp.rs,524,poll_send_ready,UdpSocket,,Public API,Poll function,False,False,False,Polls for write/send readiness.
tokio,tokio::net,tokio/src/net/udp.rs,570,send,UdpSocket,,Public API,Data movement,True,False,False,Sends data on the socket to the remote address that the socket is connected to.
tokio,tokio::net,tokio/src/net/udp.rs,600,poll_send,UdpSocket,,Public API,Poll function,False,False,False,Attempts to send data on the socket to the remote address to which it was previously `connect`ed.
tokio,tokio::net,tokio/src/net/udp.rs,654,try_send,UdpSocket,,Public API,Non-blocking attempt,False,False,False,Tries to send data on the socket to the remote address to which it is connected.
tokio,tokio::net,tokio/src/net/udp.rs,715,readable,UdpSocket,,Public API,I/O operation,True,False,False,Waits for the socket to become readable.
tokio,tokio::net,tokio/src/net/udp.rs,749,poll_recv_ready,UdpSocket,,Public API,Poll function,False,False,False,Polls for read/receive readiness.
tokio,tokio::net,tokio/src/net/udp.rs,790,recv,UdpSocket,,Public API,Data movement,True,False,False,Receives a single datagram message on the socket from the remote address to which it is connected.
tokio,tokio::net,tokio/src/net/udp.rs,820,poll_recv,UdpSocket,,Public API,Poll function,False,False,False,Attempts to receive a single datagram message on the socket from the remote address to which it is `connect`ed.
tokio,tokio::net,tokio/src/net/udp.rs,889,try_recv,UdpSocket,,Public API,Non-blocking attempt,False,False,False,Tries to receive a single datagram message on the socket from the remote address to which it is connected.
tokio,tokio::net,tokio/src/net/udp.rs,945,try_recv_buf,UdpSocket,,Public API,Non-blocking attempt,False,False,False,"Tries to receive data from the stream into the provided buffer, advancing the buffer's internal cursor, returning how many bytes were read."
tokio,tokio::net,tokio/src/net/udp.rs,993,recv_buf,UdpSocket,,Public API,Data movement,True,False,False,"Receives a single datagram message on the socket from the remote address to which it is connected, advancing the buffer's internal cursor, returning how many bytes were read."
tokio,tokio::net,tokio/src/net/udp.rs,1071,try_recv_buf_from,UdpSocket,,Public API,Non-blocking attempt,False,False,False,Tries to receive a single datagram message on the socket.
tokio,tokio::net,tokio/src/net/udp.rs,1127,recv_buf_from,UdpSocket,,Public API,Data movement,True,False,False,"Receives a single datagram message on the socket, advancing the buffer's internal cursor, returning how many bytes were read and the origin."
tokio,tokio::net,tokio/src/net/udp.rs,1185,send_to,UdpSocket,,Public API,Data movement,True,False,False,Sends data on the socket to the given address.
tokio,tokio::net,tokio/src/net/udp.rs,1214,poll_send_to,UdpSocket,,Public API,Poll function,False,False,False,Attempts to send data on the socket to a given address.
tokio,tokio::net,tokio/src/net/udp.rs,1272,try_send_to,UdpSocket,,Public API,Non-blocking attempt,False,False,False,"Tries to send data on the socket to the given address, but if the send is blocked this will return right away."
tokio,tokio::net,tokio/src/net/udp.rs,1278,send_to_addr,UdpSocket,,Private helper,Data movement,True,False,False,
tokio,tokio::net,tokio/src/net/udp.rs,1326,recv_from,UdpSocket,,Public API,Data movement,True,False,False,Receives a single datagram message on the socket.
tokio,tokio::net,tokio/src/net/udp.rs,1361,poll_recv_from,UdpSocket,,Public API,Poll function,False,False,False,Attempts to receive a single datagram on the socket.
tokio,tokio::net,tokio/src/net/udp.rs,1442,try_recv_from,UdpSocket,,Public API,Non-blocking attempt,False,False,False,Tries to receive a single datagram message on the socket.
tokio,tokio::net,tokio/src/net/udp.rs,1480,try_io,UdpSocket,,Public API,Non-blocking attempt,False,False,False,Tries to read or write from the socket using a user-provided IO operation.
tokio,tokio::net,tokio/src/net/udp.rs,1515,async_io,UdpSocket,,Public API,Async operation,True,False,False,Reads or writes from the socket using a user-provided IO operation.
tokio,tokio::net,tokio/src/net/udp.rs,1569,peek,UdpSocket,,Public API,Combinator / iteration,True,False,False,Receives a single datagram from the connected address without removing it from the queue.
tokio,tokio::net,tokio/src/net/udp.rs,1615,poll_peek,UdpSocket,,Public API,Poll function,False,False,False,"Receives data from the connected address, without removing it from the input queue."
tokio,tokio::net,tokio/src/net/udp.rs,1661,try_peek,UdpSocket,,Public API,Non-blocking attempt,False,False,False,Tries to receive data on the connected address without removing it from the input queue.
tokio,tokio::net,tokio/src/net/udp.rs,1711,peek_from,UdpSocket,,Public API,Combinator / iteration,True,False,False,"Receives data from the socket, without removing it from the input queue."
tokio,tokio::net,tokio/src/net/udp.rs,1760,poll_peek_from,UdpSocket,,Public API,Poll function,False,False,False,"Receives data from the socket, without removing it from the input queue."
tokio,tokio::net,tokio/src/net/udp.rs,1811,try_peek_from,UdpSocket,,Public API,Non-blocking attempt,False,False,False,Tries to receive data on the socket without removing it from the input queue.
tokio,tokio::net,tokio/src/net/udp.rs,1830,peek_sender,UdpSocket,,Public API,Combinator / iteration,True,False,False,"Retrieve the sender of the data at the head of the input queue, waiting if empty."
tokio,tokio::net,tokio/src/net/udp.rs,1859,poll_peek_sender,UdpSocket,,Public API,Poll function,False,False,False,"Retrieve the sender of the data at the head of the input queue, scheduling a wakeup if empty."
tokio,tokio::net,tokio/src/net/udp.rs,1877,try_peek_sender,UdpSocket,,Public API,Non-blocking attempt,False,False,False,Try to retrieve the sender of the data at the head of the input queue.
tokio,tokio::net,tokio/src/net/udp.rs,1884,peek_sender_inner,UdpSocket,,Private helper,Combinator / iteration,False,False,False,
tokio,tokio::net,tokio/src/net/udp.rs,1901,broadcast,UdpSocket,,Public API,Data movement,False,False,False,Gets the value of the `SO_BROADCAST` option for this socket.
tokio,tokio::net,tokio/src/net/udp.rs,1909,set_broadcast,UdpSocket,,Public API,Configuration / setter,False,False,False,Sets the value of the `SO_BROADCAST` option for this socket.
tokio,tokio::net,tokio/src/net/udp.rs,1918,multicast_loop_v4,UdpSocket,,Public API,Networking,False,False,False,Gets the value of the `IP_MULTICAST_LOOP` option for this socket.
tokio,tokio::net,tokio/src/net/udp.rs,1929,set_multicast_loop_v4,UdpSocket,,Public API,Configuration / setter,False,False,False,Sets the value of the `IP_MULTICAST_LOOP` option for this socket.
tokio,tokio::net,tokio/src/net/udp.rs,1938,multicast_ttl_v4,UdpSocket,,Public API,Networking,False,False,False,Gets the value of the `IP_MULTICAST_TTL` option for this socket.
tokio,tokio::net,tokio/src/net/udp.rs,1951,set_multicast_ttl_v4,UdpSocket,,Public API,Configuration / setter,False,False,False,Sets the value of the `IP_MULTICAST_TTL` option for this socket.
tokio,tokio::net,tokio/src/net/udp.rs,1960,multicast_loop_v6,UdpSocket,,Public API,Networking,False,False,False,Gets the value of the `IPV6_MULTICAST_LOOP` option for this socket.
tokio,tokio::net,tokio/src/net/udp.rs,1971,set_multicast_loop_v6,UdpSocket,,Public API,Configuration / setter,False,False,False,Sets the value of the `IPV6_MULTICAST_LOOP` option for this socket.
tokio,tokio::net,tokio/src/net/udp.rs,2006,tclass_v6,UdpSocket,,Public API,Other / internal logic,False,False,False,
tokio,tokio::net,tokio/src/net/udp.rs,2044,set_tclass_v6,UdpSocket,,Public API,Configuration / setter,False,False,False,
tokio,tokio::net,tokio/src/net/udp.rs,2067,ttl,UdpSocket,,Public API,Networking,False,False,False,Gets the value of the `IP_TTL` option for this socket.
tokio,tokio::net,tokio/src/net/udp.rs,2089,set_ttl,UdpSocket,,Public API,Configuration / setter,False,False,False,Sets the value for the `IP_TTL` option on this socket.
tokio,tokio::net,tokio/src/net/udp.rs,2118,tos_v4,UdpSocket,,Public API,Other / internal logic,False,False,False,
tokio,tokio::net,tokio/src/net/udp.rs,2148,tos,UdpSocket,,Public API,Other / internal logic,False,False,False,
tokio,tokio::net,tokio/src/net/udp.rs,2182,set_tos_v4,UdpSocket,,Public API,Configuration / setter,False,False,False,
tokio,tokio::net,tokio/src/net/udp.rs,2212,set_tos,UdpSocket,,Public API,Configuration / setter,False,False,False,
tokio,tokio::net,tokio/src/net/udp.rs,2224,device,UdpSocket,,Public API,Other / internal logic,False,False,False,
tokio,tokio::net,tokio/src/net/udp.rs,2240,bind_device,UdpSocket,,Public API,Networking,False,False,False,
tokio,tokio::net,tokio/src/net/udp.rs,2251,join_multicast_v4,UdpSocket,,Public API,Networking,False,False,False,Executes an operation of the `IP_ADD_MEMBERSHIP` type.
tokio,tokio::net,tokio/src/net/udp.rs,2260,join_multicast_v6,UdpSocket,,Public API,Networking,False,False,False,Executes an operation of the `IPV6_ADD_MEMBERSHIP` type.
tokio,tokio::net,tokio/src/net/udp.rs,2269,leave_multicast_v4,UdpSocket,,Public API,Networking,False,False,False,Executes an operation of the `IP_DROP_MEMBERSHIP` type.
tokio,tokio::net,tokio/src/net/udp.rs,2278,leave_multicast_v6,UdpSocket,,Public API,Networking,False,False,False,Executes an operation of the `IPV6_DROP_MEMBERSHIP` type.
tokio,tokio::net,tokio/src/net/udp.rs,2302,take_error,UdpSocket,,Public API,Data movement,False,False,False,Returns the value of the `SO_ERROR` option.
tokio,tokio::net,tokio/src/net/udp.rs,2314,try_from,UdpSocket,TryFrom<std::net::UdpSocket>,Trait impl,Conversion,False,False,False,"Consumes stream, returning the tokio I/O object."
tokio,tokio::net,tokio/src/net/udp.rs,2320,fmt,UdpSocket,fmt::Debug,Trait impl,Formatting,False,False,False,
tokio,tokio::net,tokio/src/net/udp.rs,2331,as_raw_fd,UdpSocket,AsRawFd,Trait impl,OS handle access,False,False,False,
tokio,tokio::net,tokio/src/net/udp.rs,2337,as_fd,UdpSocket,AsFd,Trait impl,OS handle access,False,False,False,
tokio,tokio::net,tokio/src/net/udp.rs,2348,as_raw_socket,UdpSocket,AsRawSocket,Trait impl,OS handle access,False,False,False,
tokio,tokio::net,tokio/src/net/udp.rs,2354,as_socket,UdpSocket,AsSocket,Trait impl,OS handle access,False,False,False,
tokio,tokio::net::tcp,tokio/src/net/tcp/listener.rs,102,bind,TcpListener,,Public API,Networking,True,False,False,"Creates a new `TcpListener`, which will be bound to the specified address."
tokio,tokio::net::tcp,tokio/src/net/tcp/listener.rs,122,bind_addr,TcpListener,,Private helper,Networking,False,False,False,
tokio,tokio::net::tcp,tokio/src/net/tcp/listener.rs,162,accept,TcpListener,,Public API,Networking,True,False,False,Accepts a new incoming connection from this listener.
tokio,tokio::net::tcp,tokio/src/net/tcp/listener.rs,179,poll_accept,TcpListener,,Public API,Poll function,False,False,False,Polls to accept a new incoming connection to this listener.
tokio,tokio::net::tcp,tokio/src/net/tcp/listener.rs,243,from_std,TcpListener,,Public API,Conversion,False,False,False,Creates new `TcpListener` from a `std::net::TcpListener`.
tokio,tokio::net::tcp,tokio/src/net/tcp/listener.rs,273,into_std,TcpListener,,Public API,Conversion,False,False,False,Turns a [`tokio::net::TcpListener`] into a [`std::net::TcpListener`].
tokio,tokio::net::tcp,tokio/src/net/tcp/listener.rs,303,new,TcpListener,,Crate-internal,Constructor,False,False,False,
tokio,tokio::net::tcp,tokio/src/net/tcp/listener.rs,332,local_addr,TcpListener,,Public API,Networking,False,False,False,Returns the local address that this listener is bound to.
tokio,tokio::net::tcp,tokio/src/net/tcp/listener.rs,359,ttl,TcpListener,,Public API,Networking,False,False,False,Gets the value of the `IP_TTL` option for this socket.
tokio,tokio::net::tcp,tokio/src/net/tcp/listener.rs,384,set_ttl,TcpListener,,Public API,Configuration / setter,False,False,False,Sets the value for the `IP_TTL` option on this socket.
tokio,tokio::net::tcp,tokio/src/net/tcp/listener.rs,396,try_from,TcpListener,TryFrom<net::TcpListener>,Trait impl,Conversion,False,False,False,"Consumes stream, returning the tokio I/O object."
tokio,tokio::net::tcp,tokio/src/net/tcp/listener.rs,402,fmt,TcpListener,fmt::Debug,Trait impl,Formatting,False,False,False,
tokio,tokio::net::tcp,tokio/src/net/tcp/listener.rs,413,as_raw_fd,TcpListener,AsRawFd,Trait impl,OS handle access,False,False,False,
tokio,tokio::net::tcp,tokio/src/net/tcp/listener.rs,419,as_fd,TcpListener,AsFd,Trait impl,OS handle access,False,False,False,
tokio,tokio::net::tcp,tokio/src/net/tcp/listener.rs,432,as_raw_fd,TcpListener,AsRawFd,Trait impl,OS handle access,False,False,False,
tokio,tokio::net::tcp,tokio/src/net/tcp/listener.rs,438,as_fd,TcpListener,AsFd,Trait impl,OS handle access,False,False,False,
tokio,tokio::net::tcp,tokio/src/net/tcp/listener.rs,449,as_raw_socket,TcpListener,AsRawSocket,Trait impl,OS handle access,False,False,False,
tokio,tokio::net::tcp,tokio/src/net/tcp/listener.rs,455,as_socket,TcpListener,AsSocket,Trait impl,OS handle access,False,False,False,
tokio,tokio::net::tcp,tokio/src/net/tcp/socket.rs,126,new_v4,TcpSocket,,Public API,Constructor,False,False,False,Creates a new socket configured for IPv4.
tokio,tokio::net::tcp,tokio/src/net/tcp/socket.rs,159,new_v6,TcpSocket,,Public API,Constructor,False,False,False,Creates a new socket configured for IPv6.
tokio,tokio::net::tcp,tokio/src/net/tcp/socket.rs,163,new,TcpSocket,,Private helper,Constructor,False,False,False,
tokio,tokio::net::tcp,tokio/src/net/tcp/socket.rs,194,set_keepalive,TcpSocket,,Public API,Configuration / setter,False,False,False,Sets value for the `SO_KEEPALIVE` option on this socket.
tokio,tokio::net::tcp,tokio/src/net/tcp/socket.rs,199,keepalive,TcpSocket,,Public API,Other / internal logic,False,False,False,Gets the value of the `SO_KEEPALIVE` option on this socket.
tokio,tokio::net::tcp,tokio/src/net/tcp/socket.rs,229,set_reuseaddr,TcpSocket,,Public API,Configuration / setter,False,False,False,Allows the socket to bind to an in-use address.
tokio,tokio::net::tcp,tokio/src/net/tcp/socket.rs,255,reuseaddr,TcpSocket,,Public API,Other / internal logic,False,False,False,Retrieves the value set for `SO_REUSEADDR` on this socket.
tokio,tokio::net::tcp,tokio/src/net/tcp/socket.rs,301,set_reuseport,TcpSocket,,Public API,Configuration / setter,False,False,False,
tokio,tokio::net::tcp,tokio/src/net/tcp/socket.rs,348,reuseport,TcpSocket,,Public API,Other / internal logic,False,False,False,
tokio,tokio::net::tcp,tokio/src/net/tcp/socket.rs,355,set_send_buffer_size,TcpSocket,,Public API,Configuration / setter,False,False,False,Sets the size of the TCP send buffer on this socket.
tokio,tokio::net::tcp,tokio/src/net/tcp/socket.rs,382,send_buffer_size,TcpSocket,,Public API,Data movement,False,False,False,Returns the size of the TCP send buffer for this socket.
tokio,tokio::net::tcp,tokio/src/net/tcp/socket.rs,389,set_recv_buffer_size,TcpSocket,,Public API,Configuration / setter,False,False,False,Sets the size of the TCP receive buffer on this socket.
tokio,tokio::net::tcp,tokio/src/net/tcp/socket.rs,416,recv_buffer_size,TcpSocket,,Public API,Data movement,False,False,False,Returns the size of the TCP receive buffer for this socket.
tokio,tokio::net::tcp,tokio/src/net/tcp/socket.rs,444,set_linger,TcpSocket,,Public API,Configuration / setter,False,False,False,Sets the linger duration of this socket by setting the `SO_LINGER` option.
tokio,tokio::net::tcp,tokio/src/net/tcp/socket.rs,462,set_zero_linger,TcpSocket,,Public API,Configuration / setter,False,False,False,Sets a linger duration of zero on this socket by setting the `SO_LINGER` option.
tokio,tokio::net::tcp,tokio/src/net/tcp/socket.rs,473,linger,TcpSocket,,Public API,Networking,False,False,False,Reads the linger duration for this socket by getting the `SO_LINGER` option.
tokio,tokio::net::tcp,tokio/src/net/tcp/socket.rs,496,set_nodelay,TcpSocket,,Public API,Configuration / setter,False,False,False,Sets the value of the `TCP_NODELAY` option on this socket.
tokio,tokio::net::tcp,tokio/src/net/tcp/socket.rs,518,nodelay,TcpSocket,,Public API,Networking,False,False,False,Gets the value of the `TCP_NODELAY` option on this socket.
tokio,tokio::net::tcp,tokio/src/net/tcp/socket.rs,553,tclass_v6,TcpSocket,,Public API,Other / internal logic,False,False,False,
tokio,tokio::net::tcp,tokio/src/net/tcp/socket.rs,591,set_tclass_v6,TcpSocket,,Public API,Configuration / setter,False,False,False,
tokio,tokio::net::tcp,tokio/src/net/tcp/socket.rs,620,tos_v4,TcpSocket,,Public API,Other / internal logic,False,False,False,
tokio,tokio::net::tcp,tokio/src/net/tcp/socket.rs,650,tos,TcpSocket,,Public API,Other / internal logic,False,False,False,
tokio,tokio::net::tcp,tokio/src/net/tcp/socket.rs,684,set_tos_v4,TcpSocket,,Public API,Configuration / setter,False,False,False,
tokio,tokio::net::tcp,tokio/src/net/tcp/socket.rs,714,set_tos,TcpSocket,,Public API,Configuration / setter,False,False,False,
tokio,tokio::net::tcp,tokio/src/net/tcp/socket.rs,726,device,TcpSocket,,Public API,Other / internal logic,False,False,False,
tokio,tokio::net::tcp,tokio/src/net/tcp/socket.rs,742,bind_device,TcpSocket,,Public API,Networking,False,False,False,
tokio,tokio::net::tcp,tokio/src/net/tcp/socket.rs,768,local_addr,TcpSocket,,Public API,Networking,False,False,False,Gets the local address of this socket.
tokio,tokio::net::tcp,tokio/src/net/tcp/socket.rs,773,take_error,TcpSocket,,Public API,Data movement,False,False,False,Returns the value of the `SO_ERROR` option.
tokio,tokio::net::tcp,tokio/src/net/tcp/socket.rs,805,bind,TcpSocket,,Public API,Networking,False,False,False,Binds the socket to the given address.
tokio,tokio::net::tcp,tokio/src/net/tcp/socket.rs,841,connect,TcpSocket,,Public API,Networking,True,False,False,Establishes a TCP connection with a peer at the specified socket address.
tokio,tokio::net::tcp,tokio/src/net/tcp/socket.rs,906,listen,TcpSocket,,Public API,Networking,False,False,False,Converts the socket into a `TcpListener`.
tokio,tokio::net::tcp,tokio/src/net/tcp/socket.rs,960,from_std_stream,TcpSocket,,Public API,Conversion,False,False,False,Converts a [`std::net::TcpStream`] into a `TcpSocket`.
tokio,tokio::net::tcp,tokio/src/net/tcp/socket.rs,979,convert_address,,,Private helper,Other / internal logic,False,False,False,
tokio,tokio::net::tcp,tokio/src/net/tcp/socket.rs,990,fmt,TcpSocket,fmt::Debug,Trait impl,Formatting,False,False,False,
tokio,tokio::net::tcp,tokio/src/net/tcp/socket.rs,1000,as_raw_fd,TcpSocket,AsRawFd,Trait impl,OS handle access,False,False,False,
tokio,tokio::net::tcp,tokio/src/net/tcp/socket.rs,1006,as_fd,TcpSocket,AsFd,Trait impl,OS handle access,False,False,False,
tokio,tokio::net::tcp,tokio/src/net/tcp/socket.rs,1018,from_raw_fd,TcpSocket,FromRawFd,Trait impl,Conversion,False,True,False,Converts a `RawFd` to a `TcpSocket`.
tokio,tokio::net::tcp,tokio/src/net/tcp/socket.rs,1027,into_raw_fd,TcpSocket,IntoRawFd,Trait impl,Conversion,False,False,False,
tokio,tokio::net::tcp,tokio/src/net/tcp/socket.rs,1035,into_raw_socket,TcpSocket,IntoRawSocket,Trait impl,Conversion,False,False,False,
tokio,tokio::net::tcp,tokio/src/net/tcp/socket.rs,1041,as_raw_socket,TcpSocket,AsRawSocket,Trait impl,OS handle access,False,False,False,
tokio,tokio::net::tcp,tokio/src/net/tcp/socket.rs,1047,as_socket,TcpSocket,AsSocket,Trait impl,OS handle access,False,False,False,
tokio,tokio::net::tcp,tokio/src/net/tcp/socket.rs,1059,from_raw_socket,TcpSocket,FromRawSocket,Trait impl,Conversion,False,True,False,Converts a `RawSocket` to a `TcpStream`.
tokio,tokio::net::tcp,tokio/src/net/tcp/split.rs,51,split,,,Crate-internal,Combinator / iteration,False,False,False,
tokio,tokio::net::tcp,tokio/src/net/tcp/split.rs,90,poll_peek,ReadHalf<'_>,,Public API,Poll function,False,False,False,"Attempts to receive data on the socket, without removing that data from the queue, registering the current task for wakeup if data is not yet available."
tokio,tokio::net::tcp,tokio/src/net/tcp/split.rs,137,peek,ReadHalf<'_>,,Public API,Combinator / iteration,True,False,False,"Receives data on the socket from the remote address to which it is connected, without removing that data from the queue."
tokio,tokio::net::tcp,tokio/src/net/tcp/split.rs,165,ready,ReadHalf<'_>,,Public API,I/O operation,True,False,False,Waits for any of the requested ready states.
tokio,tokio::net::tcp,tokio/src/net/tcp/split.rs,182,readable,ReadHalf<'_>,,Public API,I/O operation,True,False,False,Waits for the socket to become readable.
tokio,tokio::net::tcp,tokio/src/net/tcp/split.rs,209,try_read,ReadHalf<'_>,,Public API,Non-blocking attempt,False,False,False,"Tries to read data from the stream into the provided buffer, returning how many bytes were read."
tokio,tokio::net::tcp,tokio/src/net/tcp/split.rs,238,try_read_vectored,ReadHalf<'_>,,Public API,Non-blocking attempt,False,False,False,"Tries to read data from the stream into the provided buffers, returning how many bytes were read."
tokio,tokio::net::tcp,tokio/src/net/tcp/split.rs,262,try_read_buf,ReadHalf<'_>,,Public API,Non-blocking attempt,False,False,False,"Tries to read data from the stream into the provided buffer, advancing the buffer's internal cursor, returning how many bytes were read."
tokio,tokio::net::tcp,tokio/src/net/tcp/split.rs,268,peer_addr,ReadHalf<'_>,,Public API,Networking,False,False,False,Returns the remote address that this stream is connected to.
tokio,tokio::net::tcp,tokio/src/net/tcp/split.rs,273,local_addr,ReadHalf<'_>,,Public API,Networking,False,False,False,Returns the local address that this stream is bound to.
tokio,tokio::net::tcp,tokio/src/net/tcp/split.rs,302,ready,WriteHalf<'_>,,Public API,I/O operation,True,False,False,Waits for any of the requested ready states.
tokio,tokio::net::tcp,tokio/src/net/tcp/split.rs,317,writable,WriteHalf<'_>,,Public API,Async operation,True,False,False,Waits for the socket to become writable.
tokio,tokio::net::tcp,tokio/src/net/tcp/split.rs,334,try_write,WriteHalf<'_>,,Public API,Non-blocking attempt,False,False,False,"Tries to write a buffer to the stream, returning how many bytes were written."
tokio,tokio::net::tcp,tokio/src/net/tcp/split.rs,355,try_write_vectored,WriteHalf<'_>,,Public API,Non-blocking attempt,False,False,False,"Tries to write several buffers to the stream, returning how many bytes were written."
tokio,tokio::net::tcp,tokio/src/net/tcp/split.rs,360,peer_addr,WriteHalf<'_>,,Public API,Networking,False,False,False,Returns the remote address that this stream is connected to.
tokio,tokio::net::tcp,tokio/src/net/tcp/split.rs,365,local_addr,WriteHalf<'_>,,Public API,Networking,False,False,False,Returns the local address that this stream is bound to.
tokio,tokio::net::tcp,tokio/src/net/tcp/split.rs,371,poll_read,ReadHalf<'_>,AsyncRead,Trait impl,I/O trait impl,False,False,False,
tokio,tokio::net::tcp,tokio/src/net/tcp/split.rs,381,poll_write,WriteHalf<'_>,AsyncWrite,Trait impl,I/O trait impl,False,False,False,
tokio,tokio::net::tcp,tokio/src/net/tcp/split.rs,389,poll_write_vectored,WriteHalf<'_>,AsyncWrite,Trait impl,I/O trait impl,False,False,False,
tokio,tokio::net::tcp,tokio/src/net/tcp/split.rs,397,is_write_vectored,WriteHalf<'_>,AsyncWrite,Trait impl,I/O trait impl,False,False,False,
tokio,tokio::net::tcp,tokio/src/net/tcp/split.rs,402,poll_flush,WriteHalf<'_>,AsyncWrite,Trait impl,I/O trait impl,False,False,False,
tokio,tokio::net::tcp,tokio/src/net/tcp/split.rs,408,poll_shutdown,WriteHalf<'_>,AsyncWrite,Trait impl,I/O trait impl,False,False,False,
tokio,tokio::net::tcp,tokio/src/net/tcp/split.rs,414,as_ref,ReadHalf<'_>,AsRef<TcpStream>,Trait impl,Conversion,False,False,False,
tokio,tokio::net::tcp,tokio/src/net/tcp/split.rs,420,as_ref,WriteHalf<'_>,AsRef<TcpStream>,Trait impl,Conversion,False,False,False,
tokio,tokio::net::tcp,tokio/src/net/tcp/split_owned.rs,59,split_owned,,,Crate-internal,Combinator / iteration,False,False,False,
tokio,tokio::net::tcp,tokio/src/net/tcp/split_owned.rs,71,reunite,,,Crate-internal,Combinator / iteration,False,False,False,
tokio,tokio::net::tcp,tokio/src/net/tcp/split_owned.rs,91,fmt,ReuniteError,fmt::Display,Trait impl,Formatting,False,False,False,
tokio,tokio::net::tcp,tokio/src/net/tcp/split_owned.rs,107,reunite,OwnedReadHalf,,Public API,Combinator / iteration,False,False,False,Attempts to put the two halves of a `TcpStream` back together and recover the original socket.
tokio,tokio::net::tcp,tokio/src/net/tcp/split_owned.rs,145,poll_peek,OwnedReadHalf,,Public API,Poll function,False,False,False,"Attempt to receive data on the socket, without removing that data from the queue, registering the current task for wakeup if data is not yet available."
tokio,tokio::net::tcp,tokio/src/net/tcp/split_owned.rs,192,peek,OwnedReadHalf,,Public API,Combinator / iteration,True,False,False,"Receives data on the socket from the remote address to which it is connected, without removing that data from the queue."
tokio,tokio::net::tcp,tokio/src/net/tcp/split_owned.rs,220,ready,OwnedReadHalf,,Public API,I/O operation,True,False,False,Waits for any of the requested ready states.
tokio,tokio::net::tcp,tokio/src/net/tcp/split_owned.rs,237,readable,OwnedReadHalf,,Public API,I/O operation,True,False,False,Waits for the socket to become readable.
tokio,tokio::net::tcp,tokio/src/net/tcp/split_owned.rs,264,try_read,OwnedReadHalf,,Public API,Non-blocking attempt,False,False,False,"Tries to read data from the stream into the provided buffer, returning how many bytes were read."
tokio,tokio::net::tcp,tokio/src/net/tcp/split_owned.rs,293,try_read_vectored,OwnedReadHalf,,Public API,Non-blocking attempt,False,False,False,"Tries to read data from the stream into the provided buffers, returning how many bytes were read."
tokio,tokio::net::tcp,tokio/src/net/tcp/split_owned.rs,317,try_read_buf,OwnedReadHalf,,Public API,Non-blocking attempt,False,False,False,"Tries to read data from the stream into the provided buffer, advancing the buffer's internal cursor, returning how many bytes were read."
tokio,tokio::net::tcp,tokio/src/net/tcp/split_owned.rs,323,peer_addr,OwnedReadHalf,,Public API,Networking,False,False,False,Returns the remote address that this stream is connected to.
tokio,tokio::net::tcp,tokio/src/net/tcp/split_owned.rs,328,local_addr,OwnedReadHalf,,Public API,Networking,False,False,False,Returns the local address that this stream is bound to.
tokio,tokio::net::tcp,tokio/src/net/tcp/split_owned.rs,334,poll_read,OwnedReadHalf,AsyncRead,Trait impl,I/O trait impl,False,False,False,
tokio,tokio::net::tcp,tokio/src/net/tcp/split_owned.rs,349,reunite,OwnedWriteHalf,,Public API,Combinator / iteration,False,False,False,Attempts to put the two halves of a `TcpStream` back together and recover the original socket.
tokio,tokio::net::tcp,tokio/src/net/tcp/split_owned.rs,356,forget,OwnedWriteHalf,,Public API,Locking / permits,False,False,False,"Destroys the write half, but don't close the write half of the stream until the read half is dropped."
tokio,tokio::net::tcp,tokio/src/net/tcp/split_owned.rs,384,ready,OwnedWriteHalf,,Public API,I/O operation,True,False,False,Waits for any of the requested ready states.
tokio,tokio::net::tcp,tokio/src/net/tcp/split_owned.rs,399,writable,OwnedWriteHalf,,Public API,Async operation,True,False,False,Waits for the socket to become writable.
tokio,tokio::net::tcp,tokio/src/net/tcp/split_owned.rs,416,try_write,OwnedWriteHalf,,Public API,Non-blocking attempt,False,False,False,"Tries to write a buffer to the stream, returning how many bytes were written."
tokio,tokio::net::tcp,tokio/src/net/tcp/split_owned.rs,437,try_write_vectored,OwnedWriteHalf,,Public API,Non-blocking attempt,False,False,False,"Tries to write several buffers to the stream, returning how many bytes were written."
tokio,tokio::net::tcp,tokio/src/net/tcp/split_owned.rs,442,peer_addr,OwnedWriteHalf,,Public API,Networking,False,False,False,Returns the remote address that this stream is connected to.
tokio,tokio::net::tcp,tokio/src/net/tcp/split_owned.rs,447,local_addr,OwnedWriteHalf,,Public API,Networking,False,False,False,Returns the local address that this stream is bound to.
tokio,tokio::net::tcp,tokio/src/net/tcp/split_owned.rs,453,drop,OwnedWriteHalf,Drop,Trait impl,Drop / cleanup,False,False,False,
tokio,tokio::net::tcp,tokio/src/net/tcp/split_owned.rs,461,poll_write,OwnedWriteHalf,AsyncWrite,Trait impl,I/O trait impl,False,False,False,
tokio,tokio::net::tcp,tokio/src/net/tcp/split_owned.rs,469,poll_write_vectored,OwnedWriteHalf,AsyncWrite,Trait impl,I/O trait impl,False,False,False,
tokio,tokio::net::tcp,tokio/src/net/tcp/split_owned.rs,477,is_write_vectored,OwnedWriteHalf,AsyncWrite,Trait impl,I/O trait impl,False,False,False,
tokio,tokio::net::tcp,tokio/src/net/tcp/split_owned.rs,482,poll_flush,OwnedWriteHalf,AsyncWrite,Trait impl,I/O trait impl,False,False,False,
tokio,tokio::net::tcp,tokio/src/net/tcp/split_owned.rs,488,poll_shutdown,OwnedWriteHalf,AsyncWrite,Trait impl,I/O trait impl,False,False,False,
tokio,tokio::net::tcp,tokio/src/net/tcp/split_owned.rs,498,as_ref,OwnedReadHalf,AsRef<TcpStream>,Trait impl,Conversion,False,False,False,
tokio,tokio::net::tcp,tokio/src/net/tcp/split_owned.rs,504,as_ref,OwnedWriteHalf,AsRef<TcpStream>,Trait impl,Conversion,False,False,False,
tokio,tokio::net::tcp,tokio/src/net/tcp/stream.rs,121,connect,TcpStream,,Public API,Networking,True,False,False,Opens a TCP connection to a remote host.
tokio,tokio::net::tcp,tokio/src/net/tcp/stream.rs,142,connect_addr,TcpStream,,Private helper,Networking,True,False,False,Establishes a connection to the specified `addr`.
tokio,tokio::net::tcp,tokio/src/net/tcp/stream.rs,147,connect_mio,TcpStream,,Crate-internal,Networking,True,False,False,
tokio,tokio::net::tcp,tokio/src/net/tcp/stream.rs,166,new,TcpStream,,Crate-internal,Constructor,False,False,False,
tokio,tokio::net::tcp,tokio/src/net/tcp/stream.rs,174,new_accepted,TcpStream,,Crate-internal,Constructor,False,False,False,"A stream returned by `accept`: assumed readable and writable, so that its first read and write try the socket instead of waiting for the driver's first event (see `Registration::assume_ready`)."
tokio,tokio::net::tcp,tokio/src/net/tcp/stream.rs,225,from_std,TcpStream,,Public API,Conversion,False,False,False,Creates new `TcpStream` from a `std::net::TcpStream`.
tokio,tokio::net::tcp,tokio/src/net/tcp/stream.rs,271,into_std,TcpStream,,Public API,Conversion,False,False,False,Turns a [`tokio::net::TcpStream`] into a [`std::net::TcpStream`].
tokio,tokio::net::tcp,tokio/src/net/tcp/stream.rs,314,local_addr,TcpStream,,Public API,Networking,False,False,False,Returns the local address that this stream is bound to.
tokio,tokio::net::tcp,tokio/src/net/tcp/stream.rs,319,take_error,TcpStream,,Public API,Data movement,False,False,False,Returns the value of the `SO_ERROR` option.
tokio,tokio::net::tcp,tokio/src/net/tcp/stream.rs,337,peer_addr,TcpStream,,Public API,Networking,False,False,False,Returns the remote address that this stream is connected to.
tokio,tokio::net::tcp,tokio/src/net/tcp/stream.rs,383,poll_peek,TcpStream,,Public API,Poll function,False,False,False,"Attempts to receive data on the socket, without removing that data from the queue, registering the current task for wakeup if data is not yet available."
tokio,tokio::net::tcp,tokio/src/net/tcp/stream.rs,482,ready,TcpStream,,Public API,I/O operation,True,False,False,Waits for any of the requested ready states.
tokio,tokio::net::tcp,tokio/src/net/tcp/stream.rs,537,readable,TcpStream,,Public API,I/O operation,True,False,False,Waits for the socket to become readable.
tokio,tokio::net::tcp,tokio/src/net/tcp/stream.rs,571,poll_read_ready,TcpStream,,Public API,Poll function,False,False,False,Polls for read readiness.
tokio,tokio::net::tcp,tokio/src/net/tcp/stream.rs,638,try_read,TcpStream,,Public API,Non-blocking attempt,False,False,False,"Tries to read data from the stream into the provided buffer, returning how many bytes were read."
tokio,tokio::net::tcp,tokio/src/net/tcp/stream.rs,716,try_read_vectored,TcpStream,,Public API,Non-blocking attempt,False,False,False,"Tries to read data from the stream into the provided buffers, returning how many bytes were read."
tokio,tokio::net::tcp,tokio/src/net/tcp/stream.rs,782,try_read_buf,TcpStream,,Public API,Non-blocking attempt,False,False,False,"Tries to read data from the stream into the provided buffer, advancing the buffer's internal cursor, returning how many bytes were read."
tokio,tokio::net::tcp,tokio/src/net/tcp/stream.rs,849,writable,TcpStream,,Public API,Async operation,True,False,False,Waits for the socket to become writable.
tokio,tokio::net::tcp,tokio/src/net/tcp/stream.rs,883,poll_write_ready,TcpStream,,Public API,Poll function,False,False,False,Polls for write readiness.
tokio,tokio::net::tcp,tokio/src/net/tcp/stream.rs,935,try_write,TcpStream,,Public API,Non-blocking attempt,False,False,False,"Try to write a buffer to the stream, returning how many bytes were written."
tokio,tokio::net::tcp,tokio/src/net/tcp/stream.rs,997,try_write_vectored,TcpStream,,Public API,Non-blocking attempt,False,False,False,"Tries to write several buffers to the stream, returning how many bytes were written."
tokio,tokio::net::tcp,tokio/src/net/tcp/stream.rs,1037,try_io,TcpStream,,Public API,Non-blocking attempt,False,False,False,Tries to read or write from the socket using a user-provided IO operation.
tokio,tokio::net::tcp,tokio/src/net/tcp/stream.rs,1072,async_io,TcpStream,,Public API,Async operation,True,False,False,Reads or writes from the socket using a user-provided IO operation.
tokio,tokio::net::tcp,tokio/src/net/tcp/stream.rs,1127,peek,TcpStream,,Public API,Combinator / iteration,True,False,False,"Receives data on the socket from the remote address to which it is connected, without removing that data from the queue."
tokio,tokio::net::tcp,tokio/src/net/tcp/stream.rs,1144,shutdown_std,TcpStream,,Crate-internal,Runtime/task control,False,False,False,"Shuts down the read, write, or both halves of this connection."
tokio,tokio::net::tcp,tokio/src/net/tcp/stream.rs,1169,nodelay,TcpStream,,Public API,Networking,False,False,False,Gets the value of the `TCP_NODELAY` option on this socket.
tokio,tokio::net::tcp,tokio/src/net/tcp/stream.rs,1193,set_nodelay,TcpStream,,Public API,Configuration / setter,False,False,False,Sets the value of the `TCP_NODELAY` option on this socket.
tokio,tokio::net::tcp,tokio/src/net/tcp/stream.rs,1228,quickack,TcpStream,,Public API,Other / internal logic,False,False,False,
tokio,tokio::net::tcp,tokio/src/net/tcp/stream.rs,1268,set_quickack,TcpStream,,Public API,Configuration / setter,False,False,False,
tokio,tokio::net::tcp,tokio/src/net/tcp/stream.rs,1293,linger,TcpStream,,Public API,Networking,False,False,False,Reads the linger duration for this socket by getting the `SO_LINGER` option.
tokio,tokio::net::tcp,tokio/src/net/tcp/stream.rs,1335,set_linger,TcpStream,,Public API,Configuration / setter,False,False,False,Sets the linger duration of this socket by setting the `SO_LINGER` option.
tokio,tokio::net::tcp,tokio/src/net/tcp/stream.rs,1368,set_zero_linger,TcpStream,,Public API,Configuration / setter,False,False,False,Sets a linger duration of zero on this socket by setting the `SO_LINGER` option.
tokio,tokio::net::tcp,tokio/src/net/tcp/stream.rs,1391,ttl,TcpStream,,Public API,Networking,False,False,False,Gets the value of the `IP_TTL` option for this socket.
tokio,tokio::net::tcp,tokio/src/net/tcp/stream.rs,1412,set_ttl,TcpStream,,Public API,Configuration / setter,False,False,False,Sets the value for the `IP_TTL` option on this socket.
tokio,tokio::net::tcp,tokio/src/net/tcp/stream.rs,1426,split,TcpStream,,Public API,Combinator / iteration,False,False,False,"Splits a `TcpStream` into a read half and a write half, which can be used to read and write the stream concurrently."
tokio,tokio::net::tcp,tokio/src/net/tcp/stream.rs,1441,into_split,TcpStream,,Public API,Conversion,False,False,False,"Splits a `TcpStream` into a read half and a write half, which can be used to read and write the stream concurrently."
tokio,tokio::net::tcp,tokio/src/net/tcp/stream.rs,1451,poll_read_priv,TcpStream,,Crate-internal,Poll function,False,False,False,
tokio,tokio::net::tcp,tokio/src/net/tcp/stream.rs,1460,poll_write_priv,TcpStream,,Crate-internal,Poll function,False,False,False,
tokio,tokio::net::tcp,tokio/src/net/tcp/stream.rs,1468,poll_write_vectored_priv,TcpStream,,Crate-internal,Poll function,False,False,False,
tokio,tokio::net::tcp,tokio/src/net/tcp/stream.rs,1484,try_from,TcpStream,TryFrom<std::net::TcpStream>,Trait impl,Conversion,False,False,False,"Consumes stream, returning the tokio I/O object."
tokio,tokio::net::tcp,tokio/src/net/tcp/stream.rs,1492,poll_read,TcpStream,AsyncRead,Trait impl,I/O trait impl,False,False,False,
tokio,tokio::net::tcp,tokio/src/net/tcp/stream.rs,1502,poll_write,TcpStream,AsyncWrite,Trait impl,I/O trait impl,False,False,False,
tokio,tokio::net::tcp,tokio/src/net/tcp/stream.rs,1510,poll_write_vectored,TcpStream,AsyncWrite,Trait impl,I/O trait impl,False,False,False,
tokio,tokio::net::tcp,tokio/src/net/tcp/stream.rs,1518,is_write_vectored,TcpStream,AsyncWrite,Trait impl,I/O trait impl,False,False,False,
tokio,tokio::net::tcp,tokio/src/net/tcp/stream.rs,1523,poll_flush,TcpStream,AsyncWrite,Trait impl,I/O trait impl,False,False,False,
tokio,tokio::net::tcp,tokio/src/net/tcp/stream.rs,1528,poll_shutdown,TcpStream,AsyncWrite,Trait impl,I/O trait impl,False,False,False,
tokio,tokio::net::tcp,tokio/src/net/tcp/stream.rs,1535,fmt,TcpStream,fmt::Debug,Trait impl,Formatting,False,False,False,
tokio,tokio::net::tcp,tokio/src/net/tcp/stream.rs,1542,as_ref,TcpStream,AsRef<Self>,Trait impl,Conversion,False,False,False,
tokio,tokio::net::tcp,tokio/src/net/tcp/stream.rs,1553,as_raw_fd,TcpStream,AsRawFd,Trait impl,OS handle access,False,False,False,
tokio,tokio::net::tcp,tokio/src/net/tcp/stream.rs,1559,as_fd,TcpStream,AsFd,Trait impl,OS handle access,False,False,False,
tokio,tokio::net::tcp,tokio/src/net/tcp/stream.rs,1569,as_raw_socket,TcpStream,AsRawSocket,Trait impl,OS handle access,False,False,False,
tokio,tokio::net::tcp,tokio/src/net/tcp/stream.rs,1575,as_socket,TcpStream,AsSocket,Trait impl,OS handle access,False,False,False,
tokio,tokio::net::tcp,tokio/src/net/tcp/stream.rs,1587,as_raw_fd,TcpStream,AsRawFd,Trait impl,OS handle access,False,False,False,
tokio,tokio::net::tcp,tokio/src/net/tcp/stream.rs,1593,as_fd,TcpStream,AsFd,Trait impl,OS handle access,False,False,False,
tokio,tokio::net::unix,tokio/src/net/unix/listener.rs,60,new,UnixListener,,Crate-internal,Constructor,False,False,False,
tokio,tokio::net::unix,tokio/src/net/unix/listener.rs,76,bind,UnixListener,,Public API,Networking,False,False,False,Creates a new `UnixListener` bound to the specified path.
tokio,tokio::net::unix,tokio/src/net/unix/listener.rs,108,bind_addr,UnixListener,,Public API,Networking,False,False,False,Creates a new `UnixListener` bound to the specified address.
tokio,tokio::net::unix,tokio/src/net/unix/listener.rs,156,from_std,UnixListener,,Public API,Conversion,False,False,False,Creates new [`UnixListener`] from a [`std::os::unix::net::UnixListener`].
tokio,tokio::net::unix,tokio/src/net/unix/listener.rs,184,into_std,UnixListener,,Public API,Conversion,False,False,False,Turns a [`tokio::net::UnixListener`] into a [`std::os::unix::net::UnixListener`].
tokio,tokio::net::unix,tokio/src/net/unix/listener.rs,192,local_addr,UnixListener,,Public API,Networking,False,False,False,Returns the local socket address of this listener.
tokio,tokio::net::unix,tokio/src/net/unix/listener.rs,197,take_error,UnixListener,,Public API,Data movement,False,False,False,Returns the value of the `SO_ERROR` option.
tokio,tokio::net::unix,tokio/src/net/unix/listener.rs,209,accept,UnixListener,,Public API,Networking,True,False,False,Accepts a new incoming connection to this listener.
tokio,tokio::net::unix,tokio/src/net/unix/listener.rs,227,poll_accept,UnixListener,,Public API,Poll function,False,False,False,Polls to accept a new incoming connection to this listener.
tokio,tokio::net::unix,tokio/src/net/unix/listener.rs,242,try_from,UnixListener,TryFrom<std::os::unix::net::UnixListener>,Trait impl,Conversion,False,False,False,"Consumes stream, returning the tokio I/O object."
tokio,tokio::net::unix,tokio/src/net/unix/listener.rs,248,fmt,UnixListener,fmt::Debug,Trait impl,Formatting,False,False,False,
tokio,tokio::net::unix,tokio/src/net/unix/listener.rs,254,as_raw_fd,UnixListener,AsRawFd,Trait impl,OS handle access,False,False,False,
tokio,tokio::net::unix,tokio/src/net/unix/listener.rs,260,as_fd,UnixListener,AsFd,Trait impl,OS handle access,False,False,False,
tokio,tokio::net::unix,tokio/src/net/unix/pipe.rs,67,pipe,,,Public API,Other / internal logic,False,False,False,Creates a new anonymous Unix pipe.
tokio,tokio::net::unix,tokio/src/net/unix/pipe.rs,132,new,OpenOptions,,Public API,Constructor,False,False,False,Creates a blank new set of options ready for configuration.
tokio,tokio::net::unix,tokio/src/net/unix/pipe.rs,173,read_write,OpenOptions,,Public API,I/O operation,False,False,False,Sets the option for read-write access.
tokio,tokio::net::unix,tokio/src/net/unix/pipe.rs,205,unchecked,OpenOptions,,Public API,Other / internal logic,False,False,False,Sets the option to skip the check for FIFO file type.
tokio,tokio::net::unix,tokio/src/net/unix/pipe.rs,229,open_receiver,OpenOptions,,Public API,Constructor,False,False,False,Creates a [`Receiver`] from a FIFO file with the options specified by `self`.
tokio,tokio::net::unix,tokio/src/net/unix/pipe.rs,255,open_sender,OpenOptions,,Public API,Constructor,False,False,False,Creates a [`Sender`] from a FIFO file with the options specified by `self`.
tokio,tokio::net::unix,tokio/src/net/unix/pipe.rs,260,open,OpenOptions,,Private helper,Constructor,False,False,False,
tokio,tokio::net::unix,tokio/src/net/unix/pipe.rs,283,default,OpenOptions,Default,Trait impl,Constructor,False,False,False,
tokio,tokio::net::unix,tokio/src/net/unix/pipe.rs,370,from_mio,Sender,,Private helper,Conversion,False,False,False,
tokio,tokio::net::unix,tokio/src/net/unix/pipe.rs,394,from_file,Sender,,Public API,Conversion,False,False,False,Creates a new `Sender` from a [`File`].
tokio,tokio::net::unix,tokio/src/net/unix/pipe.rs,419,from_owned_fd,Sender,,Public API,Conversion,False,False,False,Creates a new `Sender` from an [`OwnedFd`].
tokio,tokio::net::unix,tokio/src/net/unix/pipe.rs,474,from_file_unchecked,Sender,,Public API,Conversion,False,False,False,Creates a new `Sender` from a [`File`] without checking pipe properties.
tokio,tokio::net::unix,tokio/src/net/unix/pipe.rs,494,from_owned_fd_unchecked,Sender,,Public API,Conversion,False,False,False,Creates a new `Sender` from an [`OwnedFd`] without checking pipe properties.
tokio,tokio::net::unix,tokio/src/net/unix/pipe.rs,519,ready,Sender,,Public API,I/O operation,True,False,False,Waits for any of the requested ready states.
tokio,tokio::net::unix,tokio/src/net/unix/pipe.rs,564,writable,Sender,,Public API,Async operation,True,False,False,Waits for the pipe to become writable.
tokio,tokio::net::unix,tokio/src/net/unix/pipe.rs,596,poll_write_ready,Sender,,Public API,Poll function,False,False,False,Polls for write readiness.
tokio,tokio::net::unix,tokio/src/net/unix/pipe.rs,663,try_write,Sender,,Public API,Non-blocking attempt,False,False,False,"Tries to write a buffer to the pipe, returning how many bytes were written."
tokio,tokio::net::unix,tokio/src/net/unix/pipe.rs,739,try_write_vectored,Sender,,Public API,Non-blocking attempt,False,False,False,"Tries to write several buffers to the pipe, returning how many bytes were written."
tokio,tokio::net::unix,tokio/src/net/unix/pipe.rs,771,try_io,Sender,,Public API,Non-blocking attempt,False,False,False,Tries to write from the socket using a user-provided IO operation.
tokio,tokio::net::unix,tokio/src/net/unix/pipe.rs,781,into_blocking_fd,Sender,,Public API,Conversion,False,False,False,Converts the pipe into an [`OwnedFd`] in blocking mode.
tokio,tokio::net::unix,tokio/src/net/unix/pipe.rs,792,into_nonblocking_fd,Sender,,Public API,Conversion,False,False,False,Converts the pipe into an [`OwnedFd`] in nonblocking mode.
tokio,tokio::net::unix,tokio/src/net/unix/pipe.rs,804,poll_write,Sender,AsyncWrite,Trait impl,I/O trait impl,False,False,False,
tokio,tokio::net::unix,tokio/src/net/unix/pipe.rs,812,poll_write_vectored,Sender,AsyncWrite,Trait impl,I/O trait impl,False,False,False,
tokio,tokio::net::unix,tokio/src/net/unix/pipe.rs,820,is_write_vectored,Sender,AsyncWrite,Trait impl,I/O trait impl,False,False,False,
tokio,tokio::net::unix,tokio/src/net/unix/pipe.rs,824,poll_flush,Sender,AsyncWrite,Trait impl,I/O trait impl,False,False,False,
tokio,tokio::net::unix,tokio/src/net/unix/pipe.rs,828,poll_shutdown,Sender,AsyncWrite,Trait impl,I/O trait impl,False,False,False,
tokio,tokio::net::unix,tokio/src/net/unix/pipe.rs,834,as_raw_fd,Sender,AsRawFd,Trait impl,OS handle access,False,False,False,
tokio,tokio::net::unix,tokio/src/net/unix/pipe.rs,840,as_fd,Sender,AsFd,Trait impl,OS handle access,False,False,False,
tokio,tokio::net::unix,tokio/src/net/unix/pipe.rs,918,from_mio,Receiver,,Private helper,Conversion,False,False,False,
tokio,tokio::net::unix,tokio/src/net/unix/pipe.rs,942,from_file,Receiver,,Public API,Conversion,False,False,False,Creates a new `Receiver` from a [`File`].
tokio,tokio::net::unix,tokio/src/net/unix/pipe.rs,967,from_owned_fd,Receiver,,Public API,Conversion,False,False,False,Creates a new `Receiver` from an [`OwnedFd`].
tokio,tokio::net::unix,tokio/src/net/unix/pipe.rs,1022,from_file_unchecked,Receiver,,Public API,Conversion,False,False,False,Creates a new `Receiver` from a [`File`] without checking pipe properties.
tokio,tokio::net::unix,tokio/src/net/unix/pipe.rs,1042,from_owned_fd_unchecked,Receiver,,Public API,Conversion,False,False,False,Creates a new `Receiver` from an [`OwnedFd`] without checking pipe properties.
tokio,tokio::net::unix,tokio/src/net/unix/pipe.rs,1067,ready,Receiver,,Public API,I/O operation,True,False,False,Waits for any of the requested ready states.
tokio,tokio::net::unix,tokio/src/net/unix/pipe.rs,1116,readable,Receiver,,Public API,I/O operation,True,False,False,Waits for the pipe to become readable.
tokio,tokio::net::unix,tokio/src/net/unix/pipe.rs,1148,poll_read_ready,Receiver,,Public API,Poll function,False,False,False,Polls for read readiness.
tokio,tokio::net::unix,tokio/src/net/unix/pipe.rs,1222,try_read,Receiver,,Public API,Non-blocking attempt,False,False,False,"Tries to read data from the pipe into the provided buffer, returning how many bytes were read."
tokio,tokio::net::unix,tokio/src/net/unix/pipe.rs,1306,try_read_vectored,Receiver,,Public API,Non-blocking attempt,False,False,False,"Tries to read data from the pipe into the provided buffers, returning how many bytes were read."
tokio,tokio::net::unix,tokio/src/net/unix/pipe.rs,1338,try_io,Receiver,,Public API,Non-blocking attempt,False,False,False,Tries to read to the socket using a user-provided IO operation.
tokio,tokio::net::unix,tokio/src/net/unix/pipe.rs,1411,try_read_buf,Receiver,,Public API,Non-blocking attempt,False,False,False,"Tries to read data from the pipe into the provided buffer, advancing the buffer's internal cursor, returning how many bytes were read."
tokio,tokio::net::unix,tokio/src/net/unix/pipe.rs,1436,into_blocking_fd,Receiver,,Public API,Conversion,False,False,False,Converts the pipe into an [`OwnedFd`] in blocking mode.
tokio,tokio::net::unix,tokio/src/net/unix/pipe.rs,1447,into_nonblocking_fd,Receiver,,Public API,Conversion,False,False,False,Converts the pipe into an [`OwnedFd`] in nonblocking mode.
tokio,tokio::net::unix,tokio/src/net/unix/pipe.rs,1459,poll_read,Receiver,AsyncRead,Trait impl,I/O trait impl,False,False,False,
tokio,tokio::net::unix,tokio/src/net/unix/pipe.rs,1471,as_raw_fd,Receiver,AsRawFd,Trait impl,OS handle access,False,False,False,
tokio,tokio::net::unix,tokio/src/net/unix/pipe.rs,1477,as_fd,Receiver,AsFd,Trait impl,OS handle access,False,False,False,
tokio,tokio::net::unix,tokio/src/net/unix/pipe.rs,1483,is_pipe,,,Private helper,Accessor / query,False,False,False,Checks if the file descriptor is a pipe or a FIFO.
tokio,tokio::net::unix,tokio/src/net/unix/pipe.rs,1500,get_file_flags,,,Private helper,Accessor / query,False,False,False,Gets file descriptor's flags by fcntl.
tokio,tokio::net::unix,tokio/src/net/unix/pipe.rs,1511,has_read_access,,,Private helper,Accessor / query,False,False,False,Checks for `O_RDONLY` or `O_RDWR` access mode.
tokio,tokio::net::unix,tokio/src/net/unix/pipe.rs,1517,has_write_access,,,Private helper,Accessor / query,False,False,False,Checks for `O_WRONLY` or `O_RDWR` access mode.
tokio,tokio::net::unix,tokio/src/net/unix/pipe.rs,1523,set_nonblocking,,,Private helper,Configuration / setter,False,False,False,Sets file descriptor's flags with `O_NONBLOCK` by fcntl.
tokio,tokio::net::unix,tokio/src/net/unix/pipe.rs,1539,set_blocking,,,Private helper,Configuration / setter,False,False,False,Removes `O_NONBLOCK` from fd's flags.
tokio,tokio::net::unix,tokio/src/net/unix/socket.rs,95,ty,UnixSocket,,Private helper,Other / internal logic,False,False,False,
tokio,tokio::net::unix,tokio/src/net/unix/socket.rs,107,new_datagram,UnixSocket,,Public API,Constructor,False,False,False,Creates a new Unix datagram socket.
tokio,tokio::net::unix,tokio/src/net/unix/socket.rs,119,new_stream,UnixSocket,,Public API,Constructor,False,False,False,Creates a new Unix stream socket.
tokio,tokio::net::unix,tokio/src/net/unix/socket.rs,123,new,UnixSocket,,Private helper,Constructor,False,False,False,
tokio,tokio::net::unix,tokio/src/net/unix/socket.rs,153,bind,UnixSocket,,Public API,Networking,False,False,False,Binds the socket to the given address.
tokio,tokio::net::unix,tokio/src/net/unix/socket.rs,171,listen,UnixSocket,,Public API,Networking,False,False,False,Converts the socket into a `UnixListener`.
tokio,tokio::net::unix,tokio/src/net/unix/socket.rs,200,connect,UnixSocket,,Public API,Networking,True,False,False,Establishes a Unix connection with a peer at the specified socket address.
tokio,tokio::net::unix,tokio/src/net/unix/socket.rs,228,datagram,UnixSocket,,Public API,Other / internal logic,False,False,False,Converts the socket into a [`UnixDatagram`].
tokio,tokio::net::unix,tokio/src/net/unix/socket.rs,246,as_raw_fd,UnixSocket,AsRawFd,Trait impl,OS handle access,False,False,False,
tokio,tokio::net::unix,tokio/src/net/unix/socket.rs,252,as_fd,UnixSocket,AsFd,Trait impl,OS handle access,False,False,False,
tokio,tokio::net::unix,tokio/src/net/unix/socket.rs,258,from_raw_fd,UnixSocket,FromRawFd,Trait impl,Conversion,False,True,False,
tokio,tokio::net::unix,tokio/src/net/unix/socket.rs,267,into_raw_fd,UnixSocket,IntoRawFd,Trait impl,Conversion,False,False,False,
tokio,tokio::net::unix,tokio/src/net/unix/socketaddr.rs,18,is_unnamed,SocketAddr,,Public API,Accessor / query,False,False,False,Returns `true` if the address is unnamed.
tokio,tokio::net::unix,tokio/src/net/unix/socketaddr.rs,27,as_pathname,SocketAddr,,Public API,Conversion,False,False,False,Returns the contents of this address if it is a `pathname` address.
tokio,tokio::net::unix,tokio/src/net/unix/socketaddr.rs,40,as_abstract_name,SocketAddr,,Public API,Conversion,False,False,False,Returns the contents of this address if it is in the abstract namespace.
tokio,tokio::net::unix,tokio/src/net/unix/socketaddr.rs,51,fmt,SocketAddr,fmt::Debug,Trait impl,Formatting,False,False,False,
tokio,tokio::net::unix,tokio/src/net/unix/socketaddr.rs,57,from,SocketAddr,From<std::os::unix::net::SocketAddr>,Trait impl,Conversion,False,False,False,
tokio,tokio::net::unix,tokio/src/net/unix/socketaddr.rs,63,from,std::os::unix::net::SocketAddr,From<SocketAddr>,Trait impl,Conversion,False,False,False,
tokio,tokio::net::unix,tokio/src/net/unix/split.rs,51,split,,,Crate-internal,Combinator / iteration,False,False,False,
tokio,tokio::net::unix,tokio/src/net/unix/split.rs,79,ready,ReadHalf<'_>,,Public API,I/O operation,True,False,False,Wait for any of the requested ready states.
tokio,tokio::net::unix,tokio/src/net/unix/split.rs,94,readable,ReadHalf<'_>,,Public API,I/O operation,True,False,False,Waits for the socket to become readable.
tokio,tokio::net::unix,tokio/src/net/unix/split.rs,121,try_read,ReadHalf<'_>,,Public API,Non-blocking attempt,False,False,False,"Tries to read data from the stream into the provided buffer, returning how many bytes were read."
tokio,tokio::net::unix,tokio/src/net/unix/split.rs,144,try_read_buf,ReadHalf<'_>,,Public API,Non-blocking attempt,False,False,False,"Tries to read data from the stream into the provided buffer, advancing the buffer's internal cursor, returning how many bytes were read."
tokio,tokio::net::unix,tokio/src/net/unix/split.rs,174,try_read_vectored,ReadHalf<'_>,,Public API,Non-blocking attempt,False,False,False,"Tries to read data from the stream into the provided buffers, returning how many bytes were read."
tokio,tokio::net::unix,tokio/src/net/unix/split.rs,179,peer_addr,ReadHalf<'_>,,Public API,Networking,False,False,False,Returns the socket address of the remote half of this connection.
tokio,tokio::net::unix,tokio/src/net/unix/split.rs,184,local_addr,ReadHalf<'_>,,Public API,Networking,False,False,False,Returns the socket address of the local half of this connection.
tokio,tokio::net::unix,tokio/src/net/unix/split.rs,213,ready,WriteHalf<'_>,,Public API,I/O operation,True,False,False,Waits for any of the requested ready states.
tokio,tokio::net::unix,tokio/src/net/unix/split.rs,228,writable,WriteHalf<'_>,,Public API,Async operation,True,False,False,Waits for the socket to become writable.
tokio,tokio::net::unix,tokio/src/net/unix/split.rs,245,try_write,WriteHalf<'_>,,Public API,Non-blocking attempt,False,False,False,"Tries to write a buffer to the stream, returning how many bytes were written."
tokio,tokio::net::unix,tokio/src/net/unix/split.rs,266,try_write_vectored,WriteHalf<'_>,,Public API,Non-blocking attempt,False,False,False,"Tries to write several buffers to the stream, returning how many bytes were written."
tokio,tokio::net::unix,tokio/src/net/unix/split.rs,271,peer_addr,WriteHalf<'_>,,Public API,Networking,False,False,False,Returns the socket address of the remote half of this connection.
tokio,tokio::net::unix,tokio/src/net/unix/split.rs,276,local_addr,WriteHalf<'_>,,Public API,Networking,False,False,False,Returns the socket address of the local half of this connection.
tokio,tokio::net::unix,tokio/src/net/unix/split.rs,282,poll_read,ReadHalf<'_>,AsyncRead,Trait impl,I/O trait impl,False,False,False,
tokio,tokio::net::unix,tokio/src/net/unix/split.rs,292,poll_write,WriteHalf<'_>,AsyncWrite,Trait impl,I/O trait impl,False,False,False,
tokio,tokio::net::unix,tokio/src/net/unix/split.rs,300,poll_write_vectored,WriteHalf<'_>,AsyncWrite,Trait impl,I/O trait impl,False,False,False,
tokio,tokio::net::unix,tokio/src/net/unix/split.rs,308,is_write_vectored,WriteHalf<'_>,AsyncWrite,Trait impl,I/O trait impl,False,False,False,
tokio,tokio::net::unix,tokio/src/net/unix/split.rs,312,poll_flush,WriteHalf<'_>,AsyncWrite,Trait impl,I/O trait impl,False,False,False,
tokio,tokio::net::unix,tokio/src/net/unix/split.rs,316,poll_shutdown,WriteHalf<'_>,AsyncWrite,Trait impl,I/O trait impl,False,False,False,
tokio,tokio::net::unix,tokio/src/net/unix/split.rs,322,as_ref,ReadHalf<'_>,AsRef<UnixStream>,Trait impl,Conversion,False,False,False,
tokio,tokio::net::unix,tokio/src/net/unix/split.rs,328,as_ref,WriteHalf<'_>,AsRef<UnixStream>,Trait impl,Conversion,False,False,False,
tokio,tokio::net::unix,tokio/src/net/unix/split_owned.rs,59,split_owned,,,Crate-internal,Combinator / iteration,False,False,False,
tokio,tokio::net::unix,tokio/src/net/unix/split_owned.rs,71,reunite,,,Crate-internal,Combinator / iteration,False,False,False,
tokio,tokio::net::unix,tokio/src/net/unix/split_owned.rs,91,fmt,ReuniteError,fmt::Display,Trait impl,Formatting,False,False,False,
tokio,tokio::net::unix,tokio/src/net/unix/split_owned.rs,107,reunite,OwnedReadHalf,,Public API,Combinator / iteration,False,False,False,Attempts to put the two halves of a `UnixStream` back together and recover the original socket.
tokio,tokio::net::unix,tokio/src/net/unix/split_owned.rs,134,ready,OwnedReadHalf,,Public API,I/O operation,True,False,False,Waits for any of the requested ready states.
tokio,tokio::net::unix,tokio/src/net/unix/split_owned.rs,149,readable,OwnedReadHalf,,Public API,I/O operation,True,False,False,Waits for the socket to become readable.
tokio,tokio::net::unix,tokio/src/net/unix/split_owned.rs,176,try_read,OwnedReadHalf,,Public API,Non-blocking attempt,False,False,False,"Tries to read data from the stream into the provided buffer, returning how many bytes were read."
tokio,tokio::net::unix,tokio/src/net/unix/split_owned.rs,200,try_read_buf,OwnedReadHalf,,Public API,Non-blocking attempt,False,False,False,"Tries to read data from the stream into the provided buffer, advancing the buffer's internal cursor, returning how many bytes were read."
tokio,tokio::net::unix,tokio/src/net/unix/split_owned.rs,230,try_read_vectored,OwnedReadHalf,,Public API,Non-blocking attempt,False,False,False,"Tries to read data from the stream into the provided buffers, returning how many bytes were read."
tokio,tokio::net::unix,tokio/src/net/unix/split_owned.rs,235,peer_addr,OwnedReadHalf,,Public API,Networking,False,False,False,Returns the socket address of the remote half of this connection.
tokio,tokio::net::unix,tokio/src/net/unix/split_owned.rs,240,local_addr,OwnedReadHalf,,Public API,Networking,False,False,False,Returns the socket address of the local half of this connection.
tokio,tokio::net::unix,tokio/src/net/unix/split_owned.rs,246,poll_read,OwnedReadHalf,AsyncRead,Trait impl,I/O trait impl,False,False,False,
tokio,tokio::net::unix,tokio/src/net/unix/split_owned.rs,261,reunite,OwnedWriteHalf,,Public API,Combinator / iteration,False,False,False,Attempts to put the two halves of a `UnixStream` back together and recover the original socket.
tokio,tokio::net::unix,tokio/src/net/unix/split_owned.rs,268,forget,OwnedWriteHalf,,Public API,Locking / permits,False,False,False,"Destroys the write half, but don't close the write half of the stream until the read half is dropped."
tokio,tokio::net::unix,tokio/src/net/unix/split_owned.rs,296,ready,OwnedWriteHalf,,Public API,I/O operation,True,False,False,Waits for any of the requested ready states.
tokio,tokio::net::unix,tokio/src/net/unix/split_owned.rs,311,writable,OwnedWriteHalf,,Public API,Async operation,True,False,False,Waits for the socket to become writable.
tokio,tokio::net::unix,tokio/src/net/unix/split_owned.rs,328,try_write,OwnedWriteHalf,,Public API,Non-blocking attempt,False,False,False,"Tries to write a buffer to the stream, returning how many bytes were written."
tokio,tokio::net::unix,tokio/src/net/unix/split_owned.rs,349,try_write_vectored,OwnedWriteHalf,,Public API,Non-blocking attempt,False,False,False,"Tries to write several buffers to the stream, returning how many bytes were written."
tokio,tokio::net::unix,tokio/src/net/unix/split_owned.rs,354,peer_addr,OwnedWriteHalf,,Public API,Networking,False,False,False,Returns the socket address of the remote half of this connection.
tokio,tokio::net::unix,tokio/src/net/unix/split_owned.rs,359,local_addr,OwnedWriteHalf,,Public API,Networking,False,False,False,Returns the socket address of the local half of this connection.
tokio,tokio::net::unix,tokio/src/net/unix/split_owned.rs,365,drop,OwnedWriteHalf,Drop,Trait impl,Drop / cleanup,False,False,False,
tokio,tokio::net::unix,tokio/src/net/unix/split_owned.rs,373,poll_write,OwnedWriteHalf,AsyncWrite,Trait impl,I/O trait impl,False,False,False,
tokio,tokio::net::unix,tokio/src/net/unix/split_owned.rs,381,poll_write_vectored,OwnedWriteHalf,AsyncWrite,Trait impl,I/O trait impl,False,False,False,
tokio,tokio::net::unix,tokio/src/net/unix/split_owned.rs,389,is_write_vectored,OwnedWriteHalf,AsyncWrite,Trait impl,I/O trait impl,False,False,False,
tokio,tokio::net::unix,tokio/src/net/unix/split_owned.rs,394,poll_flush,OwnedWriteHalf,AsyncWrite,Trait impl,I/O trait impl,False,False,False,
tokio,tokio::net::unix,tokio/src/net/unix/split_owned.rs,400,poll_shutdown,OwnedWriteHalf,AsyncWrite,Trait impl,I/O trait impl,False,False,False,
tokio,tokio::net::unix,tokio/src/net/unix/split_owned.rs,410,as_ref,OwnedReadHalf,AsRef<UnixStream>,Trait impl,Conversion,False,False,False,
tokio,tokio::net::unix,tokio/src/net/unix/split_owned.rs,416,as_ref,OwnedWriteHalf,AsRef<UnixStream>,Trait impl,Conversion,False,False,False,
tokio,tokio::net::unix,tokio/src/net/unix/stream.rs,49,connect_mio,UnixStream,,Crate-internal,Networking,True,False,False,
tokio,tokio::net::unix,tokio/src/net/unix/stream.rs,81,connect,UnixStream,,Public API,Networking,True,False,False,Connects to the socket named by `path`.
tokio,tokio::net::unix,tokio/src/net/unix/stream.rs,116,connect_addr,UnixStream,,Public API,Networking,True,False,False,Connects to the socket named by `socket_addr`.
tokio,tokio::net::unix,tokio/src/net/unix/stream.rs,204,ready,UnixStream,,Public API,I/O operation,True,False,False,Waits for any of the requested ready states.
tokio,tokio::net::unix,tokio/src/net/unix/stream.rs,261,readable,UnixStream,,Public API,I/O operation,True,False,False,Waits for the socket to become readable.
tokio,tokio::net::unix,tokio/src/net/unix/stream.rs,295,poll_read_ready,UnixStream,,Public API,Poll function,False,False,False,Polls for read readiness.
tokio,tokio::net::unix,tokio/src/net/unix/stream.rs,364,try_read,UnixStream,,Public API,Non-blocking attempt,False,False,False,"Try to read data from the stream into the provided buffer, returning how many bytes were read."
tokio,tokio::net::unix,tokio/src/net/unix/stream.rs,442,try_read_vectored,UnixStream,,Public API,Non-blocking attempt,False,False,False,"Tries to read data from the stream into the provided buffers, returning how many bytes were read."
tokio,tokio::net::unix,tokio/src/net/unix/stream.rs,508,try_read_buf,UnixStream,,Public API,Non-blocking attempt,False,False,False,"Tries to read data from the stream into the provided buffer, advancing the buffer's internal cursor, returning how many bytes were read."
tokio,tokio::net::unix,tokio/src/net/unix/stream.rs,577,writable,UnixStream,,Public API,Async operation,True,False,False,Waits for the socket to become writable.
tokio,tokio::net::unix,tokio/src/net/unix/stream.rs,611,poll_write_ready,UnixStream,,Public API,Poll function,False,False,False,Polls for write readiness.
tokio,tokio::net::unix,tokio/src/net/unix/stream.rs,665,try_write,UnixStream,,Public API,Non-blocking attempt,False,False,False,"Tries to write a buffer to the stream, returning how many bytes were written."
tokio,tokio::net::unix,tokio/src/net/unix/stream.rs,727,try_write_vectored,UnixStream,,Public API,Non-blocking attempt,False,False,False,"Tries to write several buffers to the stream, returning how many bytes were written."
tokio,tokio::net::unix,tokio/src/net/unix/stream.rs,765,try_io,UnixStream,,Public API,Non-blocking attempt,False,False,False,Tries to read or write from the socket using a user-provided IO operation.
tokio,tokio::net::unix,tokio/src/net/unix/stream.rs,800,async_io,UnixStream,,Public API,Async operation,True,False,False,Reads or writes from the socket using a user-provided IO operation.
tokio,tokio::net::unix,tokio/src/net/unix/stream.rs,853,from_std,UnixStream,,Public API,Conversion,False,False,False,Creates new [`UnixStream`] from a [`std::os::unix::net::UnixStream`].
tokio,tokio::net::unix,tokio/src/net/unix/stream.rs,901,into_std,UnixStream,,Public API,Conversion,False,False,False,Turns a [`tokio::net::UnixStream`] into a [`std::os::unix::net::UnixStream`].
tokio,tokio::net::unix,tokio/src/net/unix/stream.rs,913,pair,UnixStream,,Public API,Constructor,False,False,False,Creates an unnamed pair of connected sockets.
tokio,tokio::net::unix,tokio/src/net/unix/stream.rs,926,new_accepted,UnixStream,,Crate-internal,Constructor,False,False,False,See `TcpStream::new_accepted`.
tokio,tokio::net::unix,tokio/src/net/unix/stream.rs,935,new,UnixStream,,Crate-internal,Constructor,False,False,False,
tokio,tokio::net::unix,tokio/src/net/unix/stream.rs,956,local_addr,UnixStream,,Public API,Networking,False,False,False,Returns the socket address of the local half of this connection.
tokio,tokio::net::unix,tokio/src/net/unix/stream.rs,976,peer_addr,UnixStream,,Public API,Networking,False,False,False,Returns the socket address of the remote half of this connection.
tokio,tokio::net::unix,tokio/src/net/unix/stream.rs,981,peer_cred,UnixStream,,Public API,Other / internal logic,False,False,False,Returns effective credentials of the process which called `connect` or `pair`.
tokio,tokio::net::unix,tokio/src/net/unix/stream.rs,986,take_error,UnixStream,,Public API,Data movement,False,False,False,Returns the value of the `SO_ERROR` option.
tokio,tokio::net::unix,tokio/src/net/unix/stream.rs,1000,shutdown_std,UnixStream,,Crate-internal,Runtime/task control,False,False,False,"Shuts down the read, write, or both halves of this connection."
tokio,tokio::net::unix,tokio/src/net/unix/stream.rs,1017,split,UnixStream,,Public API,Combinator / iteration,False,False,False,"Splits a `UnixStream` into a read half and a write half, which can be used to read and write the stream concurrently."
tokio,tokio::net::unix,tokio/src/net/unix/stream.rs,1032,into_split,UnixStream,,Public API,Conversion,False,False,False,"Splits a `UnixStream` into a read half and a write half, which can be used to read and write the stream concurrently."
tokio,tokio::net::unix,tokio/src/net/unix/stream.rs,1044,try_from,UnixStream,TryFrom<net::UnixStream>,Trait impl,Conversion,False,False,False,"Consumes stream, returning the tokio I/O object."
tokio,tokio::net::unix,tokio/src/net/unix/stream.rs,1050,poll_read,UnixStream,AsyncRead,Trait impl,I/O trait impl,False,False,False,
tokio,tokio::net::unix,tokio/src/net/unix/stream.rs,1060,poll_write,UnixStream,AsyncWrite,Trait impl,I/O trait impl,False,False,False,
tokio,tokio::net::unix,tokio/src/net/unix/stream.rs,1068,poll_write_vectored,UnixStream,AsyncWrite,Trait impl,I/O trait impl,False,False,False,
tokio,tokio::net::unix,tokio/src/net/unix/stream.rs,1076,is_write_vectored,UnixStream,AsyncWrite,Trait impl,I/O trait impl,False,False,False,
tokio,tokio::net::unix,tokio/src/net/unix/stream.rs,1080,poll_flush,UnixStream,AsyncWrite,Trait impl,I/O trait impl,False,False,False,
tokio,tokio::net::unix,tokio/src/net/unix/stream.rs,1084,poll_shutdown,UnixStream,AsyncWrite,Trait impl,I/O trait impl,False,False,False,
tokio,tokio::net::unix,tokio/src/net/unix/stream.rs,1097,poll_read_priv,UnixStream,,Crate-internal,Poll function,False,False,False,
tokio,tokio::net::unix,tokio/src/net/unix/stream.rs,1106,poll_write_priv,UnixStream,,Crate-internal,Poll function,False,False,False,
tokio,tokio::net::unix,tokio/src/net/unix/stream.rs,1114,poll_write_vectored_priv,UnixStream,,Crate-internal,Poll function,False,False,False,
tokio,tokio::net::unix,tokio/src/net/unix/stream.rs,1124,fmt,UnixStream,fmt::Debug,Trait impl,Formatting,False,False,False,
tokio,tokio::net::unix,tokio/src/net/unix/stream.rs,1130,as_ref,UnixStream,AsRef<Self>,Trait impl,Conversion,False,False,False,
tokio,tokio::net::unix,tokio/src/net/unix/stream.rs,1136,as_raw_fd,UnixStream,AsRawFd,Trait impl,OS handle access,False,False,False,
tokio,tokio::net::unix,tokio/src/net/unix/stream.rs,1142,as_fd,UnixStream,AsFd,Trait impl,OS handle access,False,False,False,
tokio,tokio::net::unix,tokio/src/net/unix/ucred.rs,16,uid,UCred,,Public API,Other / internal logic,False,False,False,Gets UID (user ID) of the process.
tokio,tokio::net::unix,tokio/src/net/unix/ucred.rs,21,gid,UCred,,Public API,Other / internal logic,False,False,False,Gets GID (group ID) of the process.
tokio,tokio::net::unix,tokio/src/net/unix/ucred.rs,31,pid,UCred,,Public API,Other / internal logic,False,False,False,Gets PID (process ID) of the process.
tokio,tokio::net::unix,tokio/src/net/unix/ucred.rs,107,get_peer_cred,,,Crate-internal,Accessor / query,False,False,False,
tokio,tokio::net::unix,tokio/src/net/unix/ucred.rs,156,get_peer_cred,,,Crate-internal,Accessor / query,False,False,False,
tokio,tokio::net::unix,tokio/src/net/unix/ucred.rs,198,get_peer_cred,,,Crate-internal,Accessor / query,False,False,False,
tokio,tokio::net::unix,tokio/src/net/unix/ucred.rs,229,get_peer_cred,,,Crate-internal,Accessor / query,False,False,False,
tokio,tokio::net::unix,tokio/src/net/unix/ucred.rs,304,get_peer_cred,,,Crate-internal,Accessor / query,False,False,False,
tokio,tokio::net::unix,tokio/src/net/unix/ucred.rs,348,get_peer_cred,,,Crate-internal,Accessor / query,False,False,False,
tokio,tokio::net::unix,tokio/src/net/unix/ucred.rs,380,get_peer_cred,,,Crate-internal,Accessor / query,False,False,False,
tokio,tokio::net::unix,tokio/src/net/unix/ucred.rs,413,get_peer_cred,,,Crate-internal,Accessor / query,False,False,False,
tokio,tokio::net::unix,tokio/src/net/unix/ucred.rs,431,get_peer_cred,,,Crate-internal,Accessor / query,False,False,False,
tokio,tokio::net::unix::datagram,tokio/src/net/unix/datagram/socket.rs,102,from_mio,UnixDatagram,,Crate-internal,Conversion,False,False,False,
tokio,tokio::net::unix::datagram,tokio/src/net/unix/datagram/socket.rs,182,ready,UnixDatagram,,Public API,I/O operation,True,False,False,Waits for any of the requested ready states.
tokio,tokio::net::unix::datagram,tokio/src/net/unix/datagram/socket.rs,239,writable,UnixDatagram,,Public API,Async operation,True,False,False,Waits for the socket to become writable.
tokio,tokio::net::unix::datagram,tokio/src/net/unix/datagram/socket.rs,273,poll_send_ready,UnixDatagram,,Public API,Poll function,False,False,False,Polls for write/send readiness.
tokio,tokio::net::unix::datagram,tokio/src/net/unix/datagram/socket.rs,335,readable,UnixDatagram,,Public API,I/O operation,True,False,False,Waits for the socket to become readable.
tokio,tokio::net::unix::datagram,tokio/src/net/unix/datagram/socket.rs,369,poll_recv_ready,UnixDatagram,,Public API,Poll function,False,False,False,Polls for read/receive readiness.
tokio,tokio::net::unix::datagram,tokio/src/net/unix/datagram/socket.rs,395,bind,UnixDatagram,,Public API,Networking,False,False,False,Creates a new `UnixDatagram` bound to the specified path.
tokio,tokio::net::unix::datagram,tokio/src/net/unix/datagram/socket.rs,433,pair,UnixDatagram,,Public API,Constructor,False,False,False,Creates an unnamed pair of connected sockets.
tokio,tokio::net::unix::datagram,tokio/src/net/unix/datagram/socket.rs,495,from_std,UnixDatagram,,Public API,Conversion,False,False,False,Creates new [`UnixDatagram`] from a [`std::os::unix::net::UnixDatagram`].
tokio,tokio::net::unix::datagram,tokio/src/net/unix/datagram/socket.rs,524,into_std,UnixDatagram,,Public API,Conversion,False,False,False,Turns a [`tokio::net::UnixDatagram`] into a [`std::os::unix::net::UnixDatagram`].
tokio,tokio::net::unix::datagram,tokio/src/net/unix/datagram/socket.rs,531,new,UnixDatagram,,Private helper,Constructor,False,False,False,
tokio,tokio::net::unix::datagram,tokio/src/net/unix/datagram/socket.rs,568,unbound,UnixDatagram,,Public API,Other / internal logic,False,False,False,Creates a new `UnixDatagram` which is not bound to any address.
tokio,tokio::net::unix::datagram,tokio/src/net/unix/datagram/socket.rs,611,connect,UnixDatagram,,Public API,Networking,False,False,False,Connects the socket to the specified address.
tokio,tokio::net::unix::datagram,tokio/src/net/unix/datagram/socket.rs,648,send,UnixDatagram,,Public API,Data movement,True,False,False,Sends data on the socket to the socket's peer.
tokio,tokio::net::unix::datagram,tokio/src/net/unix/datagram/socket.rs,693,try_send,UnixDatagram,,Public API,Non-blocking attempt,False,False,False,Tries to send a datagram to the peer without waiting.
tokio,tokio::net::unix::datagram,tokio/src/net/unix/datagram/socket.rs,736,try_send_to,UnixDatagram,,Public API,Non-blocking attempt,False,False,False,Tries to send a datagram to the peer without waiting.
tokio,tokio::net::unix::datagram,tokio/src/net/unix/datagram/socket.rs,779,recv,UnixDatagram,,Public API,Data movement,True,False,False,Receives data from the socket.
tokio,tokio::net::unix::datagram,tokio/src/net/unix/datagram/socket.rs,830,try_recv,UnixDatagram,,Public API,Non-blocking attempt,False,False,False,Tries to receive a datagram from the peer without waiting.
tokio,tokio::net::unix::datagram,tokio/src/net/unix/datagram/socket.rs,880,try_recv_buf_from,UnixDatagram,,Public API,Non-blocking attempt,False,False,False,Tries to receive data from the socket without waiting.
tokio,tokio::net::unix::datagram,tokio/src/net/unix/datagram/socket.rs,937,recv_buf_from,UnixDatagram,,Public API,Data movement,True,False,False,"Receives from the socket, advances the buffer's internal cursor and returns how many bytes were read and the origin."
tokio,tokio::net::unix::datagram,tokio/src/net/unix/datagram/socket.rs,999,try_recv_buf,UnixDatagram,,Public API,Non-blocking attempt,False,False,False,"Tries to read data from the stream into the provided buffer, advancing the buffer's internal cursor, returning how many bytes were read."
tokio,tokio::net::unix::datagram,tokio/src/net/unix/datagram/socket.rs,1047,recv_buf,UnixDatagram,,Public API,Data movement,True,False,False,"Receives data from the socket from the address to which it is connected, advancing the buffer's internal cursor, returning how many bytes were read."
tokio,tokio::net::unix::datagram,tokio/src/net/unix/datagram/socket.rs,1105,send_to,UnixDatagram,,Public API,Data movement,True,False,False,Sends data on the socket to the specified address.
tokio,tokio::net::unix::datagram,tokio/src/net/unix/datagram/socket.rs,1156,recv_from,UnixDatagram,,Public API,Data movement,True,False,False,Receives data from the socket.
tokio,tokio::net::unix::datagram,tokio/src/net/unix/datagram/socket.rs,1183,poll_recv_from,UnixDatagram,,Public API,Poll function,False,False,False,Attempts to receive a single datagram on the specified address.
tokio,tokio::net::unix::datagram,tokio/src/net/unix/datagram/socket.rs,1223,poll_send_to,UnixDatagram,,Public API,Poll function,False,False,False,Attempts to send data to the specified address.
tokio,tokio::net::unix::datagram,tokio/src/net/unix/datagram/socket.rs,1260,poll_send,UnixDatagram,,Public API,Poll function,False,False,False,Attempts to send data on the socket to the remote address to which it was previously `connect`ed.
tokio,tokio::net::unix::datagram,tokio/src/net/unix/datagram/socket.rs,1289,poll_recv,UnixDatagram,,Public API,Poll function,False,False,False,Attempts to receive a single datagram message on the socket from the remote address to which it is `connect`ed.
tokio,tokio::net::unix::datagram,tokio/src/net/unix/datagram/socket.rs,1351,try_recv_from,UnixDatagram,,Public API,Non-blocking attempt,False,False,False,Tries to receive data from the socket without waiting.
tokio,tokio::net::unix::datagram,tokio/src/net/unix/datagram/socket.rs,1392,try_io,UnixDatagram,,Public API,Non-blocking attempt,False,False,False,Tries to read or write from the socket using a user-provided IO operation.
tokio,tokio::net::unix::datagram,tokio/src/net/unix/datagram/socket.rs,1427,async_io,UnixDatagram,,Public API,Async operation,True,False,False,Reads or writes from the socket using a user-provided IO operation.
tokio,tokio::net::unix::datagram,tokio/src/net/unix/datagram/socket.rs,1480,local_addr,UnixDatagram,,Public API,Networking,False,False,False,Returns the local address that this socket is bound to.
tokio,tokio::net::unix::datagram,tokio/src/net/unix/datagram/socket.rs,1531,peer_addr,UnixDatagram,,Public API,Networking,False,False,False,Returns the address of this socket's peer.
tokio,tokio::net::unix::datagram,tokio/src/net/unix/datagram/socket.rs,1555,take_error,UnixDatagram,,Public API,Data movement,False,False,False,Returns the value of the `SO_ERROR` option.
tokio,tokio::net::unix::datagram,tokio/src/net/unix/datagram/socket.rs,1592,shutdown,UnixDatagram,,Public API,Runtime/task control,False,False,False,"Shuts down the read, write, or both halves of this connection."
tokio,tokio::net::unix::datagram,tokio/src/net/unix/datagram/socket.rs,1604,try_from,UnixDatagram,TryFrom<std::os::unix::net::UnixDatagram>,Trait impl,Conversion,False,False,False,"Consumes stream, returning the Tokio I/O object."
tokio,tokio::net::unix::datagram,tokio/src/net/unix/datagram/socket.rs,1610,fmt,UnixDatagram,fmt::Debug,Trait impl,Formatting,False,False,False,
tokio,tokio::net::unix::datagram,tokio/src/net/unix/datagram/socket.rs,1616,as_raw_fd,UnixDatagram,AsRawFd,Trait impl,OS handle access,False,False,False,
tokio,tokio::net::unix::datagram,tokio/src/net/unix/datagram/socket.rs,1622,as_fd,UnixDatagram,AsFd,Trait impl,OS handle access,False,False,False,
tokio,tokio::net::windows,tokio/src/net/windows/named_pipe.rs,132,from_raw_handle,NamedPipeServer,,Public API,Conversion,False,True,False,Constructs a new named pipe server from the specified raw handle.
tokio,tokio::net::windows,tokio/src/net/windows/named_pipe.rs,161,info,NamedPipeServer,,Public API,Other / internal logic,False,False,False,Retrieves information about the named pipe the server is associated with.
tokio,tokio::net::windows,tokio/src/net/windows/named_pipe.rs,196,connect,NamedPipeServer,,Public API,Networking,True,False,False,Enables a named pipe server process to wait for a client process to connect to an instance of a named pipe.
tokio,tokio::net::windows,tokio/src/net/windows/named_pipe.rs,237,disconnect,NamedPipeServer,,Public API,Other / internal logic,False,False,False,Disconnects the server end of a named pipe instance from a client process.
tokio,tokio::net::windows,tokio/src/net/windows/named_pipe.rs,309,ready,NamedPipeServer,,Public API,I/O operation,True,False,False,Waits for any of the requested ready states.
tokio,tokio::net::windows,tokio/src/net/windows/named_pipe.rs,359,readable,NamedPipeServer,,Public API,I/O operation,True,False,False,Waits for the pipe to become readable.
tokio,tokio::net::windows,tokio/src/net/windows/named_pipe.rs,392,poll_read_ready,NamedPipeServer,,Public API,Poll function,False,False,False,Polls for read readiness.
tokio,tokio::net::windows,tokio/src/net/windows/named_pipe.rs,461,try_read,NamedPipeServer,,Public API,Non-blocking attempt,False,False,False,"Tries to read data from the pipe into the provided buffer, returning how many bytes were read."
tokio,tokio::net::windows,tokio/src/net/windows/named_pipe.rs,539,try_read_vectored,NamedPipeServer,,Public API,Non-blocking attempt,False,False,False,"Tries to read data from the pipe into the provided buffers, returning how many bytes were read."
tokio,tokio::net::windows,tokio/src/net/windows/named_pipe.rs,604,try_read_buf,NamedPipeServer,,Public API,Non-blocking attempt,False,False,False,"Tries to read data from the stream into the provided buffer, advancing the buffer's internal cursor, returning how many bytes were read."
tokio,tokio::net::windows,tokio/src/net/windows/named_pipe.rs,666,writable,NamedPipeServer,,Public API,Async operation,True,False,False,Waits for the pipe to become writable.
tokio,tokio::net::windows,tokio/src/net/windows/named_pipe.rs,699,poll_write_ready,NamedPipeServer,,Public API,Poll function,False,False,False,Polls for write readiness.
tokio,tokio::net::windows,tokio/src/net/windows/named_pipe.rs,753,try_write,NamedPipeServer,,Public API,Non-blocking attempt,False,False,False,"Tries to write a buffer to the pipe, returning how many bytes were written."
tokio,tokio::net::windows,tokio/src/net/windows/named_pipe.rs,815,try_write_vectored,NamedPipeServer,,Public API,Non-blocking attempt,False,False,False,"Tries to write several buffers to the pipe, returning how many bytes were written."
tokio,tokio::net::windows,tokio/src/net/windows/named_pipe.rs,853,try_io,NamedPipeServer,,Public API,Non-blocking attempt,False,False,False,Tries to read or write from the pipe using a user-provided IO operation.
tokio,tokio::net::windows,tokio/src/net/windows/named_pipe.rs,886,async_io,NamedPipeServer,,Public API,Async operation,True,False,False,Reads or writes from the pipe using a user-provided IO operation.
tokio,tokio::net::windows,tokio/src/net/windows/named_pipe.rs,896,poll_read,NamedPipeServer,AsyncRead,Trait impl,I/O trait impl,False,False,False,
tokio,tokio::net::windows,tokio/src/net/windows/named_pipe.rs,906,poll_write,NamedPipeServer,AsyncWrite,Trait impl,I/O trait impl,False,False,False,
tokio,tokio::net::windows,tokio/src/net/windows/named_pipe.rs,914,poll_write_vectored,NamedPipeServer,AsyncWrite,Trait impl,I/O trait impl,False,False,False,
tokio,tokio::net::windows,tokio/src/net/windows/named_pipe.rs,922,poll_flush,NamedPipeServer,AsyncWrite,Trait impl,I/O trait impl,False,False,False,
tokio,tokio::net::windows,tokio/src/net/windows/named_pipe.rs,926,poll_shutdown,NamedPipeServer,AsyncWrite,Trait impl,I/O trait impl,False,False,False,
tokio,tokio::net::windows,tokio/src/net/windows/named_pipe.rs,932,as_raw_handle,NamedPipeServer,AsRawHandle,Trait impl,OS handle access,False,False,False,
tokio,tokio::net::windows,tokio/src/net/windows/named_pipe.rs,938,as_handle,NamedPipeServer,AsHandle,Trait impl,OS handle access,False,False,False,
tokio,tokio::net::windows,tokio/src/net/windows/named_pipe.rs,1007,from_raw_handle,NamedPipeClient,,Public API,Conversion,False,True,False,Constructs a new named pipe client from the specified raw handle.
tokio,tokio::net::windows,tokio/src/net/windows/named_pipe.rs,1034,info,NamedPipeClient,,Public API,Other / internal logic,False,False,False,Retrieves information about the named pipe the client is associated with.
tokio,tokio::net::windows,tokio/src/net/windows/named_pipe.rs,1106,ready,NamedPipeClient,,Public API,I/O operation,True,False,False,Waits for any of the requested ready states.
tokio,tokio::net::windows,tokio/src/net/windows/named_pipe.rs,1155,readable,NamedPipeClient,,Public API,I/O operation,True,False,False,Waits for the pipe to become readable.
tokio,tokio::net::windows,tokio/src/net/windows/named_pipe.rs,1188,poll_read_ready,NamedPipeClient,,Public API,Poll function,False,False,False,Polls for read readiness.
tokio,tokio::net::windows,tokio/src/net/windows/named_pipe.rs,1256,try_read,NamedPipeClient,,Public API,Non-blocking attempt,False,False,False,"Tries to read data from the pipe into the provided buffer, returning how many bytes were read."
tokio,tokio::net::windows,tokio/src/net/windows/named_pipe.rs,1333,try_read_vectored,NamedPipeClient,,Public API,Non-blocking attempt,False,False,False,"Tries to read data from the pipe into the provided buffers, returning how many bytes were read."
tokio,tokio::net::windows,tokio/src/net/windows/named_pipe.rs,1398,try_read_buf,NamedPipeClient,,Public API,Non-blocking attempt,False,False,False,"Tries to read data from the stream into the provided buffer, advancing the buffer's internal cursor, returning how many bytes were read."
tokio,tokio::net::windows,tokio/src/net/windows/named_pipe.rs,1459,writable,NamedPipeClient,,Public API,Async operation,True,False,False,Waits for the pipe to become writable.
tokio,tokio::net::windows,tokio/src/net/windows/named_pipe.rs,1492,poll_write_ready,NamedPipeClient,,Public API,Poll function,False,False,False,Polls for write readiness.
tokio,tokio::net::windows,tokio/src/net/windows/named_pipe.rs,1545,try_write,NamedPipeClient,,Public API,Non-blocking attempt,False,False,False,"Tries to write a buffer to the pipe, returning how many bytes were written."
tokio,tokio::net::windows,tokio/src/net/windows/named_pipe.rs,1606,try_write_vectored,NamedPipeClient,,Public API,Non-blocking attempt,False,False,False,"Tries to write several buffers to the pipe, returning how many bytes were written."
tokio,tokio::net::windows,tokio/src/net/windows/named_pipe.rs,1644,try_io,NamedPipeClient,,Public API,Non-blocking attempt,False,False,False,Tries to read or write from the pipe using a user-provided IO operation.
tokio,tokio::net::windows,tokio/src/net/windows/named_pipe.rs,1677,async_io,NamedPipeClient,,Public API,Async operation,True,False,False,Reads or writes from the pipe using a user-provided IO operation.
tokio,tokio::net::windows,tokio/src/net/windows/named_pipe.rs,1687,poll_read,NamedPipeClient,AsyncRead,Trait impl,I/O trait impl,False,False,False,
tokio,tokio::net::windows,tokio/src/net/windows/named_pipe.rs,1697,poll_write,NamedPipeClient,AsyncWrite,Trait impl,I/O trait impl,False,False,False,
tokio,tokio::net::windows,tokio/src/net/windows/named_pipe.rs,1705,poll_write_vectored,NamedPipeClient,AsyncWrite,Trait impl,I/O trait impl,False,False,False,
tokio,tokio::net::windows,tokio/src/net/windows/named_pipe.rs,1713,poll_flush,NamedPipeClient,AsyncWrite,Trait impl,I/O trait impl,False,False,False,
tokio,tokio::net::windows,tokio/src/net/windows/named_pipe.rs,1717,poll_shutdown,NamedPipeClient,AsyncWrite,Trait impl,I/O trait impl,False,False,False,
tokio,tokio::net::windows,tokio/src/net/windows/named_pipe.rs,1723,as_raw_handle,NamedPipeClient,AsRawHandle,Trait impl,OS handle access,False,False,False,
tokio,tokio::net::windows,tokio/src/net/windows/named_pipe.rs,1729,as_handle,NamedPipeClient,AsHandle,Trait impl,OS handle access,False,False,False,
tokio,tokio::net::windows,tokio/src/net/windows/named_pipe.rs,1770,new,ServerOptions,,Public API,Constructor,False,False,False,Creates a new named pipe builder with the default settings.
tokio,tokio::net::windows,tokio/src/net/windows/named_pipe.rs,1795,pipe_mode,ServerOptions,,Public API,Other / internal logic,False,False,False,The pipe mode.
tokio,tokio::net::windows,tokio/src/net/windows/named_pipe.rs,1891,access_inbound,ServerOptions,,Public API,Other / internal logic,False,False,False,The flow of data in the pipe goes from client to server only.
tokio,tokio::net::windows,tokio/src/net/windows/named_pipe.rs,1989,access_outbound,ServerOptions,,Public API,Other / internal logic,False,False,False,The flow of data in the pipe goes from server to client only.
tokio,tokio::net::windows,tokio/src/net/windows/named_pipe.rs,2057,first_pipe_instance,ServerOptions,,Public API,Other / internal logic,False,False,False,"If you attempt to create multiple instances of a pipe with this flag set, creation of the first server instance succeeds, but creation of any subsequent instances will fail with [`std::io::ErrorKind::"
tokio,tokio::net::windows,tokio/src/net/windows/named_pipe.rs,2139,write_dac,ServerOptions,,Public API,I/O operation,False,False,False,Requests permission to modify the pipe's discretionary access control list.
tokio,tokio::net::windows,tokio/src/net/windows/named_pipe.rs,2149,write_owner,ServerOptions,,Public API,I/O operation,False,False,False,Requests permission to modify the pipe's owner.
tokio,tokio::net::windows,tokio/src/net/windows/named_pipe.rs,2159,access_system_security,ServerOptions,,Public API,Other / internal logic,False,False,False,Requests permission to modify the pipe's system access control list.
tokio,tokio::net::windows,tokio/src/net/windows/named_pipe.rs,2170,reject_remote_clients,ServerOptions,,Public API,Other / internal logic,False,False,False,Indicates whether this server can accept remote clients or not.
tokio,tokio::net::windows,tokio/src/net/windows/named_pipe.rs,2230,max_instances,ServerOptions,,Public API,Configuration / setter,False,False,False,The maximum number of instances that can be created for this pipe.
tokio,tokio::net::windows,tokio/src/net/windows/named_pipe.rs,2241,out_buffer_size,ServerOptions,,Public API,Other / internal logic,False,False,False,The number of bytes to reserve for the output buffer.
tokio,tokio::net::windows,tokio/src/net/windows/named_pipe.rs,2251,in_buffer_size,ServerOptions,,Public API,Other / internal logic,False,False,False,The number of bytes to reserve for the input buffer.
tokio,tokio::net::windows,tokio/src/net/windows/named_pipe.rs,2281,create,ServerOptions,,Public API,Constructor,False,False,False,Creates the named pipe identified by `addr` for use as a server.
tokio,tokio::net::windows,tokio/src/net/windows/named_pipe.rs,2310,create_with_security_attributes_raw,ServerOptions,,Public API,Constructor,False,True,False,Creates the named pipe identified by `addr` for use as a server.
tokio,tokio::net::windows,tokio/src/net/windows/named_pipe.rs,2376,default,ServerOptions,Default,Trait impl,Constructor,False,False,False,
tokio,tokio::net::windows,tokio/src/net/windows/named_pipe.rs,2407,new,ClientOptions,,Public API,Constructor,False,False,False,Creates a new named pipe builder with the default settings.
tokio,tokio::net::windows,tokio/src/net/windows/named_pipe.rs,2423,read,ClientOptions,,Public API,I/O operation,False,False,False,If the client supports reading data.
tokio,tokio::net::windows,tokio/src/net/windows/named_pipe.rs,2434,write,ClientOptions,,Public API,I/O operation,False,False,False,If the created pipe supports writing data.
tokio,tokio::net::windows,tokio/src/net/windows/named_pipe.rs,2460,security_qos_flags,ClientOptions,,Public API,Other / internal logic,False,False,False,Sets qos flags which are combined with other flags and attributes in the call to [`CreateFile`].
tokio,tokio::net::windows,tokio/src/net/windows/named_pipe.rs,2470,pipe_mode,ClientOptions,,Public API,Other / internal logic,False,False,False,The pipe mode.
tokio,tokio::net::windows,tokio/src/net/windows/named_pipe.rs,2525,open,ClientOptions,,Public API,Constructor,False,False,False,Opens the named pipe identified by `addr`.
tokio,tokio::net::windows,tokio/src/net/windows/named_pipe.rs,2546,open_with_security_attributes_raw,ClientOptions,,Public API,Constructor,False,True,False,Opens the named pipe identified by `addr`.
tokio,tokio::net::windows,tokio/src/net/windows/named_pipe.rs,2614,get_flags,ClientOptions,,Private helper,Accessor / query,False,False,False,
tokio,tokio::net::windows,tokio/src/net/windows/named_pipe.rs,2621,default,ClientOptions,Default,Trait impl,Constructor,False,False,False,
tokio,tokio::net::windows,tokio/src/net/windows/named_pipe.rs,2688,encode_addr,,,Private helper,Other / internal logic,False,False,False,Encodes an address so that it is a null-terminated wide string.
tokio,tokio::net::windows,tokio/src/net/windows/named_pipe.rs,2697,named_pipe_info,,,Private helper,Other / internal logic,False,True,False,Internal function to get the info out of a raw named pipe.
tokio,tokio::process,tokio/src/process/kill.rs,6,kill,trait Kill,,Trait method (declaration/default),Runtime/task control,False,False,False,Forcefully kills the process.
tokio,tokio::process,tokio/src/process/kill.rs,10,kill,&mut T,Kill,Trait impl,Runtime/task control,False,False,False,
tokio,tokio::process,tokio/src/process/mod.rs,317,new,Command,,Public API,Constructor,False,False,False,"Constructs a new `Command` for launching the program at path `program`, with the following default configuration: * No arguments to the program * Inherit the current process's environment * Inherit th"
tokio,tokio::process,tokio/src/process/mod.rs,323,as_std,Command,,Public API,Conversion,False,False,False,Cheaply convert to a `&std::process::Command` for places where the type from the standard library is expected.
tokio,tokio::process,tokio/src/process/mod.rs,329,as_std_mut,Command,,Public API,Conversion,False,False,False,Cheaply convert to a `&mut std::process::Command` for places where the type from the standard library is expected.
tokio,tokio::process,tokio/src/process/mod.rs,338,into_std,Command,,Public API,Conversion,False,False,False,Cheaply convert into a `std::process::Command`.
tokio,tokio::process,tokio/src/process/mod.rs,382,arg,Command,,Public API,Other / internal logic,False,False,False,Adds an argument to pass to the program.
tokio,tokio::process,tokio/src/process/mod.rs,406,args,Command,,Public API,Other / internal logic,False,False,False,Adds multiple arguments to pass to the program.
tokio,tokio::process,tokio/src/process/mod.rs,420,raw_arg,Command,,Public API,Other / internal logic,False,False,False,Append literal text to the command line without any quoting or escaping.
tokio,tokio::process,tokio/src/process/mod.rs,444,env,Command,,Public API,Other / internal logic,False,False,False,Inserts or updates an environment variable mapping.
tokio,tokio::process,tokio/src/process/mod.rs,479,envs,Command,,Public API,Other / internal logic,False,False,False,Adds or updates multiple environment variable mappings.
tokio,tokio::process,tokio/src/process/mod.rs,504,env_remove,Command,,Public API,Other / internal logic,False,False,False,Removes an environment variable mapping.
tokio,tokio::process,tokio/src/process/mod.rs,524,env_clear,Command,,Public API,Other / internal logic,False,False,False,Clears the entire environment map for the child process.
tokio,tokio::process,tokio/src/process/mod.rs,554,current_dir,Command,,Public API,Other / internal logic,False,False,False,Sets the working directory for the child process.
tokio,tokio::process,tokio/src/process/mod.rs,579,stdin,Command,,Public API,Other / internal logic,False,False,False,Sets configuration for the child process's standard input (stdin) handle.
tokio,tokio::process,tokio/src/process/mod.rs,606,stdout,Command,,Public API,Other / internal logic,False,False,False,Sets configuration for the child process's standard output (stdout) handle.
tokio,tokio::process,tokio/src/process/mod.rs,633,stderr,Command,,Public API,Other / internal logic,False,False,False,Sets configuration for the child process's standard error (stderr) handle.
tokio,tokio::process,tokio/src/process/mod.rs,664,kill_on_drop,Command,,Public API,Other / internal logic,False,False,False,Controls whether a `kill` operation should be invoked on a spawned child process when its corresponding `Child` handle is dropped.
tokio,tokio::process,tokio/src/process/mod.rs,675,creation_flags,Command,,Public API,Other / internal logic,False,False,False,Sets the [process creation flags][1] to be passed to `CreateProcess`.
tokio,tokio::process,tokio/src/process/mod.rs,686,uid,Command,,Public API,Other / internal logic,False,False,False,Sets the child process's user ID.
tokio,tokio::process,tokio/src/process/mod.rs,697,gid,Command,,Public API,Other / internal logic,False,False,False,Similar to `uid` but sets the group ID of the child process.
tokio,tokio::process,tokio/src/process/mod.rs,710,arg0,Command,,Public API,Other / internal logic,False,False,False,Sets executable argument.
tokio,tokio::process,tokio/src/process/mod.rs,749,pre_exec,Command,,Public API,Other / internal logic,False,True,False,Schedules a closure to be run just before the `exec` function is invoked.
tokio,tokio::process,tokio/src/process/mod.rs,790,process_group,Command,,Public API,Runtime/task control,False,False,False,Sets the process group ID (PGID) of the child process.
tokio,tokio::process,tokio/src/process/mod.rs,863,spawn,Command,,Public API,Runtime/task control,False,False,False,"Executes the command as a child process, returning a handle to it."
tokio,tokio::process,tokio/src/process/mod.rs,934,spawn_with,Command,,Public API,Runtime/task control,False,False,False,"Executes the command as a child process with a custom spawning function, returning a handle to it."
tokio,tokio::process,tokio/src/process/mod.rs,950,build_child,Command,,Private helper,Constructor,False,False,False,Small indirection for the spawn implementations.
tokio,tokio::process,tokio/src/process/mod.rs,1002,status,Command,,Public API,Other / internal logic,False,False,False,"Executes the command as a child process, waiting for it to finish and collecting its exit status."
tokio,tokio::process,tokio/src/process/mod.rs,1065,output,Command,,Public API,Other / internal logic,False,False,False,"Executes the command as a child process, waiting for it to finish and collecting all of its output."
tokio,tokio::process,tokio/src/process/mod.rs,1090,get_kill_on_drop,Command,,Public API,Accessor / query,False,False,False,Returns the boolean value that was previously set by [`Command::kill_on_drop`].
tokio,tokio::process,tokio/src/process/mod.rs,1096,from,Command,From<StdCommand>,Trait impl,Conversion,False,False,False,
tokio,tokio::process,tokio/src/process/mod.rs,1112,kill,ChildDropGuard<T>,Kill,Trait impl,Runtime/task control,False,False,False,
tokio,tokio::process,tokio/src/process/mod.rs,1124,drop,ChildDropGuard<T>,Drop,Trait impl,Drop / cleanup,False,False,False,
tokio,tokio::process,tokio/src/process/mod.rs,1137,poll,ChildDropGuard<F>,Future,Trait impl,Future impl (poll),False,False,False,
tokio,tokio::process,tokio/src/process/mod.rs,1222,id,Child,,Public API,Accessor / query,False,False,False,Returns the OS-assigned process identifier associated with this child while it is still running.
tokio,tokio::process,tokio/src/process/mod.rs,1232,raw_handle,Child,,Public API,Other / internal logic,False,False,False,Extracts the raw handle of the process associated with this child while it is still running.
tokio,tokio::process,tokio/src/process/mod.rs,1247,start_kill,Child,,Public API,Runtime/task control,False,False,False,"Attempts to force the child to exit, but does not wait for the request to take effect."
tokio,tokio::process,tokio/src/process/mod.rs,1326,kill,Child,,Public API,Runtime/task control,True,False,False,Forces the child to exit.
tokio,tokio::process,tokio/src/process/mod.rs,1379,wait,Child,,Public API,Runtime/task control,True,False,False,"Waits for the child to exit completely, returning the status that it exited with."
tokio,tokio::process,tokio/src/process/mod.rs,1413,try_wait,Child,,Public API,Non-blocking attempt,False,False,False,Attempts to collect the exit status of the child if it has already exited.
tokio,tokio::process,tokio/src/process/mod.rs,1446,wait_with_output,Child,,Public API,Runtime/task control,True,False,False,"Returns a future that will resolve to an `Output`, containing the exit status, stdout, and stderr of the child process."
tokio,tokio::process,tokio/src/process/mod.rs,1449,read_to_end,,,Private helper,I/O operation,True,False,False,
tokio,tokio::process,tokio/src/process/mod.rs,1512,from_std,ChildStdin,,Public API,Conversion,False,False,False,Creates an asynchronous `ChildStdin` from a synchronous one.
tokio,tokio::process,tokio/src/process/mod.rs,1527,from_std,ChildStdout,,Public API,Conversion,False,False,False,Creates an asynchronous `ChildStdout` from a synchronous one.
tokio,tokio::process,tokio/src/process/mod.rs,1542,from_std,ChildStderr,,Public API,Conversion,False,False,False,Creates an asynchronous `ChildStderr` from a synchronous one.
tokio,tokio::process,tokio/src/process/mod.rs,1550,poll_write,ChildStdin,AsyncWrite,Trait impl,I/O trait impl,False,False,False,
tokio,tokio::process,tokio/src/process/mod.rs,1558,poll_flush,ChildStdin,AsyncWrite,Trait impl,I/O trait impl,False,False,False,
tokio,tokio::process,tokio/src/process/mod.rs,1562,poll_shutdown,ChildStdin,AsyncWrite,Trait impl,I/O trait impl,False,False,False,
tokio,tokio::process,tokio/src/process/mod.rs,1566,poll_write_vectored,ChildStdin,AsyncWrite,Trait impl,I/O trait impl,False,False,False,
tokio,tokio::process,tokio/src/process/mod.rs,1574,is_write_vectored,ChildStdin,AsyncWrite,Trait impl,I/O trait impl,False,False,False,
tokio,tokio::process,tokio/src/process/mod.rs,1580,poll_read,ChildStdout,AsyncRead,Trait impl,I/O trait impl,False,False,False,
tokio,tokio::process,tokio/src/process/mod.rs,1590,poll_read,ChildStderr,AsyncRead,Trait impl,I/O trait impl,False,False,False,
tokio,tokio::process,tokio/src/process/mod.rs,1602,try_into,ChildStdin,TryInto<Stdio>,Trait impl,Non-blocking attempt,False,False,False,
tokio,tokio::process,tokio/src/process/mod.rs,1610,try_into,ChildStdout,TryInto<Stdio>,Trait impl,Non-blocking attempt,False,False,False,
tokio,tokio::process,tokio/src/process/mod.rs,1618,try_into,ChildStderr,TryInto<Stdio>,Trait impl,Non-blocking attempt,False,False,False,
tokio,tokio::process,tokio/src/process/mod.rs,1637,into_owned_fd,$type,,Inside macro_rules!,Conversion,False,False,False,Convert into [`OwnedFd`].
tokio,tokio::process,tokio/src/process/mod.rs,1643,as_raw_fd,$type,AsRawFd,Inside macro_rules!,OS handle access,False,False,False,
tokio,tokio::process,tokio/src/process/mod.rs,1649,as_fd,$type,AsFd,Inside macro_rules!,OS handle access,False,False,False,
tokio,tokio::process,tokio/src/process/mod.rs,1672,into_owned_handle,$type,,Inside macro_rules!,Conversion,False,False,False,Convert into [`OwnedHandle`].
tokio,tokio::process,tokio/src/process/mod.rs,1678,as_raw_handle,$type,AsRawHandle,Inside macro_rules!,OS handle access,False,False,False,
tokio,tokio::process,tokio/src/process/mod.rs,1684,as_handle,$type,AsHandle,Inside macro_rules!,OS handle access,False,False,False,
tokio,tokio::process,tokio/src/process/mod.rs,1696,into_owned_handle,$type,,Inside macro_rules!,Conversion,False,False,False,Convert into [`OwnedHandle`].
tokio,tokio::process,tokio/src/process/mod.rs,1702,as_raw_handle,$type,AsRawHandle,Inside macro_rules!,OS handle access,False,False,False,
tokio,tokio::process,tokio/src/process/mod.rs,1708,as_handle,$type,AsHandle,Inside macro_rules!,OS handle access,False,False,False,
tokio,tokio::process,tokio/src/process/mod.rs,1738,new,Mock,,Test,Constructor,False,False,False,
tokio,tokio::process,tokio/src/process/mod.rs,1742,with_result,Mock,,Test,Constructor,False,False,False,
tokio,tokio::process,tokio/src/process/mod.rs,1752,kill,Mock,Kill,Test,Runtime/task control,False,False,False,
tokio,tokio::process,tokio/src/process/mod.rs,1761,poll,Mock,Future,Test,Future impl (poll),False,False,False,
tokio,tokio::process,tokio/src/process/mod.rs,1769,kills_on_drop_if_specified,,,Test,Other / internal logic,False,False,False,
tokio,tokio::process,tokio/src/process/mod.rs,1785,no_kill_on_drop_by_default,,,Test,Other / internal logic,False,False,False,
tokio,tokio::process,tokio/src/process/mod.rs,1801,no_kill_if_already_killed,,,Test,Other / internal logic,False,False,False,
tokio,tokio::process,tokio/src/process/mod.rs,1818,no_kill_if_reaped,,,Test,Other / internal logic,False,False,False,
tokio,tokio::process,tokio/src/process/windows.rs,50,fmt,Child,fmt::Debug,Trait impl,Formatting,False,False,False,
tokio,tokio::process,tokio/src/process/windows.rs,68,build_child,,,Crate-internal,Constructor,False,False,False,
tokio,tokio::process,tokio/src/process/windows.rs,85,id,Child,,Crate-internal,Accessor / query,False,False,False,
tokio,tokio::process,tokio/src/process/windows.rs,89,try_wait,Child,,Crate-internal,Non-blocking attempt,False,False,False,
tokio,tokio::process,tokio/src/process/windows.rs,95,kill,Child,Kill,Trait impl,Runtime/task control,False,False,False,
tokio,tokio::process,tokio/src/process/windows.rs,103,poll,Child,Future,Trait impl,Future impl (poll),False,False,False,
tokio,tokio::process,tokio/src/process/windows.rs,147,as_raw_handle,Child,AsRawHandle,Trait impl,OS handle access,False,False,False,
tokio,tokio::process,tokio/src/process/windows.rs,153,drop,Waiting,Drop,Trait impl,Drop / cleanup,False,False,False,
tokio,tokio::process,tokio/src/process/windows.rs,164,callback,,,Private helper,Other / internal logic,False,True,False,
tokio,tokio::process,tokio/src/process/windows.rs,173,read,ArcFile,io::Read,Trait impl,I/O operation,False,False,False,
tokio,tokio::process,tokio/src/process/windows.rs,179,write,ArcFile,io::Write,Trait impl,I/O operation,False,False,False,
tokio,tokio::process,tokio/src/process/windows.rs,183,flush,ArcFile,io::Write,Trait impl,I/O operation,False,False,False,
tokio,tokio::process,tokio/src/process/windows.rs,197,into_owned_handle,ChildStdio,,Crate-internal,Conversion,False,False,False,
tokio,tokio::process,tokio/src/process/windows.rs,203,as_raw_handle,ChildStdio,AsRawHandle,Trait impl,OS handle access,False,False,False,
tokio,tokio::process,tokio/src/process/windows.rs,209,poll_read,ChildStdio,AsyncRead,Trait impl,I/O trait impl,False,False,False,
tokio,tokio::process,tokio/src/process/windows.rs,219,poll_write,ChildStdio,AsyncWrite,Trait impl,I/O trait impl,False,False,False,
tokio,tokio::process,tokio/src/process/windows.rs,227,poll_flush,ChildStdio,AsyncWrite,Trait impl,I/O trait impl,False,False,False,
tokio,tokio::process,tokio/src/process/windows.rs,231,poll_shutdown,ChildStdio,AsyncWrite,Trait impl,I/O trait impl,False,False,False,
tokio,tokio::process,tokio/src/process/windows.rs,236,stdio,,,Crate-internal,Other / internal logic,False,False,False,
tokio,tokio::process,tokio/src/process/windows.rs,251,convert_to_file,,,Private helper,Other / internal logic,False,False,False,
tokio,tokio::process,tokio/src/process/windows.rs,258,convert_to_stdio,,,Crate-internal,Other / internal logic,False,False,False,
tokio,tokio::process,tokio/src/process/windows.rs,262,duplicate_handle,,,Private helper,Other / internal logic,False,False,False,
tokio,tokio::process::unix,tokio/src/process/unix/mod.rs,52,id,StdChild,Wait,Trait impl,Accessor / query,False,False,False,
tokio,tokio::process::unix,tokio/src/process/unix/mod.rs,56,try_wait,StdChild,Wait,Trait impl,Non-blocking attempt,False,False,False,
tokio,tokio::process::unix,tokio/src/process/unix/mod.rs,62,kill,StdChild,Kill,Trait impl,Runtime/task control,False,False,False,
tokio,tokio::process::unix,tokio/src/process/unix/mod.rs,68,get_orphan_queue,,,Private helper,Accessor / query,False,False,False,
tokio,tokio::process::unix,tokio/src/process/unix/mod.rs,78,get_orphan_queue,,,Private helper,Accessor / query,False,False,False,
tokio,tokio::process::unix,tokio/src/process/unix/mod.rs,88,fmt,GlobalOrphanQueue,fmt::Debug,Trait impl,Formatting,False,False,False,
tokio,tokio::process::unix,tokio/src/process/unix/mod.rs,94,reap_orphans,GlobalOrphanQueue,,Crate-internal,Other / internal logic,False,False,False,
tokio,tokio::process::unix,tokio/src/process/unix/mod.rs,100,push_orphan,GlobalOrphanQueue,OrphanQueue<StdChild>,Trait impl,Data movement,False,False,False,
tokio,tokio::process::unix,tokio/src/process/unix/mod.rs,113,fmt,Child,fmt::Debug,Trait impl,Formatting,False,False,False,
tokio,tokio::process::unix,tokio/src/process/unix/mod.rs,118,build_child,,,Crate-internal,Constructor,False,False,False,
tokio,tokio::process::unix,tokio/src/process/unix/mod.rs,148,id,Child,,Crate-internal,Accessor / query,False,False,False,
tokio,tokio::process::unix,tokio/src/process/unix/mod.rs,156,std_child,Child,,Private helper,Other / internal logic,False,False,False,
tokio,tokio::process::unix,tokio/src/process/unix/mod.rs,164,try_wait,Child,,Crate-internal,Non-blocking attempt,False,False,False,
tokio,tokio::process::unix,tokio/src/process/unix/mod.rs,170,kill,Child,Kill,Trait impl,Runtime/task control,False,False,False,
tokio,tokio::process::unix,tokio/src/process/unix/mod.rs,178,poll,Child,Future,Trait impl,Future impl (poll),False,False,False,
tokio,tokio::process::unix,tokio/src/process/unix/mod.rs,195,from,Pipe,From<T>,Trait impl,Conversion,False,False,False,
tokio,tokio::process::unix,tokio/src/process/unix/mod.rs,202,read,&Pipe,io::Read,Trait impl,I/O operation,False,False,False,
tokio,tokio::process::unix,tokio/src/process/unix/mod.rs,208,write,&Pipe,io::Write,Trait impl,I/O operation,False,False,False,
tokio,tokio::process::unix,tokio/src/process/unix/mod.rs,212,flush,&Pipe,io::Write,Trait impl,I/O operation,False,False,False,
tokio,tokio::process::unix,tokio/src/process/unix/mod.rs,216,write_vectored,&Pipe,io::Write,Trait impl,I/O operation,False,False,False,
tokio,tokio::process::unix,tokio/src/process/unix/mod.rs,222,as_raw_fd,Pipe,AsRawFd,Trait impl,OS handle access,False,False,False,
tokio,tokio::process::unix,tokio/src/process/unix/mod.rs,228,as_fd,Pipe,AsFd,Trait impl,OS handle access,False,False,False,
tokio,tokio::process::unix,tokio/src/process/unix/mod.rs,233,convert_to_blocking_file,,,Private helper,Other / internal logic,False,False,False,
tokio,tokio::process::unix,tokio/src/process/unix/mod.rs,245,convert_to_stdio,,,Crate-internal,Other / internal logic,False,False,False,
tokio,tokio::process::unix,tokio/src/process/unix/mod.rs,250,register,Pipe,Source,Trait impl,I/O registration,False,False,False,
tokio,tokio::process::unix,tokio/src/process/unix/mod.rs,259,reregister,Pipe,Source,Trait impl,Other / internal logic,False,False,False,
tokio,tokio::process::unix,tokio/src/process/unix/mod.rs,268,deregister,Pipe,Source,Trait impl,I/O registration,False,False,False,
tokio,tokio::process::unix,tokio/src/process/unix/mod.rs,278,into_owned_fd,ChildStdio,,Crate-internal,Conversion,False,False,False,
tokio,tokio::process::unix,tokio/src/process/unix/mod.rs,284,fmt,ChildStdio,fmt::Debug,Trait impl,Formatting,False,False,False,
tokio,tokio::process::unix,tokio/src/process/unix/mod.rs,290,as_raw_fd,ChildStdio,AsRawFd,Trait impl,OS handle access,False,False,False,
tokio,tokio::process::unix,tokio/src/process/unix/mod.rs,296,as_fd,ChildStdio,AsFd,Trait impl,OS handle access,False,False,False,
tokio,tokio::process::unix,tokio/src/process/unix/mod.rs,302,poll_write,ChildStdio,AsyncWrite,Trait impl,I/O trait impl,False,False,False,
tokio,tokio::process::unix,tokio/src/process/unix/mod.rs,310,poll_flush,ChildStdio,AsyncWrite,Trait impl,I/O trait impl,False,False,False,
tokio,tokio::process::unix,tokio/src/process/unix/mod.rs,314,poll_shutdown,ChildStdio,AsyncWrite,Trait impl,I/O trait impl,False,False,False,
tokio,tokio::process::unix,tokio/src/process/unix/mod.rs,318,poll_write_vectored,ChildStdio,AsyncWrite,Trait impl,I/O trait impl,False,False,False,
tokio,tokio::process::unix,tokio/src/process/unix/mod.rs,326,is_write_vectored,ChildStdio,AsyncWrite,Trait impl,I/O trait impl,False,False,False,
tokio,tokio::process::unix,tokio/src/process/unix/mod.rs,332,poll_read,ChildStdio,AsyncRead,Trait impl,I/O trait impl,False,False,False,
tokio,tokio::process::unix,tokio/src/process/unix/mod.rs,342,set_nonblocking,,,Private helper,Configuration / setter,False,False,False,
tokio,tokio::process::unix,tokio/src/process/unix/mod.rs,365,stdio,,,Crate-internal,Other / internal logic,False,False,False,
tokio,tokio::process::unix,tokio/src/process/unix/orphan.rs,12,id,trait Wait,,Trait method (declaration/default),Accessor / query,False,False,False,Get the identifier for this process or diagnostics.
tokio,tokio::process::unix,tokio/src/process/unix/orphan.rs,14,try_wait,trait Wait,,Trait method (declaration/default),Non-blocking attempt,False,False,False,Try waiting for a process to exit in a non-blocking manner.
tokio,tokio::process::unix,tokio/src/process/unix/orphan.rs,18,id,&mut T,Wait,Trait impl,Accessor / query,False,False,False,
tokio,tokio::process::unix,tokio/src/process/unix/orphan.rs,22,try_wait,&mut T,Wait,Trait impl,Non-blocking attempt,False,False,False,
tokio,tokio::process::unix,tokio/src/process/unix/orphan.rs,30,push_orphan,trait OrphanQueue,,Trait method (declaration/default),Data movement,False,False,False,Adds an orphan to the queue.
tokio,tokio::process::unix,tokio/src/process/unix/orphan.rs,34,push_orphan,&O,OrphanQueue<T>,Trait impl,Data movement,False,False,False,
tokio,tokio::process::unix,tokio/src/process/unix/orphan.rs,48,new,OrphanQueueImpl<T>,,Crate-internal,Constructor,False,False,False,
tokio,tokio::process::unix,tokio/src/process/unix/orphan.rs,57,new,OrphanQueueImpl<T>,,Crate-internal,Constructor,False,False,True,
tokio,tokio::process::unix,tokio/src/process/unix/orphan.rs,66,len,OrphanQueueImpl<T>,,Test,Accessor / query,False,False,False,
tokio,tokio::process::unix,tokio/src/process/unix/orphan.rs,70,push_orphan,OrphanQueueImpl<T>,,Crate-internal,Data movement,False,False,False,
tokio,tokio::process::unix,tokio/src/process/unix/orphan.rs,79,reap_orphans,OrphanQueueImpl<T>,,Crate-internal,Other / internal logic,False,False,False,"Attempts to reap every process in the queue, ignoring any errors and enqueueing any orphans which have not yet exited."
tokio,tokio::process::unix,tokio/src/process/unix/orphan.rs,113,drain_orphan_queue,,,Private helper,Combinator / iteration,False,False,False,
tokio,tokio::process::unix,tokio/src/process/unix/orphan.rs,149,new,MockQueue<W>,,Test,Constructor,False,False,False,
tokio,tokio::process::unix,tokio/src/process/unix/orphan.rs,157,push_orphan,MockQueue<W>,OrphanQueue<W>,Test,Data movement,False,False,False,
tokio,tokio::process::unix,tokio/src/process/unix/orphan.rs,169,new,MockWait,,Test,Constructor,False,False,False,
tokio,tokio::process::unix,tokio/src/process/unix/orphan.rs,177,with_err,MockWait,,Test,Constructor,False,False,False,
tokio,tokio::process::unix,tokio/src/process/unix/orphan.rs,187,id,MockWait,Wait,Test,Accessor / query,False,False,False,
tokio,tokio::process::unix,tokio/src/process/unix/orphan.rs,191,try_wait,MockWait,Wait,Test,Non-blocking attempt,False,False,False,
tokio,tokio::process::unix,tokio/src/process/unix/orphan.rs,210,drain_attempts_a_single_reap_of_all_queued_orphans,,,Test,Combinator / iteration,False,False,False,
tokio,tokio::process::unix,tokio/src/process/unix/orphan.rs,255,no_reap_if_no_signal_received,,,Test,Other / internal logic,False,False,False,
tokio,tokio::process::unix,tokio/src/process/unix/orphan.rs,279,no_reap_if_signal_lock_held,,,Test,Other / internal logic,False,False,False,
tokio,tokio::process::unix,tokio/src/process/unix/orphan.rs,297,does_not_register_signal_if_queue_empty,,,Test,Other / internal logic,False,False,False,
tokio,tokio::process::unix,tokio/src/process/unix/orphan.rs,319,does_nothing_if_signal_could_not_be_registered,,,Test,Other / internal logic,False,False,False,
tokio,tokio::process::unix,tokio/src/process/unix/pidfd_reaper.rs,30,open,Pidfd,,Private helper,Constructor,False,False,False,
tokio,tokio::process::unix,tokio/src/process/unix/pidfd_reaper.rs,59,as_raw_fd,Pidfd,AsRawFd,Trait impl,OS handle access,False,False,False,
tokio,tokio::process::unix,tokio/src/process/unix/pidfd_reaper.rs,65,register,Pidfd,Source,Trait impl,I/O registration,False,False,False,
tokio,tokio::process::unix,tokio/src/process/unix/pidfd_reaper.rs,74,reregister,Pidfd,Source,Trait impl,Other / internal logic,False,False,False,
tokio,tokio::process::unix,tokio/src/process/unix/pidfd_reaper.rs,83,deregister,Pidfd,Source,Trait impl,I/O registration,False,False,False,
tokio,tokio::process::unix,tokio/src/process/unix/pidfd_reaper.rs,103,poll,PidfdReaperInner<W>,Future,Trait impl,Future impl (poll),False,False,False,
tokio,tokio::process::unix,tokio/src/process/unix/pidfd_reaper.rs,141,deref,"PidfdReaper<W, Q>",Deref,Trait impl,Deref,False,False,False,
tokio,tokio::process::unix,tokio/src/process/unix/pidfd_reaper.rs,151,new,"PidfdReaper<W, Q>",,Crate-internal,Constructor,False,False,False,
tokio,tokio::process::unix,tokio/src/process/unix/pidfd_reaper.rs,165,inner_mut,"PidfdReaper<W, Q>",,Crate-internal,Other / internal logic,False,False,False,
tokio,tokio::process::unix,tokio/src/process/unix/pidfd_reaper.rs,177,poll,"PidfdReaper<W, Q>",Future,Trait impl,Future impl (poll),False,False,False,
tokio,tokio::process::unix,tokio/src/process/unix/pidfd_reaper.rs,193,kill,"PidfdReaper<W, Q>",Kill,Trait impl,Runtime/task control,False,False,False,
tokio,tokio::process::unix,tokio/src/process/unix/pidfd_reaper.rs,203,drop,"PidfdReaper<W, Q>",Drop,Trait impl,Drop / cleanup,False,False,False,
tokio,tokio::process::unix,tokio/src/process/unix/pidfd_reaper.rs,222,create_runtime,,,Test,Constructor,False,False,False,
tokio,tokio::process::unix,tokio/src/process/unix/pidfd_reaper.rs,229,run_test,,,Test,Runtime/task control,False,False,False,
tokio,tokio::process::unix,tokio/src/process/unix/pidfd_reaper.rs,233,is_pidfd_available,,,Test,Accessor / query,False,False,False,
tokio,tokio::process::unix,tokio/src/process/unix/pidfd_reaper.rs,251,test_pidfd_reaper_poll,,,Test,Other / internal logic,False,False,False,
tokio,tokio::process::unix,tokio/src/process/unix/pidfd_reaper.rs,271,test_pidfd_reaper_kill,,,Test,Other / internal logic,False,False,False,
tokio,tokio::process::unix,tokio/src/process/unix/pidfd_reaper.rs,293,test_pidfd_reaper_drop,,,Test,Other / internal logic,False,False,False,
tokio,tokio::process::unix,tokio/src/process/unix/reap.rs,33,deref,"Reaper<W, Q, S>",Deref,Trait impl,Deref,False,False,False,
tokio,tokio::process::unix,tokio/src/process/unix/reap.rs,43,new,"Reaper<W, Q, S>",,Crate-internal,Constructor,False,False,False,
tokio,tokio::process::unix,tokio/src/process/unix/reap.rs,51,inner,"Reaper<W, Q, S>",,Private helper,Handle / reference plumbing,False,False,False,
tokio,tokio::process::unix,tokio/src/process/unix/reap.rs,55,inner_mut,"Reaper<W, Q, S>",,Crate-internal,Other / internal logic,False,False,False,
tokio,tokio::process::unix,tokio/src/process/unix/reap.rs,68,poll,"Reaper<W, Q, S>",Future,Trait impl,Future impl (poll),False,False,False,
tokio,tokio::process::unix,tokio/src/process/unix/reap.rs,112,kill,"Reaper<W, Q, S>",Kill,Trait impl,Runtime/task control,False,False,False,
tokio,tokio::process::unix,tokio/src/process/unix/reap.rs,122,drop,"Reaper<W, Q, S>",Drop,Trait impl,Drop / cleanup,False,False,False,
tokio,tokio::process::unix,tokio/src/process/unix/reap.rs,152,new,MockWait,,Test,Constructor,False,False,False,
tokio,tokio::process::unix,tokio/src/process/unix/reap.rs,163,id,MockWait,Wait,Test,Accessor / query,False,False,False,
tokio,tokio::process::unix,tokio/src/process/unix/reap.rs,167,try_wait,MockWait,Wait,Test,Non-blocking attempt,False,False,False,
tokio,tokio::process::unix,tokio/src/process/unix/reap.rs,180,kill,MockWait,Kill,Test,Runtime/task control,False,False,False,
tokio,tokio::process::unix,tokio/src/process/unix/reap.rs,192,new,MockStream,,Test,Constructor,False,False,False,
tokio,tokio::process::unix,tokio/src/process/unix/reap.rs,201,poll_recv,MockStream,InternalStream,Test,Poll function,False,False,False,
tokio,tokio::process::unix,tokio/src/process/unix/reap.rs,211,reaper,,,Test,Other / internal logic,False,False,False,
tokio,tokio::process::unix,tokio/src/process/unix/reap.rs,250,kill,,,Test,Runtime/task control,False,False,False,
tokio,tokio::process::unix,tokio/src/process/unix/reap.rs,264,drop_reaps_if_possible,,,Test,Lifecycle / ref-count,False,False,False,
tokio,tokio::process::unix,tokio/src/process/unix/reap.rs,283,drop_enqueues_orphan_if_wait_fails,,,Test,Lifecycle / ref-count,False,False,False,
tokio,tokio::runtime,tokio/src/runtime/builder.rs,253,sharded_blocking_queue_default,,,Private helper,Other / internal logic,False,False,False,The default for the `sharded_blocking_queue` option: enabled iff the `TOKIO_UNSTABLE_SHARDED_BLOCKING_QUEUE` environment variable is set to a value other than `0`.
tokio,tokio::runtime,tokio/src/runtime/builder.rs,278,new_current_thread,Builder,,Public API,Constructor,False,False,False,Returns a new builder with the current thread scheduler selected.
tokio,tokio::runtime,tokio/src/runtime/builder.rs,293,new_multi_thread,Builder,,Public API,Constructor,False,False,False,Returns a new builder with the multi thread scheduler selected.
tokio,tokio::runtime,tokio/src/runtime/builder.rs,302,new,Builder,,Crate-internal,Constructor,False,False,False,Returns a new runtime builder initialized with default configuration values.
tokio,tokio::runtime,tokio/src/runtime/builder.rs,398,enable_all,Builder,,Public API,Configuration / setter,False,False,False,Enables both I/O and time drivers.
tokio,tokio::runtime,tokio/src/runtime/builder.rs,450,enable_alt_timer,Builder,,Public API,Configuration / setter,False,False,False,
tokio,tokio::runtime,tokio/src/runtime/builder.rs,485,enable_eager_driver_handoff,Builder,,Public API,Configuration / setter,False,False,False,"Enable eager hand-off of the I/O and time drivers for multi-threaded runtimes, which is disabled by default."
tokio,tokio::runtime,tokio/src/runtime/builder.rs,526,enable_sharded_blocking_queue,Builder,,Public API,Configuration / setter,False,False,False,"Enables the sharded `spawn_blocking` queue, which is disabled by default."
tokio,tokio::runtime,tokio/src/runtime/builder.rs,582,worker_threads,Builder,,Public API,Metrics / counters,False,False,False,Sets the number of worker threads the `Runtime` will use.
tokio,tokio::runtime,tokio/src/runtime/builder.rs,633,max_blocking_threads,Builder,,Public API,Configuration / setter,False,False,False,Specifies the limit for additional threads spawned by the Runtime.
tokio,tokio::runtime,tokio/src/runtime/builder.rs,657,thread_name,Builder,,Public API,Configuration / setter,False,False,False,Sets name of threads spawned by the `Runtime`'s thread pool.
tokio,tokio::runtime,tokio/src/runtime/builder.rs,684,name,Builder,,Public API,Other / internal logic,False,False,False,Sets the name of the runtime.
tokio,tokio::runtime,tokio/src/runtime/builder.rs,713,thread_name_fn,Builder,,Public API,Configuration / setter,False,False,False,Sets a function used to generate the name of threads spawned by the `Runtime`'s thread pool.
tokio,tokio::runtime,tokio/src/runtime/builder.rs,743,thread_stack_size,Builder,,Public API,Configuration / setter,False,False,False,Sets the stack size (in bytes) for worker threads.
tokio,tokio::runtime,tokio/src/runtime/builder.rs,769,on_thread_start,Builder,,Public API,Configuration / setter,False,False,False,Executes function `f` after each thread is started but before it starts doing work.
tokio,tokio::runtime,tokio/src/runtime/builder.rs,797,on_thread_stop,Builder,,Public API,Configuration / setter,False,False,False,Executes function `f` before each thread stops.
tokio,tokio::runtime,tokio/src/runtime/builder.rs,878,on_thread_park,Builder,,Public API,Configuration / setter,False,False,False,Executes function `f` just before a thread is parked (goes idle).
tokio,tokio::runtime,tokio/src/runtime/builder.rs,916,on_thread_unpark,Builder,,Public API,Configuration / setter,False,False,False,Executes function `f` just after a thread unparks (starts executing tasks).
tokio,tokio::runtime,tokio/src/runtime/builder.rs,966,on_task_spawn,Builder,,Public API,Configuration / setter,False,False,False,Executes function `f` just before a task is spawned.
tokio,tokio::runtime,tokio/src/runtime/builder.rs,1016,on_before_task_poll,Builder,,Public API,Other / internal logic,False,False,False,"Executes function `f` just before a task is polled `f` is called within the Tokio context, so functions like [`tokio::spawn`](crate::spawn) can be called, and may result in this callback being invoked"
tokio,tokio::runtime,tokio/src/runtime/builder.rs,1066,on_after_task_poll,Builder,,Public API,Other / internal logic,False,False,False,"Executes function `f` just after a task is polled `f` is called within the Tokio context, so functions like [`tokio::spawn`](crate::spawn) can be called, and may result in this callback being invoked "
tokio,tokio::runtime,tokio/src/runtime/builder.rs,1115,on_task_terminate,Builder,,Public API,Configuration / setter,False,False,False,Executes function `f` just after a task is terminated.
tokio,tokio::runtime,tokio/src/runtime/builder.rs,1146,build,Builder,,Public API,Constructor,False,False,False,Creates the configured `Runtime`.
tokio,tokio::runtime,tokio/src/runtime/builder.rs,1182,build_local,Builder,,Public API,Constructor,False,False,False,Creates the configured [`LocalRuntime`].
tokio,tokio::runtime,tokio/src/runtime/builder.rs,1190,get_cfg,Builder,,Private helper,Accessor / query,False,False,False,
tokio,tokio::runtime,tokio/src/runtime/builder.rs,1225,thread_keep_alive,Builder,,Public API,Configuration / setter,False,False,False,Sets a custom timeout for a thread in the blocking pool.
tokio,tokio::runtime,tokio/src/runtime/builder.rs,1267,global_queue_interval,Builder,,Public API,Configuration / setter,False,False,False,Sets the number of scheduler ticks after which the scheduler will poll the global task queue.
tokio,tokio::runtime,tokio/src/runtime/builder.rs,1308,event_interval,Builder,,Public API,Configuration / setter,False,False,False,"Sets the number of scheduler ticks after which the scheduler will poll for external events (timers, I/O, and so on)."
tokio,tokio::runtime,tokio/src/runtime/builder.rs,1374,unhandled_panic,Builder,,Public API,Other / internal logic,False,False,False,Configure how the runtime responds to an unhandled panic on a spawned task.
tokio,tokio::runtime,tokio/src/runtime/builder.rs,1425,disable_lifo_slot,Builder,,Public API,Configuration / setter,False,False,False,Disables the LIFO task scheduler heuristic.
tokio,tokio::runtime,tokio/src/runtime/builder.rs,1458,rng_seed,Builder,,Public API,Other / internal logic,False,False,False,Specifies the random number generation seed to use within all threads associated with the runtime being built.
tokio,tokio::runtime,tokio/src/runtime/builder.rs,1506,enable_metrics_poll_time_histogram,Builder,,Public API,Configuration / setter,False,False,False,Enables tracking the distribution of task poll times.
tokio,tokio::runtime,tokio/src/runtime/builder.rs,1516,enable_metrics_poll_count_histogram,Builder,,Public API,Configuration / setter,False,False,False,Deprecated.
tokio,tokio::runtime,tokio/src/runtime/builder.rs,1547,metrics_poll_count_histogram_scale,Builder,,Public API,Metrics / counters,False,False,False,Sets the histogram scale for tracking the distribution of task poll times.
tokio,tokio::runtime,tokio/src/runtime/builder.rs,1646,metrics_poll_time_histogram_configuration,Builder,,Public API,Metrics / counters,False,False,False,"Configure the histogram for tracking poll times By default, a linear histogram with 10 buckets each 100 microseconds wide will be used."
tokio,tokio::runtime,tokio/src/runtime/builder.rs,1682,metrics_poll_count_histogram_resolution,Builder,,Public API,Metrics / counters,False,False,False,Sets the histogram resolution for tracking the distribution of task poll times.
tokio,tokio::runtime,tokio/src/runtime/builder.rs,1719,metrics_poll_count_histogram_buckets,Builder,,Public API,Metrics / counters,False,False,False,Sets the number of buckets for the histogram tracking the distribution of task poll times.
tokio,tokio::runtime,tokio/src/runtime/builder.rs,1725,build_current_thread_runtime,Builder,,Private helper,Constructor,False,False,False,
tokio,tokio::runtime,tokio/src/runtime/builder.rs,1738,build_current_thread_local_runtime,Builder,,Private helper,Constructor,False,False,False,
tokio,tokio::runtime,tokio/src/runtime/builder.rs,1753,build_current_thread_runtime_components,Builder,,Private helper,Constructor,False,False,False,
tokio,tokio::runtime,tokio/src/runtime/builder.rs,1816,metrics_poll_count_histogram_builder,Builder,,Private helper,Metrics / counters,False,False,False,
tokio,tokio::runtime,tokio/src/runtime/builder.rs,1824,metrics_schedule_latency_histogram_builder,Builder,,Private helper,Metrics / counters,False,False,False,
tokio,tokio::runtime,tokio/src/runtime/builder.rs,1847,enable_io,Builder,,Public API,Configuration / setter,False,False,False,Enables the I/O driver.
tokio,tokio::runtime,tokio/src/runtime/builder.rs,1875,max_io_events_per_tick,Builder,,Public API,Configuration / setter,False,False,False,Sets the max number of I/O events processed per tick.
tokio,tokio::runtime,tokio/src/runtime/builder.rs,1921,max_io_events_per_busy_tick,Builder,,Public API,Configuration / setter,False,False,False,Sets the max number of I/O events a worker processes when it polls the driver while it still has tasks to run.
tokio,tokio::runtime,tokio/src/runtime/builder.rs,1947,enable_time,Builder,,Public API,Configuration / setter,False,False,False,Enables the time driver.
tokio,tokio::runtime,tokio/src/runtime/builder.rs,1971,enable_io_uring,Builder,,Public API,Configuration / setter,False,False,False,Enables the tokio's io_uring driver.
tokio,tokio::runtime,tokio/src/runtime/builder.rs,1997,start_paused,Builder,,Public API,Runtime/task control,False,False,False,Controls if the runtime's clock starts paused or advancing.
tokio,tokio::runtime,tokio/src/runtime/builder.rs,2041,track_task_schedule_latency,Builder,,Public API,Other / internal logic,False,False,False,Enables tracking task schedule latency.
tokio,tokio::runtime,tokio/src/runtime/builder.rs,2090,enable_metrics_schedule_latency_histogram,Builder,,Public API,Configuration / setter,False,False,False,Enables tracking the distribution of task schedule latencies.
tokio,tokio::runtime,tokio/src/runtime/builder.rs,2171,metrics_schedule_latency_histogram_configuration,Builder,,Public API,Metrics / counters,False,False,False,Configure the histogram for tracking task schedule latencies.
tokio,tokio::runtime,tokio/src/runtime/builder.rs,2180,build_threaded_runtime,Builder,,Private helper,Constructor,False,False,False,
tokio,tokio::runtime,tokio/src/runtime/builder.rs,2240,fmt,Builder,fmt::Debug,Trait impl,Formatting,False,False,False,
tokio,tokio::runtime,tokio/src/runtime/context.rs,131,thread_rng_n,,,Crate-internal,Configuration / setter,False,False,False,
tokio,tokio::runtime,tokio/src/runtime/context.rs,140,budget,,,Crate-internal,Other / internal logic,False,False,False,
tokio,tokio::runtime,tokio/src/runtime/context.rs,147,thread_id,,,Crate-internal,Configuration / setter,False,False,False,
tokio,tokio::runtime,tokio/src/runtime/context.rs,160,set_current_task_id,,,Crate-internal,Configuration / setter,False,False,False,
tokio,tokio::runtime,tokio/src/runtime/context.rs,164,current_task_id,,,Crate-internal,Other / internal logic,False,False,False,
tokio,tokio::runtime,tokio/src/runtime/context.rs,168,worker_index,,,Crate-internal,Metrics / counters,False,False,False,
tokio,tokio::runtime,tokio/src/runtime/context.rs,173,defer,,,Crate-internal,Runtime/task control,False,False,False,
tokio,tokio::runtime,tokio/src/runtime/context.rs,185,set_scheduler,,,Crate-internal,Configuration / setter,False,False,False,
tokio,tokio::runtime,tokio/src/runtime/context.rs,194,drop,ClearSchedulerGuard,Drop,Trait impl,Drop / cleanup,False,False,False,
tokio,tokio::runtime,tokio/src/runtime/context.rs,201,clear_scheduler,,,Crate-internal,Other / internal logic,False,False,False,"Unsets the scheduler context until the guard drops, on unwind too."
tokio,tokio::runtime,tokio/src/runtime/context.rs,206,with_scheduler,,,Crate-internal,Constructor,False,False,False,
tokio,tokio::runtime,tokio/src/runtime/context.rs,222,with_trace,,,Crate-internal,Constructor,False,True,False,SAFETY: Callers of this function must ensure that trace frames always form a valid linked list.
tokio,tokio::runtime,tokio/src/runtime/driver.rs,48,new,Driver,,Crate-internal,Constructor,False,False,False,
tokio,tokio::runtime,tokio/src/runtime/driver.rs,68,park,Driver,,Crate-internal,Wake / park,False,False,False,
tokio,tokio::runtime,tokio/src/runtime/driver.rs,72,park_timeout,Driver,,Crate-internal,Wake / park,False,False,False,
tokio,tokio::runtime,tokio/src/runtime/driver.rs,76,shutdown,Driver,,Crate-internal,Runtime/task control,False,False,False,
tokio,tokio::runtime,tokio/src/runtime/driver.rs,82,unpark,Handle,,Crate-internal,Wake / park,False,False,False,
tokio,tokio::runtime,tokio/src/runtime/driver.rs,93,io,Handle,,Crate-internal,Other / internal logic,False,False,False,
tokio,tokio::runtime,tokio/src/runtime/driver.rs,102,signal,Handle,,Crate-internal,Other / internal logic,False,False,False,
tokio,tokio::runtime,tokio/src/runtime/driver.rs,114,time,Handle,,Crate-internal,Other / internal logic,False,False,False,Returns a reference to the time driver handle.
tokio,tokio::runtime,tokio/src/runtime/driver.rs,121,with_time,Handle,,Crate-internal,Constructor,False,False,False,
tokio,tokio::runtime,tokio/src/runtime/driver.rs,128,clock,Handle,,Crate-internal,Other / internal logic,False,False,False,
tokio,tokio::runtime,tokio/src/runtime/driver.rs,133,now,Handle,,Test,Time / timers,False,False,False,
tokio,tokio::runtime,tokio/src/runtime/driver.rs,156,create_io_stack,,,Private helper,Constructor,False,False,False,
tokio,tokio::runtime,tokio/src/runtime/driver.rs,177,park,IoStack,,Crate-internal,Wake / park,False,False,False,
tokio,tokio::runtime,tokio/src/runtime/driver.rs,184,park_timeout,IoStack,,Crate-internal,Wake / park,False,False,False,
tokio,tokio::runtime,tokio/src/runtime/driver.rs,191,shutdown,IoStack,,Crate-internal,Runtime/task control,False,False,False,
tokio,tokio::runtime,tokio/src/runtime/driver.rs,200,unpark,IoHandle,,Crate-internal,Wake / park,False,False,False,
tokio,tokio::runtime,tokio/src/runtime/driver.rs,207,as_ref,IoHandle,,Crate-internal,Conversion,False,False,False,
tokio,tokio::runtime,tokio/src/runtime/driver.rs,222,create_io_stack,,,Private helper,Constructor,False,False,False,
tokio,tokio::runtime,tokio/src/runtime/driver.rs,229,park,IoStack,,Crate-internal,Wake / park,False,False,False,
tokio,tokio::runtime,tokio/src/runtime/driver.rs,233,park_timeout,IoStack,,Crate-internal,Wake / park,False,False,False,
tokio,tokio::runtime,tokio/src/runtime/driver.rs,237,shutdown,IoStack,,Crate-internal,Runtime/task control,False,False,False,
tokio,tokio::runtime,tokio/src/runtime/driver.rs,242,is_enabled,IoStack,,Crate-internal,Accessor / query,False,False,False,"This is not a ""real"" driver, so it is not considered enabled."
tokio,tokio::runtime,tokio/src/runtime/driver.rs,254,create_signal_driver,,,Private helper,Constructor,False,False,False,
tokio,tokio::runtime,tokio/src/runtime/driver.rs,267,create_signal_driver,,,Private helper,Constructor,False,False,False,
tokio,tokio::runtime,tokio/src/runtime/driver.rs,278,create_process_driver,,,Private helper,Constructor,False,False,False,
tokio,tokio::runtime,tokio/src/runtime/driver.rs,287,create_process_driver,,,Private helper,Constructor,False,False,False,
tokio,tokio::runtime,tokio/src/runtime/driver.rs,308,create_clock,,,Private helper,Constructor,False,False,False,
tokio,tokio::runtime,tokio/src/runtime/driver.rs,312,create_time_driver,,,Private helper,Constructor,False,False,False,
tokio,tokio::runtime,tokio/src/runtime/driver.rs,335,park,TimeDriver,,Crate-internal,Wake / park,False,False,False,
tokio,tokio::runtime,tokio/src/runtime/driver.rs,343,park_timeout,TimeDriver,,Crate-internal,Wake / park,False,False,False,
tokio,tokio::runtime,tokio/src/runtime/driver.rs,351,shutdown,TimeDriver,,Crate-internal,Runtime/task control,False,False,False,
tokio,tokio::runtime,tokio/src/runtime/driver.rs,367,create_clock,,,Private helper,Constructor,False,False,False,
tokio,tokio::runtime,tokio/src/runtime/driver.rs,371,create_time_driver,,,Private helper,Constructor,False,False,False,
tokio,tokio::runtime,tokio/src/runtime/dump.rs,60,from_backtrace_symbol,BacktraceSymbol,,Crate-internal,Conversion,False,False,False,
tokio,tokio::runtime,tokio/src/runtime/dump.rs,73,name_raw,BacktraceSymbol,,Public API,Other / internal logic,False,False,False,Return the raw name of the symbol.
tokio,tokio::runtime,tokio/src/runtime/dump.rs,78,name_demangled,BacktraceSymbol,,Public API,Other / internal logic,False,False,False,Return the demangled name of the symbol.
tokio,tokio::runtime,tokio/src/runtime/dump.rs,83,addr,BacktraceSymbol,,Public API,Networking,False,False,False,Returns the starting address of this symbol.
tokio,tokio::runtime,tokio/src/runtime/dump.rs,89,filename,BacktraceSymbol,,Public API,Other / internal logic,False,False,False,Returns the file name where this function was defined.
tokio,tokio::runtime,tokio/src/runtime/dump.rs,96,lineno,BacktraceSymbol,,Public API,Other / internal logic,False,False,False,Returns the line number for where this symbol is currently executing.
tokio,tokio::runtime,tokio/src/runtime/dump.rs,103,colno,BacktraceSymbol,,Public API,Other / internal logic,False,False,False,Returns the column number for where this symbol is currently executing.
tokio,tokio::runtime,tokio/src/runtime/dump.rs,119,from_resolved_backtrace_frame,BacktraceFrame,,Crate-internal,Conversion,False,False,False,
tokio,tokio::runtime,tokio/src/runtime/dump.rs,134,ip,BacktraceFrame,,Public API,Other / internal logic,False,False,False,Return the instruction pointer of this frame.
tokio,tokio::runtime,tokio/src/runtime/dump.rs,139,symbol_address,BacktraceFrame,,Public API,Other / internal logic,False,False,False,Returns the starting symbol address of the frame of this function.
tokio,tokio::runtime,tokio/src/runtime/dump.rs,148,symbols,BacktraceFrame,,Public API,Other / internal logic,False,False,False,Return an iterator over the symbols of this backtrace frame.
tokio,tokio::runtime,tokio/src/runtime/dump.rs,164,frames,Backtrace,,Public API,Other / internal logic,False,False,False,"Return the frames in this backtrace, innermost (in a task dump, likely to be a leaf future's poll function) first."
tokio,tokio::runtime,tokio/src/runtime/dump.rs,202,resolve_backtraces,Trace,,Public API,Other / internal logic,False,False,False,Resolve and return a list of backtraces that are involved in polls in this trace.
tokio,tokio::runtime,tokio/src/runtime/dump.rs,267,capture,Trace,,Public API,Other / internal logic,False,False,False,"Runs the function `f` in tracing mode, and returns its result along with the resulting [`Trace`]."
tokio,tokio::runtime,tokio/src/runtime/dump.rs,280,root,Trace,,Public API,Other / internal logic,False,False,False,Create a root for stack traces captured using [`Trace::capture`].
tokio,tokio::runtime,tokio/src/runtime/dump.rs,289,new,Dump,,Crate-internal,Constructor,False,False,False,
tokio,tokio::runtime,tokio/src/runtime/dump.rs,296,tasks,Dump,,Public API,Other / internal logic,False,False,False,Tasks in this snapshot.
tokio,tokio::runtime,tokio/src/runtime/dump.rs,303,iter,Tasks,,Public API,Combinator / iteration,False,False,False,Iterate over tasks.
tokio,tokio::runtime,tokio/src/runtime/dump.rs,309,new,Task,,Crate-internal,Constructor,False,False,False,
tokio,tokio::runtime,tokio/src/runtime/dump.rs,327,id,Task,,Public API,Accessor / query,False,False,False,Returns a [task ID] that uniquely identifies this task relative to other tasks spawned at the time of the dump.
tokio,tokio::runtime,tokio/src/runtime/dump.rs,332,trace,Task,,Public API,Debugging / tracing,False,False,False,A trace of this task's state.
tokio,tokio::runtime,tokio/src/runtime/dump.rs,338,fmt,Trace,fmt::Display,Trait impl,Formatting,False,False,False,
tokio,tokio::runtime,tokio/src/runtime/handle.rs,86,enter,Handle,,Public API,Runtime/task control,False,False,False,Enters the runtime context.
tokio,tokio::runtime,tokio/src/runtime/handle.rs,144,current,Handle,,Public API,Handle / reference plumbing,False,False,False,Returns a `Handle` view over the currently running `Runtime`.
tokio,tokio::runtime,tokio/src/runtime/handle.rs,155,try_current,Handle,,Public API,Non-blocking attempt,False,False,False,"Returns a Handle view over the currently running Runtime Returns an error if no Runtime has been started Contrary to `current`, this never panics"
tokio,tokio::runtime,tokio/src/runtime/handle.rs,197,spawn,Handle,,Public API,Runtime/task control,False,False,False,Spawns a future onto the Tokio runtime.
tokio,tokio::runtime,tokio/src/runtime/handle.rs,234,spawn_blocking,Handle,,Public API,Runtime/task control,False,False,False,Runs the provided function on an executor dedicated to blocking operations.
tokio,tokio::runtime,tokio/src/runtime/handle.rs,342,block_on,Handle,,Public API,Runtime/task control,False,False,False,Runs a future to completion on this `Handle`'s associated `Runtime`.
tokio,tokio::runtime,tokio/src/runtime/handle.rs,352,block_on_inner,Handle,,Private helper,Runtime/task control,False,False,False,
tokio,tokio::runtime,tokio/src/runtime/handle.rs,379,spawn_named,Handle,,Crate-internal,Runtime/task control,False,False,False,
tokio,tokio::runtime,tokio/src/runtime/handle.rs,409,spawn_local_named,Handle,,Crate-internal,Runtime/task control,False,True,False,# Safety This must only be called in `LocalRuntime` if the runtime has been verified to be owned by the current thread.
tokio,tokio::runtime,tokio/src/runtime/handle.rs,461,runtime_flavor,Handle,,Public API,Other / internal logic,False,False,False,Returns the flavor of the current `Runtime`.
tokio,tokio::runtime,tokio/src/runtime/handle.rs,483,id,Handle,,Public API,Accessor / query,False,False,False,Returns the [`Id`] of the current `Runtime`.
tokio,tokio::runtime,tokio/src/runtime/handle.rs,505,name,Handle,,Public API,Other / internal logic,False,False,False,Returns the name of the current `Runtime`.
tokio,tokio::runtime,tokio/src/runtime/handle.rs,515,metrics,Handle,,Public API,Accessor / query,False,False,False,Returns a view that lets you get information about how the runtime is performing.
tokio,tokio::runtime,tokio/src/runtime/handle.rs,646,dump,Handle,,Public API,Debugging / tracing,True,False,False,Captures a snapshot of the runtime's state.
tokio,tokio::runtime,tokio/src/runtime/handle.rs,666,is_tracing,Handle,,Public API,Accessor / query,False,False,False,Produces `true` if the current task is being traced for a dump; otherwise false.
tokio,tokio::runtime,tokio/src/runtime/handle.rs,673,spawn_thread,,,Private helper,Runtime/task control,True,False,False,Spawn a new thread and asynchronously await on its result.
tokio,tokio::runtime,tokio/src/runtime/handle.rs,697,new_no_context,TryCurrentError,,Crate-internal,Constructor,False,False,False,
tokio,tokio::runtime,tokio/src/runtime/handle.rs,703,new_thread_local_destroyed,TryCurrentError,,Crate-internal,Constructor,False,False,False,
tokio,tokio::runtime,tokio/src/runtime/handle.rs,711,is_missing_context,TryCurrentError,,Public API,Accessor / query,False,False,False,Returns true if the call failed because there is currently no runtime in the Tokio context.
tokio,tokio::runtime,tokio/src/runtime/handle.rs,718,is_thread_local_destroyed,TryCurrentError,,Public API,Accessor / query,False,False,False,Returns true if the call failed because the Tokio context thread-local had been destroyed.
tokio,tokio::runtime,tokio/src/runtime/handle.rs,729,fmt,TryCurrentErrorKind,fmt::Debug,Trait impl,Formatting,False,False,False,
tokio,tokio::runtime,tokio/src/runtime/handle.rs,738,fmt,TryCurrentError,fmt::Display,Trait impl,Formatting,False,False,False,
tokio,tokio::runtime,tokio/src/runtime/id.rs,33,new,Id,,Crate-internal,Constructor,False,False,False,
tokio,tokio::runtime,tokio/src/runtime/id.rs,39,fmt,Id,fmt::Display,Trait impl,Formatting,False,False,False,
tokio,tokio::runtime,tokio/src/runtime/jspi.rs,26,emscripten_has_asyncify,,,Private helper,Other / internal logic,False,False,False,"Reports the `ASYNCIFY` build mode: 0 = none, 1 = legacy `Asyncify`, 2 = JSPI."
tokio,tokio::runtime,tokio/src/runtime/jspi.rs,28,emscripten_promise_create,,,Private helper,Other / internal logic,False,False,False,
tokio,tokio::runtime,tokio/src/runtime/jspi.rs,29,emscripten_promise_destroy,,,Private helper,Other / internal logic,False,False,False,
tokio,tokio::runtime,tokio/src/runtime/jspi.rs,30,emscripten_promise_resolve,,,Private helper,Other / internal logic,False,False,False,
tokio,tokio::runtime,tokio/src/runtime/jspi.rs,32,emscripten_set_timeout,,,Private helper,Other / internal logic,False,False,False,
tokio,tokio::runtime,tokio/src/runtime/jspi.rs,37,emscripten_clear_timeout,,,Private helper,Other / internal logic,False,False,False,
tokio,tokio::runtime,tokio/src/runtime/jspi.rs,38,emscripten_set_immediate,,,Private helper,Other / internal logic,False,False,False,
tokio,tokio::runtime,tokio/src/runtime/jspi.rs,39,emscripten_clear_immediate,,,Private helper,Other / internal logic,False,False,False,
tokio,tokio::runtime,tokio/src/runtime/jspi.rs,53,emscripten_promise_await_unchecked,,,Private helper,Other / internal logic,False,False,False,
tokio,tokio::runtime,tokio/src/runtime/jspi.rs,57,jspi_enabled,,,Crate-internal,Other / internal logic,False,False,False,Whether JSPI suspension is available: linked with `-sJSPI`.
tokio,tokio::runtime,tokio/src/runtime/jspi.rs,72,new,Slot,,Crate-internal,Constructor,False,False,True,
tokio,tokio::runtime,tokio/src/runtime/jspi.rs,92,set,Timer,,Private helper,Configuration / setter,False,False,False,
tokio,tokio::runtime,tokio/src/runtime/jspi.rs,107,drop,Timer,Drop,Trait impl,Drop / cleanup,False,False,False,
tokio,tokio::runtime,tokio/src/runtime/jspi.rs,119,resolve,,,Private helper,Other / internal logic,False,False,False,
tokio,tokio::runtime,tokio/src/runtime/jspi.rs,132,drop,Park<'_>,Drop,Trait impl,Drop / cleanup,False,False,False,
tokio,tokio::runtime,tokio/src/runtime/jspi.rs,143,park,,,Crate-internal,Wake / park,False,False,False,"Suspend the owning activation until [`unpark`] is called on `slot`, or `dur` elapses on a host timer if given."
tokio,tokio::runtime,tokio/src/runtime/jspi.rs,168,unpark,,,Crate-internal,Wake / park,False,False,False,"Resume the activation parked on `slot`, if any."
tokio,tokio::runtime,tokio/src/runtime/mod.rs,464,new,Timer,,Crate-internal,Constructor,False,False,False,
tokio,tokio::runtime,tokio/src/runtime/mod.rs,476,init,Timer,,Crate-internal,Other / internal logic,False,False,False,
tokio,tokio::runtime,tokio/src/runtime/mod.rs,489,is_elapsed,Timer,,Crate-internal,Accessor / query,False,False,False,
tokio,tokio::runtime,tokio/src/runtime/mod.rs,497,cancel,Timer,,Crate-internal,Lifecycle / ref-count,False,False,False,
tokio,tokio::runtime,tokio/src/runtime/mod.rs,513,reset,Timer,,Crate-internal,Configuration / setter,False,False,False,
tokio,tokio::runtime,tokio/src/runtime/mod.rs,531,poll_elapsed,Timer,,Crate-internal,Poll function,False,False,False,
tokio,tokio::runtime,tokio/src/runtime/mod.rs,619,worker_index,,,Public API,Metrics / counters,False,False,False,"Returns the index of the current worker thread, if called from a runtime worker thread."
tokio,tokio::runtime,tokio/src/runtime/park.rs,47,new,ParkThread,,Crate-internal,Constructor,False,False,False,
tokio,tokio::runtime,tokio/src/runtime/park.rs,59,unpark,ParkThread,,Crate-internal,Wake / park,False,False,False,
tokio,tokio::runtime,tokio/src/runtime/park.rs,64,park,ParkThread,,Crate-internal,Wake / park,False,False,False,
tokio,tokio::runtime,tokio/src/runtime/park.rs,70,park_timeout,ParkThread,,Crate-internal,Wake / park,False,False,False,
tokio,tokio::runtime,tokio/src/runtime/park.rs,76,shutdown,ParkThread,,Crate-internal,Runtime/task control,False,False,False,
tokio,tokio::runtime,tokio/src/runtime/park.rs,85,park,Inner,,Private helper,Wake / park,False,False,False,
tokio,tokio::runtime,tokio/src/runtime/park.rs,133,park,Inner,,Private helper,Wake / park,False,False,False,
tokio,tokio::runtime,tokio/src/runtime/park.rs,139,park_jspi,Inner,,Private helper,Wake / park,False,False,False,"Parks the activation until unparked or `dur` elapses, if given."
tokio,tokio::runtime,tokio/src/runtime/park.rs,178,drop,Unpark<'_>,Drop,Trait impl,Drop / cleanup,False,False,False,
tokio,tokio::runtime,tokio/src/runtime/park.rs,193,park_timeout,Inner,,Private helper,Wake / park,False,False,False,Parks the current thread for at most `dur`.
tokio,tokio::runtime,tokio/src/runtime/park.rs,244,park_timeout,Inner,,Private helper,Wake / park,False,False,False,
tokio,tokio::runtime,tokio/src/runtime/park.rs,248,unpark,Inner,,Private helper,Wake / park,False,False,False,
tokio,tokio::runtime,tokio/src/runtime/park.rs,281,shutdown,Inner,,Private helper,Runtime/task control,False,False,False,
tokio,tokio::runtime,tokio/src/runtime/park.rs,287,default,ParkThread,Default,Trait impl,Constructor,False,False,False,
tokio,tokio::runtime,tokio/src/runtime/park.rs,295,unpark,UnparkThread,,Crate-internal,Wake / park,False,False,False,
tokio,tokio::runtime,tokio/src/runtime/park.rs,323,new,CachedParkThread,,Crate-internal,Constructor,False,False,False,Creates a new `ParkThread` handle for the current thread.
tokio,tokio::runtime,tokio/src/runtime/park.rs,331,waker,CachedParkThread,,Crate-internal,Wake / park,False,False,False,
tokio,tokio::runtime,tokio/src/runtime/park.rs,335,unpark,CachedParkThread,,Private helper,Wake / park,False,False,False,
tokio,tokio::runtime,tokio/src/runtime/park.rs,339,park,CachedParkThread,,Crate-internal,Wake / park,False,False,False,
tokio,tokio::runtime,tokio/src/runtime/park.rs,344,park_timeout,CachedParkThread,,Crate-internal,Wake / park,False,False,False,
tokio,tokio::runtime,tokio/src/runtime/park.rs,350,with_current,CachedParkThread,,Private helper,Constructor,False,False,False,Gets a reference to the `ParkThread` handle for this thread.
tokio,tokio::runtime,tokio/src/runtime/park.rs,362,block_on,CachedParkThread,,Crate-internal,Runtime/task control,False,False,False,
tokio,tokio::runtime,tokio/src/runtime/park.rs,382,into_waker,UnparkThread,,Crate-internal,Conversion,False,False,False,
tokio,tokio::runtime,tokio/src/runtime/park.rs,392,into_raw,Inner,,Private helper,Conversion,False,False,False,
tokio,tokio::runtime,tokio/src/runtime/park.rs,399,from_raw,Inner,,Private helper,Conversion,False,True,False,# Safety The pointer must have been created by [`Self::into_raw`].
tokio,tokio::runtime,tokio/src/runtime/park.rs,405,unparker_to_raw_waker,,,Private helper,Wake / park,False,True,False,
tokio,tokio::runtime,tokio/src/runtime/park.rs,415,clone,,,Private helper,Other / internal logic,False,True,False,# Safety The pointer must have been created by [`Inner::into_raw`].
tokio,tokio::runtime,tokio/src/runtime/park.rs,425,drop_waker,,,Private helper,Lifecycle / ref-count,False,True,False,# Safety The pointer must have been created by [`Inner::into_raw`].
tokio,tokio::runtime,tokio/src/runtime/park.rs,432,wake,,,Private helper,Wake / park,False,True,False,# Safety The pointer must have been created by [`Inner::into_raw`].
tokio,tokio::runtime,tokio/src/runtime/park.rs,440,wake_by_ref,,,Private helper,Wake / park,False,True,False,# Safety The pointer must have been created by [`Inner::into_raw`].
tokio,tokio::runtime,tokio/src/runtime/park.rs,448,current_thread_park_count,,,Crate-internal,Metrics / counters,False,False,False,
tokio,tokio::runtime,tokio/src/runtime/process.rs,22,new,Driver,,Crate-internal,Constructor,False,False,False,Creates a new signal `Driver` instance that delegates wakeups to `park`.
tokio,tokio::runtime,tokio/src/runtime/process.rs,31,park,Driver,,Crate-internal,Wake / park,False,False,False,
tokio,tokio::runtime,tokio/src/runtime/process.rs,36,park_timeout,Driver,,Crate-internal,Wake / park,False,False,False,
tokio,tokio::runtime,tokio/src/runtime/process.rs,41,shutdown,Driver,,Crate-internal,Runtime/task control,False,False,False,
tokio,tokio::runtime,tokio/src/runtime/runtime.rs,132,from_parts,Runtime,,Crate-internal,Conversion,False,False,False,
tokio,tokio::runtime,tokio/src/runtime/runtime.rs,179,new,Runtime,,Public API,Constructor,False,False,False,Creates a new runtime instance with default configuration values.
tokio,tokio::runtime,tokio/src/runtime/runtime.rs,206,handle,Runtime,,Public API,Handle / reference plumbing,False,False,False,Returns a handle to the runtime's spawner.
tokio,tokio::runtime,tokio/src/runtime/runtime.rs,244,spawn,Runtime,,Public API,Runtime/task control,False,False,False,Spawns a future onto the Tokio runtime.
tokio,tokio::runtime,tokio/src/runtime/runtime.rs,280,spawn_blocking,Runtime,,Public API,Runtime/task control,False,False,False,Runs the provided function on an executor dedicated to blocking operations.
tokio,tokio::runtime,tokio/src/runtime/runtime.rs,343,block_on,Runtime,,Public API,Runtime/task control,False,False,False,Runs a future to completion on the Tokio runtime.
tokio,tokio::runtime,tokio/src/runtime/runtime.rs,353,block_on_inner,Runtime,,Private helper,Runtime/task control,False,False,False,
tokio,tokio::runtime,tokio/src/runtime/runtime.rs,424,enter,Runtime,,Public API,Runtime/task control,False,False,False,Enters the runtime context.
tokio,tokio::runtime,tokio/src/runtime/runtime.rs,457,shutdown_timeout,Runtime,,Public API,Runtime/task control,False,False,False,"Shuts down the runtime, waiting for at most `duration` for all spawned work to stop."
tokio,tokio::runtime,tokio/src/runtime/runtime.rs,494,shutdown_background,Runtime,,Public API,Runtime/task control,False,False,False,"Shuts down the runtime, without waiting for any spawned work to stop."
tokio,tokio::runtime,tokio/src/runtime/runtime.rs,500,metrics,Runtime,,Public API,Accessor / query,False,False,False,Returns a view that lets you get information about how the runtime is performing.
tokio,tokio::runtime,tokio/src/runtime/runtime.rs,506,drop,Runtime,Drop,Trait impl,Drop / cleanup,False,False,False,
tokio,tokio::runtime,tokio/src/runtime/runtime.rs,528,display_eq,,,Private helper,Other / internal logic,False,False,False,
tokio,tokio::runtime,tokio/src/runtime/runtime.rs,537,write_str,FormatEq<'r>,Write,Trait impl,I/O operation,False,False,False,
tokio,tokio::runtime,tokio/src/runtime/runtime.rs,585,is_rt_shutdown_err,,,Public API,Accessor / query,False,False,False,Checks whether the given error was emitted by Tokio when shutting down its runtime.
tokio,tokio::runtime,tokio/src/runtime/task_hooks.rs,7,spawn,TaskHooks,,Crate-internal,Runtime/task control,False,False,False,
tokio,tokio::runtime,tokio/src/runtime/task_hooks.rs,14,from_config,TaskHooks,,Crate-internal,Conversion,False,False,False,
tokio,tokio::runtime,tokio/src/runtime/task_hooks.rs,27,poll_start_callback,TaskHooks,,Crate-internal,Poll function,False,False,False,
tokio,tokio::runtime,tokio/src/runtime/task_hooks.rs,35,poll_stop_callback,TaskHooks,,Crate-internal,Poll function,False,False,False,
tokio,tokio::runtime,tokio/src/runtime/task_hooks.rs,76,id,TaskMeta<'a>,,Public API,Accessor / query,False,False,False,Return the opaque ID of the task.
tokio,tokio::runtime,tokio/src/runtime/task_hooks.rs,82,spawned_at,TaskMeta<'a>,,Public API,Runtime/task control,False,False,False,Return the source code location where the task was spawned.
tokio,tokio::runtime,tokio/src/runtime/task_hooks.rs,108,schedule_latency,TaskMeta<'a>,,Public API,Runtime/task control,False,False,False,Returns the latency between scheduling the task and starting its current poll.
tokio,tokio::runtime,tokio/src/runtime/thread_id.rs,7,next,ThreadId,,Crate-internal,Combinator / iteration,False,False,False,
tokio,tokio::runtime,tokio/src/runtime/thread_id.rs,35,exhausted,,,Private helper,Other / internal logic,False,False,False,
tokio,tokio::runtime::blocking,tokio/src/runtime/blocking/mod.rs,26,create_blocking_pool,,,Crate-internal,Constructor,False,False,False,
tokio,tokio::runtime::blocking,tokio/src/runtime/blocking/pool.rs,38,num_threads,SpawnerMetrics,,Crate-internal,Accessor / query,False,False,False,
tokio,tokio::runtime::blocking,tokio/src/runtime/blocking/pool.rs,42,num_idle_threads,SpawnerMetrics,,Crate-internal,Accessor / query,False,False,False,
tokio,tokio::runtime::blocking,tokio/src/runtime/blocking/pool.rs,47,queue_depth,SpawnerMetrics,,Private helper,Metrics / counters,False,False,False,
tokio,tokio::runtime::blocking,tokio/src/runtime/blocking/pool.rs,52,inc_num_threads,SpawnerMetrics,,Private helper,Metrics / counters,False,False,False,
tokio,tokio::runtime::blocking,tokio/src/runtime/blocking/pool.rs,56,dec_num_threads,SpawnerMetrics,,Crate-internal,Metrics / counters,False,False,False,
tokio,tokio::runtime::blocking,tokio/src/runtime/blocking/pool.rs,60,inc_num_idle_threads,SpawnerMetrics,,Crate-internal,Metrics / counters,False,False,False,
tokio,tokio::runtime::blocking,tokio/src/runtime/blocking/pool.rs,64,dec_num_idle_threads,SpawnerMetrics,,Crate-internal,Metrics / counters,False,False,False,
tokio,tokio::runtime::blocking,tokio/src/runtime/blocking/pool.rs,68,inc_queue_depth,SpawnerMetrics,,Crate-internal,Metrics / counters,False,False,False,
tokio,tokio::runtime::blocking,tokio/src/runtime/blocking/pool.rs,72,dec_queue_depth,SpawnerMetrics,,Crate-internal,Metrics / counters,False,False,False,
tokio,tokio::runtime::blocking,tokio/src/runtime/blocking/pool.rs,156,begin_shutdown,ThreadManagementState,,Crate-internal,Runtime/task control,False,False,False,Flag the pool as shutting down and hand back the worker `JoinHandle`s to join.
tokio,tokio::runtime::blocking,tokio/src/runtime/blocking/pool.rs,172,worker_timed_out,ThreadManagementState,,Crate-internal,Metrics / counters,False,False,False,"Bookkeeping for a worker exiting on its keep-alive timeout: leaves its own handle for the next timed-out worker (or shutdown) to join, and returns the previous timed-out thread's handle, which the cal"
tokio,tokio::runtime::blocking,tokio/src/runtime/blocking/pool.rs,202,from,io::Error,From<SpawnError>,Trait impl,Conversion,False,False,False,
tokio,tokio::runtime::blocking,tokio/src/runtime/blocking/pool.rs,211,new,Task,,Crate-internal,Constructor,False,False,False,
tokio,tokio::runtime::blocking,tokio/src/runtime/blocking/pool.rs,215,shutdown,Task,,Crate-internal,Runtime/task control,False,False,False,
tokio,tokio::runtime::blocking,tokio/src/runtime/blocking/pool.rs,219,run,Task,,Crate-internal,Runtime/task control,False,False,False,
tokio,tokio::runtime::blocking,tokio/src/runtime/blocking/pool.rs,223,shutdown_or_run_if_mandatory,Task,,Crate-internal,Runtime/task control,False,False,False,
tokio,tokio::runtime::blocking,tokio/src/runtime/blocking/pool.rs,238,spawn_blocking,,,Crate-internal,Runtime/task control,False,False,False,Runs the provided function on an executor dedicated to blocking operations.
tokio,tokio::runtime::blocking,tokio/src/runtime/blocking/pool.rs,257,spawn_mandatory_blocking,,,Crate-internal,Runtime/task control,False,False,False,Runs the provided function on an executor dedicated to blocking operations.
tokio,tokio::runtime::blocking,tokio/src/runtime/blocking/pool.rs,270,new,BlockingPool,,Crate-internal,Constructor,False,False,False,
tokio,tokio::runtime::blocking,tokio/src/runtime/blocking/pool.rs,310,spawner,BlockingPool,,Crate-internal,Runtime/task control,False,False,False,
tokio,tokio::runtime::blocking,tokio/src/runtime/blocking/pool.rs,314,shutdown,BlockingPool,,Crate-internal,Runtime/task control,False,False,False,
tokio,tokio::runtime::blocking,tokio/src/runtime/blocking/pool.rs,344,drop,BlockingPool,Drop,Trait impl,Drop / cleanup,False,False,False,
tokio,tokio::runtime::blocking,tokio/src/runtime/blocking/pool.rs,350,fmt,BlockingPool,fmt::Debug,Trait impl,Formatting,False,False,False,
tokio,tokio::runtime::blocking,tokio/src/runtime/blocking/pool.rs,359,spawn_blocking,Spawner,,Crate-internal,Runtime/task control,False,False,False,
tokio,tokio::runtime::blocking,tokio/src/runtime/blocking/pool.rs,398,spawn_mandatory_blocking,Spawner,,Crate-internal,Runtime/task control,False,False,False,
tokio,tokio::runtime::blocking,tokio/src/runtime/blocking/pool.rs,429,spawn_blocking_inner,Spawner,,Crate-internal,Runtime/task control,False,False,False,
tokio,tokio::runtime::blocking,tokio/src/runtime/blocking/pool.rs,455,num_blocking_threads,Spawner,,Crate-internal,Accessor / query,False,False,False,
tokio,tokio::runtime::blocking,tokio/src/runtime/blocking/pool.rs,462,spawn_task,Spawner,,Private helper,Runtime/task control,False,False,False,
tokio,tokio::runtime::blocking,tokio/src/runtime/blocking/pool.rs,508,spawn_thread,Spawner,,Private helper,Runtime/task control,False,False,False,
tokio,tokio::runtime::blocking,tokio/src/runtime/blocking/pool.rs,533,num_idle_threads,Spawner,,Crate-internal,Accessor / query,False,False,False,
tokio,tokio::runtime::blocking,tokio/src/runtime/blocking/pool.rs,537,queue_depth,Spawner,,Crate-internal,Metrics / counters,False,False,False,
tokio,tokio::runtime::blocking,tokio/src/runtime/blocking/pool.rs,549,spawn_task,InnerImpl,,Private helper,Runtime/task control,False,False,False,
tokio,tokio::runtime::blocking,tokio/src/runtime/blocking/pool.rs,564,run_worker,InnerImpl,,Private helper,Runtime/task control,False,False,False,
tokio,tokio::runtime::blocking,tokio/src/runtime/blocking/pool.rs,576,begin_shutdown,InnerImpl,,Private helper,Runtime/task control,False,False,False,
tokio,tokio::runtime::blocking,tokio/src/runtime/blocking/pool.rs,589,new,LockedImpl,,Private helper,Constructor,False,False,False,
tokio,tokio::runtime::blocking,tokio/src/runtime/blocking/pool.rs,603,spawn_task,LockedImpl,,Private helper,Runtime/task control,False,False,False,Push a task and either notify an idle worker or invoke `on_no_idle` (which is responsible for spawning a new worker if possible).
tokio,tokio::runtime::blocking,tokio/src/runtime/blocking/pool.rs,642,run_worker,LockedImpl,,Private helper,Runtime/task control,False,False,False,Run a worker thread's main loop.
tokio,tokio::runtime::blocking,tokio/src/runtime/blocking/pool.rs,740,begin_shutdown,LockedImpl,,Private helper,Runtime/task control,False,False,False,"Begin pool shutdown: set the shutdown flag, drop the shutdown sender, wake all waiting workers, and hand back the worker `JoinHandle`s for the caller to join."
tokio,tokio::runtime::blocking,tokio/src/runtime/blocking/pool.rs,750,is_temporary_os_thread_error,,,Private helper,Accessor / query,False,False,False,
tokio,tokio::runtime::blocking,tokio/src/runtime/blocking/pool.rs,755,run,Inner,,Private helper,Runtime/task control,False,False,False,
tokio,tokio::runtime::blocking,tokio/src/runtime/blocking/pool.rs,775,fmt,Spawner,fmt::Debug,Trait impl,Formatting,False,False,False,
tokio,tokio::runtime::blocking,tokio/src/runtime/blocking/schedule.rs,20,new,BlockingSchedule,,Crate-internal,Constructor,False,False,False,
tokio,tokio::runtime::blocking,tokio/src/runtime/blocking/schedule.rs,42,release,BlockingSchedule,task::Schedule,Trait impl,Scheduler hook,False,False,False,
tokio,tokio::runtime::blocking,tokio/src/runtime/blocking/schedule.rs,57,schedule,BlockingSchedule,task::Schedule,Trait impl,Scheduler hook,False,False,False,
tokio,tokio::runtime::blocking,tokio/src/runtime/blocking/schedule.rs,61,hooks,BlockingSchedule,task::Schedule,Trait impl,Scheduler hook,False,False,False,
tokio,tokio::runtime::blocking,tokio/src/runtime/blocking/sharded.rs,73,new,ShardedImpl,,Crate-internal,Constructor,False,False,False,
tokio,tokio::runtime::blocking,tokio/src/runtime/blocking/sharded.rs,96,push_shard_index,ShardedImpl,,Private helper,Data movement,False,False,False,Pick a shard to push to.
tokio,tokio::runtime::blocking,tokio/src/runtime/blocking/sharded.rs,104,push_shard_index,ShardedImpl,,Private helper,Data movement,False,False,False,"Under loom the RNG would make each execution take a different path, breaking loom's requirement that executions be deterministic, so use round-robin selection instead."
tokio,tokio::runtime::blocking,tokio/src/runtime/blocking/sharded.rs,114,push,ShardedImpl,,Private helper,Data movement,False,False,False,"Push a task onto one of the shards, or hand it back if the chosen shard has been sealed for shutdown."
tokio,tokio::runtime::blocking,tokio/src/runtime/blocking/sharded.rs,129,pop,ShardedImpl,,Private helper,Data movement,False,False,False,"Pop a task, checking the worker's preferred shard first."
tokio,tokio::runtime::blocking,tokio/src/runtime/blocking/sharded.rs,165,drain_and_seal,ShardedImpl,,Private helper,Combinator / iteration,False,False,False,"Drain every shard, sealing each so that later pushes are rejected, and run-or-cancel the collected tasks."
tokio,tokio::runtime::blocking,tokio/src/runtime/blocking/sharded.rs,186,spawn_task,ShardedImpl,,Crate-internal,Runtime/task control,False,False,False,Push a task and either notify an idle worker or invoke `on_no_idle` (which is responsible for spawning a new worker if possible).
tokio,tokio::runtime::blocking,tokio/src/runtime/blocking/sharded.rs,238,run_worker,ShardedImpl,,Crate-internal,Runtime/task control,False,False,False,Run a worker thread's main loop.
tokio,tokio::runtime::blocking,tokio/src/runtime/blocking/sharded.rs,336,begin_shutdown,ShardedImpl,,Crate-internal,Runtime/task control,False,False,False,"Begin pool shutdown: set the shutdown flag, drop the shutdown sender, wake all waiting workers, and hand back the worker `JoinHandle`s for the caller to join."
tokio,tokio::runtime::blocking,tokio/src/runtime/blocking/shutdown.rs,21,channel,,,Crate-internal,Constructor,False,False,False,
tokio,tokio::runtime::blocking,tokio/src/runtime/blocking/shutdown.rs,37,wait,Receiver,,Crate-internal,Runtime/task control,False,False,False,Blocks the current thread until all `Sender` handles drop.
tokio,tokio::runtime::blocking,tokio/src/runtime/blocking/task.rs,12,new,BlockingTask<T>,,Crate-internal,Constructor,False,False,False,Initializes a new blocking task from the given function.
tokio,tokio::runtime::blocking,tokio/src/runtime/blocking/task.rs,27,poll,BlockingTask<T>,Future,Trait impl,Future impl (poll),False,False,False,
tokio,tokio::runtime::context,tokio/src/runtime/context/blocking.rs,17,try_enter_blocking_region,,,Crate-internal,Non-blocking attempt,False,False,False,
tokio,tokio::runtime::context,tokio/src/runtime/context/blocking.rs,34,disallow_block_in_place,,,Crate-internal,Other / internal logic,False,False,False,Disallows blocking in the current runtime context until the guard is dropped.
tokio,tokio::runtime::context,tokio/src/runtime/context/blocking.rs,53,new,BlockingRegionGuard,,Crate-internal,Constructor,False,False,False,
tokio,tokio::runtime::context,tokio/src/runtime/context/blocking.rs,59,block_on,BlockingRegionGuard,,Crate-internal,Runtime/task control,False,False,False,"Blocks the thread on the specified future, returning the value with which that future completes."
tokio,tokio::runtime::context,tokio/src/runtime/context/blocking.rs,73,block_on_timeout,BlockingRegionGuard,,Crate-internal,Runtime/task control,False,False,False,"Blocks the thread on the specified future for **at most** `timeout` If the future completes before `timeout`, the result is returned."
tokio,tokio::runtime::context,tokio/src/runtime/context/blocking.rs,110,drop,DisallowBlockInPlaceGuard,Drop,Trait impl,Drop / cleanup,False,False,False,
tokio,tokio::runtime::context,tokio/src/runtime/context/current.rs,33,try_set_current,,,Crate-internal,Non-blocking attempt,False,False,False,Sets this [`Handle`] as the current active [`Handle`].
tokio,tokio::runtime::context,tokio/src/runtime/context/current.rs,37,with_current,,,Crate-internal,Constructor,False,False,False,
tokio,tokio::runtime::context,tokio/src/runtime/context/current.rs,49,set_current,Context,,Crate-internal,Configuration / setter,False,False,False,
tokio,tokio::runtime::context,tokio/src/runtime/context/current.rs,67,new,HandleCell,,Crate-internal,Constructor,False,False,True,
tokio,tokio::runtime::context,tokio/src/runtime/context/current.rs,76,drop,SetCurrentGuard,Drop,Trait impl,Drop / cleanup,False,False,False,
tokio,tokio::runtime::context,tokio/src/runtime/context/runtime.rs,35,enter_runtime,,,Crate-internal,Runtime/task control,False,False,False,Marks the current thread as being within the dynamic extent of an executor.
tokio,tokio::runtime::context,tokio/src/runtime/context/runtime.rs,78,fmt,EnterRuntimeGuard,fmt::Debug,Trait impl,Formatting,False,False,False,
tokio,tokio::runtime::context,tokio/src/runtime/context/runtime.rs,84,drop,EnterRuntimeGuard,Drop,Trait impl,Drop / cleanup,False,False,False,
tokio,tokio::runtime::context,tokio/src/runtime/context/runtime.rs,97,is_entered,EnterRuntime,,Crate-internal,Accessor / query,False,False,False,
tokio,tokio::runtime::context,tokio/src/runtime/context/runtime_mt.rs,4,current_enter_context,,,Crate-internal,Other / internal logic,False,False,False,Returns true if in a runtime context.
tokio,tokio::runtime::context,tokio/src/runtime/context/runtime_mt.rs,10,exit_runtime,,,Crate-internal,Other / internal logic,False,False,False,"Forces the current ""entered"" state to be cleared while the closure is executed."
tokio,tokio::runtime::context,tokio/src/runtime/context/runtime_mt.rs,15,drop,Reset,Drop,Trait impl,Drop / cleanup,False,False,False,
tokio,tokio::runtime::context,tokio/src/runtime/context/scoped.rs,10,new,Scoped<T>,,Crate-internal,Constructor,False,False,True,
tokio,tokio::runtime::context,tokio/src/runtime/context/scoped.rs,17,set,Scoped<T>,,Crate-internal,Configuration / setter,False,False,False,Inserts a value into the scoped cell for the duration of the closure
tokio,tokio::runtime::context,tokio/src/runtime/context/scoped.rs,27,drop,"Reset<'_, T>",Drop,Trait impl,Drop / cleanup,False,False,False,
tokio,tokio::runtime::context,tokio/src/runtime/context/scoped.rs,44,with,Scoped<T>,,Crate-internal,Combinator / iteration,False,False,False,Gets the value out of the scoped cell;
tokio,tokio::runtime::driver,tokio/src/runtime/driver/op.rs,97,new,Op<T>,,Crate-internal,Constructor,False,True,False,"# Safety Callers must ensure that parameters of the entry (such as buffer) are valid and will be valid for the entire duration of the operation, otherwise it may cause memory problems."
tokio,tokio::runtime::driver,tokio/src/runtime/driver/op.rs,105,take_data,Op<T>,,Crate-internal,Data movement,False,False,False,
tokio,tokio::runtime::driver,tokio/src/runtime/driver/op.rs,111,drop,Op<T>,Drop,Trait impl,Drop / cleanup,False,False,False,
tokio,tokio::runtime::driver,tokio/src/runtime/driver/op.rs,134,from,CqeResult,From<cqueue::Entry>,Trait impl,Conversion,False,False,False,
tokio,tokio::runtime::driver,tokio/src/runtime/driver/op.rs,148,complete,trait Completable,,Trait method (declaration/default),Runtime/task control,False,False,False,
tokio,tokio::runtime::driver,tokio/src/runtime/driver/op.rs,154,complete_with_error,trait Completable,,Trait method (declaration/default),Runtime/task control,False,False,False,
tokio,tokio::runtime::driver,tokio/src/runtime/driver/op.rs,159,cancel,trait Cancellable,,Trait method (declaration/default),Lifecycle / ref-count,False,False,False,
tokio,tokio::runtime::driver,tokio/src/runtime/driver/op.rs,167,poll,Op<T>,Future,Trait impl,Future impl (poll),False,False,False,
tokio,tokio::runtime::io,tokio/src/runtime/io/driver.rs,86,with_ready,ReadyEvent,,Crate-internal,Constructor,False,False,False,
tokio,tokio::runtime::io,tokio/src/runtime/io/driver.rs,110,_assert_kinds,,,Private helper,Other / internal logic,False,False,False,
tokio,tokio::runtime::io,tokio/src/runtime/io/driver.rs,111,_assert,,,Private helper,Other / internal logic,False,False,False,
tokio,tokio::runtime::io,tokio/src/runtime/io/driver.rs,121,new,Driver,,Crate-internal,Constructor,False,False,False,"Creates a new event loop, returning any error that happened during the creation."
tokio,tokio::runtime::io,tokio/src/runtime/io/driver.rs,164,park,Driver,,Crate-internal,Wake / park,False,False,False,
tokio,tokio::runtime::io,tokio/src/runtime/io/driver.rs,169,park_timeout,Driver,,Crate-internal,Wake / park,False,False,False,
tokio,tokio::runtime::io,tokio/src/runtime/io/driver.rs,174,shutdown,Driver,,Crate-internal,Runtime/task control,False,False,False,
tokio,tokio::runtime::io,tokio/src/runtime/io/driver.rs,184,turn,Driver,,Private helper,Other / internal logic,False,False,False,
tokio,tokio::runtime::io,tokio/src/runtime/io/driver.rs,265,fmt,Driver,fmt::Debug,Trait impl,Formatting,False,False,False,
tokio,tokio::runtime::io,tokio/src/runtime/io/driver.rs,280,unpark,Handle,,Crate-internal,Wake / park,False,False,False,"Forces a reactor blocked in a call to `turn` to wakeup, or otherwise makes the next call to `turn` return immediately."
tokio,tokio::runtime::io,tokio/src/runtime/io/driver.rs,288,add_source,Handle,,Crate-internal,Other / internal logic,False,False,False,Registers an I/O resource with the reactor for a given `mio::Ready` state.
tokio,tokio::runtime::io,tokio/src/runtime/io/driver.rs,315,deregister_source,Handle,,Crate-internal,I/O registration,False,False,False,Deregisters an I/O resource from the reactor.
tokio,tokio::runtime::io,tokio/src/runtime/io/driver.rs,336,release_pending_registrations,Handle,,Private helper,Locking / permits,False,False,False,
tokio,tokio::runtime::io,tokio/src/runtime/io/driver.rs,344,fmt,Handle,fmt::Debug,Trait impl,Formatting,False,False,False,
tokio,tokio::runtime::io,tokio/src/runtime/io/driver.rs,350,mask,Direction,,Crate-internal,Other / internal logic,False,False,False,
tokio,tokio::runtime::io,tokio/src/runtime/io/driver.rs,364,busy_turn_takes_busy_batch,,,Test,Other / internal logic,False,False,False,
tokio,tokio::runtime::io,tokio/src/runtime/io/metrics.rs,12,incr_fd_count,IoDriverMetrics,,Crate-internal,Metrics / counters,False,False,False,
tokio,tokio::runtime::io,tokio/src/runtime/io/metrics.rs,13,dec_fd_count,IoDriverMetrics,,Crate-internal,Metrics / counters,False,False,False,
tokio,tokio::runtime::io,tokio/src/runtime/io/metrics.rs,14,incr_ready_count_by,IoDriverMetrics,,Crate-internal,Metrics / counters,False,False,False,
tokio,tokio::runtime::io,tokio/src/runtime/io/registration.rs,73,new_with_interest_and_handle,Registration,,Crate-internal,Constructor,False,False,False,"Registers the I/O resource with the reactor for the provided handle, for a specific `Interest`."
tokio,tokio::runtime::io,tokio/src/runtime/io/registration.rs,99,deregister,Registration,,Crate-internal,I/O registration,False,False,False,Deregisters the I/O resource from the reactor it is associated with.
tokio,tokio::runtime::io,tokio/src/runtime/io/registration.rs,103,clear_readiness,Registration,,Crate-internal,I/O registration,False,False,False,
tokio,tokio::runtime::io,tokio/src/runtime/io/registration.rs,114,assume_ready,Registration,,Crate-internal,Other / internal logic,False,False,False,Marks the resource ready without waiting for the driver's first event.
tokio,tokio::runtime::io,tokio/src/runtime/io/registration.rs,120,poll_read_ready,Registration,,Crate-internal,Poll function,False,False,False,
tokio,tokio::runtime::io,tokio/src/runtime/io/registration.rs,126,poll_write_ready,Registration,,Crate-internal,Poll function,False,False,False,
tokio,tokio::runtime::io,tokio/src/runtime/io/registration.rs,133,poll_read_io,Registration,,Crate-internal,Poll function,False,False,False,
tokio,tokio::runtime::io,tokio/src/runtime/io/registration.rs,143,poll_write_io,Registration,,Crate-internal,Poll function,False,False,False,
tokio,tokio::runtime::io,tokio/src/runtime/io/registration.rs,155,poll_ready,Registration,,Private helper,Poll function,False,False,False,Polls for events on the I/O resource's `direction` readiness stream.
tokio,tokio::runtime::io,tokio/src/runtime/io/registration.rs,173,poll_io,Registration,,Private helper,Poll function,False,False,False,
tokio,tokio::runtime::io,tokio/src/runtime/io/registration.rs,194,try_io,Registration,,Crate-internal,Non-blocking attempt,False,False,False,
tokio,tokio::runtime::io,tokio/src/runtime/io/registration.rs,215,readiness,Registration,,Crate-internal,I/O operation,True,False,False,
tokio,tokio::runtime::io,tokio/src/runtime/io/registration.rs,225,async_io,Registration,,Crate-internal,Async operation,True,False,False,
tokio,tokio::runtime::io,tokio/src/runtime/io/registration.rs,247,handle,Registration,,Private helper,Handle / reference plumbing,False,False,False,
tokio,tokio::runtime::io,tokio/src/runtime/io/registration.rs,253,drop,Registration,Drop,Trait impl,Drop / cleanup,False,False,False,
tokio,tokio::runtime::io,tokio/src/runtime/io/registration.rs,265,gone,,,Private helper,Other / internal logic,False,False,False,
tokio,tokio::runtime::io,tokio/src/runtime/io/registration_set.rs,33,new,RegistrationSet,,Crate-internal,Constructor,False,False,False,
tokio,tokio::runtime::io,tokio/src/runtime/io/registration_set.rs,47,is_shutdown,RegistrationSet,,Crate-internal,Accessor / query,False,False,False,
tokio,tokio::runtime::io,tokio/src/runtime/io/registration_set.rs,52,needs_release,RegistrationSet,,Crate-internal,Other / internal logic,False,False,False,Returns `true` if there are registrations that need to be released
tokio,tokio::runtime::io,tokio/src/runtime/io/registration_set.rs,56,allocate,RegistrationSet,,Crate-internal,Other / internal logic,False,False,False,
tokio,tokio::runtime::io,tokio/src/runtime/io/registration_set.rs,73,deregister,RegistrationSet,,Crate-internal,I/O registration,False,False,False,
tokio,tokio::runtime::io,tokio/src/runtime/io/registration_set.rs,82,shutdown,RegistrationSet,,Crate-internal,Runtime/task control,False,False,False,
tokio,tokio::runtime::io,tokio/src/runtime/io/registration_set.rs,103,release,RegistrationSet,,Crate-internal,Locking / permits,False,False,False,
tokio,tokio::runtime::io,tokio/src/runtime/io/registration_set.rs,116,remove,RegistrationSet,,Crate-internal,Data movement,False,True,False,
tokio,tokio::runtime::io,tokio/src/runtime/io/registration_set.rs,131,as_raw,Arc<ScheduledIo>,linked_list::Link,Trait impl,Intrusive-list link,False,False,False,
tokio,tokio::runtime::io,tokio/src/runtime/io/registration_set.rs,136,from_raw,Arc<ScheduledIo>,linked_list::Link,Trait impl,Intrusive-list link,False,True,False,
tokio,tokio::runtime::io,tokio/src/runtime/io/registration_set.rs,141,pointers,Arc<ScheduledIo>,linked_list::Link,Trait impl,Intrusive-list link,False,True,False,
tokio,tokio::runtime::io,tokio/src/runtime/io/scheduled_io.rs,140,addr_of_pointers,Waiter,,Private helper,Handle / reference plumbing,False,True,False,
tokio,tokio::runtime::io,tokio/src/runtime/io/scheduled_io.rs,177,default,ScheduledIo,Default,Trait impl,Constructor,False,False,False,
tokio,tokio::runtime::io,tokio/src/runtime/io/scheduled_io.rs,191,assume_ready,ScheduledIo,,Crate-internal,Other / internal logic,False,False,False,Marks the resource ready in the given directions without an event from the driver.
tokio,tokio::runtime::io,tokio/src/runtime/io/scheduled_io.rs,198,token,ScheduledIo,,Crate-internal,Handle / reference plumbing,False,False,False,
tokio,tokio::runtime::io,tokio/src/runtime/io/scheduled_io.rs,204,shutdown,ScheduledIo,,Crate-internal,Runtime/task control,False,False,False,Invoked when the IO driver is shut down; forces this `ScheduledIo` into a permanently shutdown state.
tokio,tokio::runtime::io,tokio/src/runtime/io/scheduled_io.rs,218,set_readiness,ScheduledIo,,Crate-internal,Configuration / setter,False,False,False,"Sets the readiness on this `ScheduledIo` by invoking the given closure on the current value, returning the previous readiness value."
tokio,tokio::runtime::io,tokio/src/runtime/io/scheduled_io.rs,251,wake,ScheduledIo,,Crate-internal,Wake / park,False,False,False,Notifies all pending waiters that have registered interest in `ready`.
tokio,tokio::runtime::io,tokio/src/runtime/io/scheduled_io.rs,303,ready_event,ScheduledIo,,Crate-internal,I/O operation,False,False,False,
tokio,tokio::runtime::io,tokio/src/runtime/io/scheduled_io.rs,318,poll_readiness,ScheduledIo,,Crate-internal,Poll function,False,False,False,Polls for readiness events in a given direction.
tokio,tokio::runtime::io,tokio/src/runtime/io/scheduled_io.rs,372,clear_readiness,ScheduledIo,,Crate-internal,I/O registration,False,False,False,
tokio,tokio::runtime::io,tokio/src/runtime/io/scheduled_io.rs,379,clear_wakers,ScheduledIo,,Crate-internal,Other / internal logic,False,False,False,
tokio,tokio::runtime::io,tokio/src/runtime/io/scheduled_io.rs,387,drop,ScheduledIo,Drop,Trait impl,Drop / cleanup,False,False,False,
tokio,tokio::runtime::io,tokio/src/runtime/io/scheduled_io.rs,397,readiness,ScheduledIo,,Crate-internal,I/O operation,True,False,False,An async version of `poll_readiness` which uses a linked list of wakers.
tokio,tokio::runtime::io,tokio/src/runtime/io/scheduled_io.rs,405,readiness_fut,ScheduledIo,,Private helper,I/O operation,False,False,False,
tokio,tokio::runtime::io,tokio/src/runtime/io/scheduled_io.rs,424,as_raw,Waiter,linked_list::Link,Trait impl,Intrusive-list link,False,False,False,
tokio,tokio::runtime::io,tokio/src/runtime/io/scheduled_io.rs,428,from_raw,Waiter,linked_list::Link,Trait impl,Intrusive-list link,False,True,False,
tokio,tokio::runtime::io,tokio/src/runtime/io/scheduled_io.rs,432,pointers,Waiter,linked_list::Link,Trait impl,Intrusive-list link,False,True,False,
tokio,tokio::runtime::io,tokio/src/runtime/io/scheduled_io.rs,442,poll,Readiness<'_>,Future,Trait impl,Future impl (poll),False,False,False,
tokio,tokio::runtime::io,tokio/src/runtime/io/scheduled_io.rs,582,drop,Readiness<'_>,Drop,Trait impl,Drop / cleanup,False,False,False,
tokio,tokio::runtime::io,tokio/src/runtime/io/scheduled_io.rs,602,stale_event_does_not_clear_readiness_after_u8_wraparound,,,Test,Other / internal logic,False,False,False,
tokio,tokio::runtime::io::driver,tokio/src/runtime/io/driver/signal.rs,6,register_signal_receiver,Handle,,Crate-internal,I/O registration,False,False,False,
tokio,tokio::runtime::io::driver,tokio/src/runtime/io/driver/signal.rs,17,consume_signal_ready,Driver,,Crate-internal,I/O operation,False,False,False,
tokio,tokio::runtime::io::driver,tokio/src/runtime/io/driver/uring.rs,23,new,UringContext,,Crate-internal,Constructor,False,False,False,
tokio,tokio::runtime::io::driver,tokio/src/runtime/io/driver/uring.rs,30,ring,UringContext,,Crate-internal,Other / internal logic,False,False,False,
tokio,tokio::runtime::io::driver,tokio/src/runtime/io/driver/uring.rs,34,ring_mut,UringContext,,Crate-internal,Other / internal logic,False,False,False,
tokio,tokio::runtime::io::driver,tokio/src/runtime/io/driver/uring.rs,43,try_init,UringContext,,Crate-internal,Non-blocking attempt,False,False,False,"Perform `io_uring_setup` system call, and Returns true if this actually initialized the io_uring."
tokio,tokio::runtime::io::driver,tokio/src/runtime/io/driver/uring.rs,65,dispatch_completions,UringContext,,Crate-internal,Other / internal logic,False,False,False,
tokio,tokio::runtime::io::driver,tokio/src/runtime/io/driver/uring.rs,108,submit,UringContext,,Crate-internal,Metrics / counters,False,False,False,
tokio,tokio::runtime::io::driver,tokio/src/runtime/io/driver/uring.rs,128,remove_op,UringContext,,Crate-internal,Data movement,False,False,False,
tokio,tokio::runtime::io::driver,tokio/src/runtime/io/driver/uring.rs,135,drop,UringContext,Drop,Trait impl,Drop / cleanup,False,False,False,
tokio,tokio::runtime::io::driver,tokio/src/runtime/io/driver/uring.rs,176,add_uring_source,Handle,,Private helper,Other / internal logic,False,False,False,
tokio,tokio::runtime::io::driver,tokio/src/runtime/io/driver/uring.rs,182,get_uring,Handle,,Crate-internal,Accessor / query,False,False,False,
tokio,tokio::runtime::io::driver,tokio/src/runtime/io/driver/uring.rs,191,is_uring_ready,Handle,,Crate-internal,Accessor / query,False,False,False,Returns `true` if io_uring has already been initialized and the given opcode is supported.
tokio,tokio::runtime::io::driver,tokio/src/runtime/io/driver/uring.rs,202,is_uring_probed,Handle,,Crate-internal,Accessor / query,False,False,False,Returns `true` if the io_uring probe has already been attempted (regardless of whether io_uring is supported).
tokio,tokio::runtime::io::driver,tokio/src/runtime/io/driver/uring.rs,218,check_and_init,Handle,,Crate-internal,Runtime/task control,True,False,False,Check if the io_uring context is initialized.
tokio,tokio::runtime::io::driver,tokio/src/runtime/io/driver/uring.rs,243,try_init,Handle,,Private helper,Non-blocking attempt,False,False,False,Initialize the io_uring context if it hasn't been initialized yet.
tokio,tokio::runtime::io::driver,tokio/src/runtime/io/driver/uring.rs,262,register_op,Handle,,Crate-internal,I/O registration,False,True,False,Register an operation with the io_uring.
tokio,tokio::runtime::io::driver,tokio/src/runtime/io/driver/uring.rs,298,cancel_op,Handle,,Crate-internal,Lifecycle / ref-count,False,False,False,
tokio,tokio::runtime::local_runtime,tokio/src/runtime/local_runtime/runtime.rs,54,from_parts,LocalRuntime,,Crate-internal,Conversion,False,False,False,
tokio,tokio::runtime::local_runtime,tokio/src/runtime/local_runtime/runtime.rs,96,new,LocalRuntime,,Public API,Constructor,False,False,False,Creates a new local runtime instance with default configuration values.
tokio,tokio::runtime::local_runtime,tokio/src/runtime/local_runtime/runtime.rs,124,handle,LocalRuntime,,Public API,Handle / reference plumbing,False,False,False,Returns a handle to the runtime's spawner.
tokio,tokio::runtime::local_runtime,tokio/src/runtime/local_runtime/runtime.rs,151,spawn_local,LocalRuntime,,Public API,Runtime/task control,False,False,False,Spawns a task on the runtime.
tokio,tokio::runtime::local_runtime,tokio/src/runtime/local_runtime/runtime.rs,194,spawn_blocking,LocalRuntime,,Public API,Runtime/task control,False,False,False,Runs the provided function on a thread from a dedicated blocking thread pool.
tokio,tokio::runtime::local_runtime,tokio/src/runtime/local_runtime/runtime.rs,224,block_on,LocalRuntime,,Public API,Runtime/task control,False,False,False,Runs a future to completion on the Tokio runtime.
tokio,tokio::runtime::local_runtime,tokio/src/runtime/local_runtime/runtime.rs,236,block_on_inner,LocalRuntime,,Private helper,Runtime/task control,False,False,False,
tokio,tokio::runtime::local_runtime,tokio/src/runtime/local_runtime/runtime.rs,310,enter,LocalRuntime,,Public API,Runtime/task control,False,False,False,Enters the runtime context.
tokio,tokio::runtime::local_runtime,tokio/src/runtime/local_runtime/runtime.rs,346,shutdown_timeout,LocalRuntime,,Public API,Runtime/task control,False,False,False,"Shuts down the runtime, waiting for at most `duration` for all spawned work to stop."
tokio,tokio::runtime::local_runtime,tokio/src/runtime/local_runtime/runtime.rs,380,shutdown_background,LocalRuntime,,Public API,Runtime/task control,False,False,False,"Shuts down the runtime, without waiting for any spawned work to stop."
tokio,tokio::runtime::local_runtime,tokio/src/runtime/local_runtime/runtime.rs,386,metrics,LocalRuntime,,Public API,Accessor / query,False,False,False,Returns a view that lets you get information about how the runtime is performing.
tokio,tokio::runtime::local_runtime,tokio/src/runtime/local_runtime/runtime.rs,392,drop,LocalRuntime,Drop,Trait impl,Drop / cleanup,False,False,False,
tokio,tokio::runtime::metrics,tokio/src/runtime/metrics/batch.rs,73,new,MetricsBatch,,Crate-internal,Constructor,False,False,False,
tokio,tokio::runtime::metrics,tokio/src/runtime/metrics/batch.rs,81,new_unstable,MetricsBatch,,Private helper,Constructor,False,False,False,
tokio,tokio::runtime::metrics,tokio/src/runtime/metrics/batch.rs,92,new_unstable,MetricsBatch,,Private helper,Constructor,False,False,False,
tokio,tokio::runtime::metrics,tokio/src/runtime/metrics/batch.rs,130,submit,MetricsBatch,,Crate-internal,Metrics / counters,False,False,False,
tokio,tokio::runtime::metrics,tokio/src/runtime/metrics/batch.rs,141,submit_unstable,MetricsBatch,,Private helper,Metrics / counters,False,False,False,
tokio,tokio::runtime::metrics,tokio/src/runtime/metrics/batch.rs,150,submit_unstable,MetricsBatch,,Private helper,Metrics / counters,False,False,False,
tokio,tokio::runtime::metrics,tokio/src/runtime/metrics/batch.rs,185,about_to_park,MetricsBatch,,Crate-internal,Other / internal logic,False,False,False,The worker is about to park.
tokio,tokio::runtime::metrics,tokio/src/runtime/metrics/batch.rs,192,about_to_park,MetricsBatch,,Crate-internal,Other / internal logic,False,False,False,The worker is about to park.
tokio,tokio::runtime::metrics,tokio/src/runtime/metrics/batch.rs,207,unparked,MetricsBatch,,Crate-internal,Wake / park,False,False,False,The worker was unparked.
tokio,tokio::runtime::metrics,tokio/src/runtime/metrics/batch.rs,212,start_processing_scheduled_tasks,MetricsBatch,,Crate-internal,Runtime/task control,False,False,False,Start processing a batch of tasks
tokio,tokio::runtime::metrics,tokio/src/runtime/metrics/batch.rs,217,end_processing_scheduled_tasks,MetricsBatch,,Crate-internal,Other / internal logic,False,False,False,Stop processing a batch of tasks
tokio,tokio::runtime::metrics,tokio/src/runtime/metrics/batch.rs,229,start_poll,MetricsBatch,,Crate-internal,Runtime/task control,False,False,False,Start polling an individual task
tokio,tokio::runtime::metrics,tokio/src/runtime/metrics/batch.rs,242,start_poll,MetricsBatch,,Crate-internal,Runtime/task control,False,False,False,Start polling an individual task
tokio,tokio::runtime::metrics,tokio/src/runtime/metrics/batch.rs,272,record_schedule_latency,MetricsBatch,,Crate-internal,Other / internal logic,False,False,False,Record the schedule latency of an additional task polled as part of the current poll operation.
tokio,tokio::runtime::metrics,tokio/src/runtime/metrics/batch.rs,283,record_schedule_latency,MetricsBatch,,Crate-internal,Other / internal logic,False,False,False,Record the schedule latency of an additional task polled as part of the current poll operation.
tokio,tokio::runtime::metrics,tokio/src/runtime/metrics/batch.rs,302,record_schedule_latency_at,MetricsBatch,,Private helper,Other / internal logic,False,False,False,
tokio,tokio::runtime::metrics,tokio/src/runtime/metrics/batch.rs,323,end_poll,MetricsBatch,,Crate-internal,Other / internal logic,False,False,False,Stop polling an individual task
tokio,tokio::runtime::metrics,tokio/src/runtime/metrics/batch.rs,327,end_poll,MetricsBatch,,Crate-internal,Other / internal logic,False,False,False,Stop polling an individual task
tokio,tokio::runtime::metrics,tokio/src/runtime/metrics/batch.rs,338,inc_local_schedule_count,MetricsBatch,,Crate-internal,Metrics / counters,False,False,False,
tokio,tokio::runtime::metrics,tokio/src/runtime/metrics/batch.rs,341,inc_local_schedule_count,MetricsBatch,,Crate-internal,Metrics / counters,False,False,False,
tokio,tokio::runtime::metrics,tokio/src/runtime/metrics/batch.rs,352,incr_steal_count,MetricsBatch,,Crate-internal,Metrics / counters,False,False,False,
tokio,tokio::runtime::metrics,tokio/src/runtime/metrics/batch.rs,355,incr_steal_count,MetricsBatch,,Crate-internal,Metrics / counters,False,False,False,
tokio,tokio::runtime::metrics,tokio/src/runtime/metrics/batch.rs,363,incr_steal_operations,MetricsBatch,,Crate-internal,Metrics / counters,False,False,False,
tokio,tokio::runtime::metrics,tokio/src/runtime/metrics/batch.rs,366,incr_steal_operations,MetricsBatch,,Crate-internal,Metrics / counters,False,False,False,
tokio,tokio::runtime::metrics,tokio/src/runtime/metrics/batch.rs,374,incr_overflow_count,MetricsBatch,,Crate-internal,Metrics / counters,False,False,False,
tokio,tokio::runtime::metrics,tokio/src/runtime/metrics/batch.rs,377,incr_overflow_count,MetricsBatch,,Crate-internal,Metrics / counters,False,False,False,
tokio,tokio::runtime::metrics,tokio/src/runtime/metrics/batch.rs,385,duration_as_u64,,,Crate-internal,Other / internal logic,False,False,False,
tokio,tokio::runtime::metrics,tokio/src/runtime/metrics/batch.rs,391,now,,,Private helper,Time / timers,False,False,False,Gate unsupported time metrics for `wasm32-unknown-unknown` <https://github.com/tokio-rs/tokio/issues/7319>
tokio,tokio::runtime::metrics,tokio/src/runtime/metrics/histogram.rs,38,default,LegacyBuilder,Default,Trait impl,Constructor,False,False,False,
tokio,tokio::runtime::metrics,tokio/src/runtime/metrics/histogram.rs,79,linear,HistogramConfiguration,,Public API,Other / internal logic,False,False,False,Create a linear bucketed histogram
tokio,tokio::runtime::metrics,tokio/src/runtime/metrics/histogram.rs,91,log,HistogramConfiguration,,Public API,Other / internal logic,False,False,False,Creates a log-scaled bucketed histogram See [`LogHistogramBuilder`] for information about configuration & defaults
tokio,tokio::runtime::metrics,tokio/src/runtime/metrics/histogram.rs,112,num_buckets,HistogramType,,Crate-internal,Accessor / query,False,False,False,
tokio,tokio::runtime::metrics,tokio/src/runtime/metrics/histogram.rs,119,value_to_bucket,HistogramType,,Private helper,Other / internal logic,False,False,False,
tokio,tokio::runtime::metrics,tokio/src/runtime/metrics/histogram.rs,145,bucket_range,HistogramType,,Private helper,Other / internal logic,False,False,False,
tokio,tokio::runtime::metrics,tokio/src/runtime/metrics/histogram.rs,191,num_buckets,Histogram,,Crate-internal,Accessor / query,False,False,False,
tokio,tokio::runtime::metrics,tokio/src/runtime/metrics/histogram.rs,196,get,Histogram,,Crate-internal,Accessor / query,False,False,False,
tokio,tokio::runtime::metrics,tokio/src/runtime/metrics/histogram.rs,201,bucket_range,Histogram,,Crate-internal,Other / internal logic,False,False,False,
tokio,tokio::runtime::metrics,tokio/src/runtime/metrics/histogram.rs,207,from_histogram,HistogramBatch,,Crate-internal,Conversion,False,False,False,
tokio,tokio::runtime::metrics,tokio/src/runtime/metrics/histogram.rs,216,measure,HistogramBatch,,Crate-internal,Other / internal logic,False,False,False,
tokio,tokio::runtime::metrics,tokio/src/runtime/metrics/histogram.rs,220,submit,HistogramBatch,,Crate-internal,Metrics / counters,False,False,False,
tokio,tokio::runtime::metrics,tokio/src/runtime/metrics/histogram.rs,229,value_to_bucket,HistogramBatch,,Private helper,Other / internal logic,False,False,False,
tokio,tokio::runtime::metrics,tokio/src/runtime/metrics/histogram.rs,235,new,HistogramBuilder,,Crate-internal,Constructor,False,False,False,
tokio,tokio::runtime::metrics,tokio/src/runtime/metrics/histogram.rs,245,legacy_mut,HistogramBuilder,,Crate-internal,Other / internal logic,False,False,False,
tokio,tokio::runtime::metrics,tokio/src/runtime/metrics/histogram.rs,250,build,HistogramBuilder,,Crate-internal,Constructor,False,False,False,
tokio,tokio::runtime::metrics,tokio/src/runtime/metrics/histogram.rs,280,default,HistogramBuilder,Default,Trait impl,Constructor,False,False,False,
tokio,tokio::runtime::metrics,tokio/src/runtime/metrics/histogram.rs,295,linear,,,Test,Other / internal logic,False,False,False,
tokio,tokio::runtime::metrics,tokio/src/runtime/metrics/histogram.rs,307,test_legacy_builder,,,Test,Other / internal logic,False,False,False,
tokio,tokio::runtime::metrics,tokio/src/runtime/metrics/histogram.rs,314,log_scale_resolution_1,,,Test,Other / internal logic,False,False,False,
tokio,tokio::runtime::metrics,tokio/src/runtime/metrics/histogram.rs,371,log_scale_resolution_2,,,Test,Other / internal logic,False,False,False,
tokio,tokio::runtime::metrics,tokio/src/runtime/metrics/histogram.rs,460,linear_scale_resolution_1,,,Test,Other / internal logic,False,False,False,
tokio,tokio::runtime::metrics,tokio/src/runtime/metrics/histogram.rs,516,linear_scale_resolution_100,,,Test,Other / internal logic,False,False,False,
tokio,tokio::runtime::metrics,tokio/src/runtime/metrics/histogram.rs,590,inc_by_more_than_one,,,Test,Metrics / counters,False,False,False,
tokio,tokio::runtime::metrics,tokio/src/runtime/metrics/io.rs,14,incr_fd_count,IoDriverMetrics,,Crate-internal,Metrics / counters,False,False,False,
tokio,tokio::runtime::metrics,tokio/src/runtime/metrics/io.rs,18,dec_fd_count,IoDriverMetrics,,Crate-internal,Metrics / counters,False,False,False,
tokio,tokio::runtime::metrics,tokio/src/runtime/metrics/io.rs,22,incr_ready_count_by,IoDriverMetrics,,Crate-internal,Metrics / counters,False,False,False,
tokio,tokio::runtime::metrics,tokio/src/runtime/metrics/mock.rs,9,new,SchedulerMetrics,,Crate-internal,Constructor,False,False,False,
tokio,tokio::runtime::metrics,tokio/src/runtime/metrics/mock.rs,14,inc_remote_schedule_count,SchedulerMetrics,,Crate-internal,Metrics / counters,False,False,False,Increment the number of tasks scheduled externally
tokio,tokio::runtime::metrics,tokio/src/runtime/metrics/runtime.rs,25,new,RuntimeMetrics,,Crate-internal,Constructor,False,False,False,
tokio,tokio::runtime::metrics,tokio/src/runtime/metrics/runtime.rs,48,num_workers,RuntimeMetrics,,Public API,Accessor / query,False,False,False,Returns the number of worker threads used by the runtime.
tokio,tokio::runtime::metrics,tokio/src/runtime/metrics/runtime.rs,74,num_alive_tasks,RuntimeMetrics,,Public API,Accessor / query,False,False,False,Returns the current number of alive tasks in the runtime.
tokio,tokio::runtime::metrics,tokio/src/runtime/metrics/runtime.rs,100,global_queue_depth,RuntimeMetrics,,Public API,Metrics / counters,False,False,False,Returns the number of tasks currently scheduled in the runtime's global queue.
tokio,tokio::runtime::metrics,tokio/src/runtime/metrics/runtime.rs,141,worker_total_busy_duration,RuntimeMetrics,,Public API,Metrics / counters,False,False,False,Returns the amount of time the given worker thread has been busy.
tokio,tokio::runtime::metrics,tokio/src/runtime/metrics/runtime.rs,186,worker_park_count,RuntimeMetrics,,Public API,Metrics / counters,False,False,False,Returns the total number of times the given worker thread has parked.
tokio,tokio::runtime::metrics,tokio/src/runtime/metrics/runtime.rs,240,worker_park_unpark_count,RuntimeMetrics,,Public API,Metrics / counters,False,False,False,Returns the total number of times the given worker thread has parked and unparked.
tokio,tokio::runtime::metrics,tokio/src/runtime/metrics/runtime.rs,276,num_blocking_threads,RuntimeMetrics,,Public API,Accessor / query,False,False,False,Returns the number of additional threads spawned by the runtime.
tokio,tokio::runtime::metrics,tokio/src/runtime/metrics/runtime.rs,282,active_tasks_count,RuntimeMetrics,,Public API,Metrics / counters,False,False,False,Renamed to [`RuntimeMetrics::num_alive_tasks`]
tokio,tokio::runtime::metrics,tokio/src/runtime/metrics/runtime.rs,309,num_idle_blocking_threads,RuntimeMetrics,,Public API,Accessor / query,False,False,False,"Returns the number of idle threads, which have spawned by the runtime for `spawn_blocking` calls."
tokio,tokio::runtime::metrics,tokio/src/runtime/metrics/runtime.rs,349,worker_thread_id,RuntimeMetrics,,Public API,Metrics / counters,False,False,False,Returns the thread id of the given worker thread.
tokio,tokio::runtime::metrics,tokio/src/runtime/metrics/runtime.rs,359,injection_queue_depth,RuntimeMetrics,,Public API,Metrics / counters,False,False,False,Renamed to [`RuntimeMetrics::global_queue_depth`]
tokio,tokio::runtime::metrics,tokio/src/runtime/metrics/runtime.rs,397,worker_local_queue_depth,RuntimeMetrics,,Public API,Metrics / counters,False,False,False,Returns the number of tasks currently scheduled in the given worker's local queue.
tokio,tokio::runtime::metrics,tokio/src/runtime/metrics/runtime.rs,430,poll_time_histogram_enabled,RuntimeMetrics,,Public API,Poll function,False,False,False,Returns `true` if the runtime is tracking the distribution of task poll times.
tokio,tokio::runtime::metrics,tokio/src/runtime/metrics/runtime.rs,440,poll_count_histogram_enabled,RuntimeMetrics,,Public API,Poll function,False,False,False,
tokio,tokio::runtime::metrics,tokio/src/runtime/metrics/runtime.rs,471,poll_time_histogram_num_buckets,RuntimeMetrics,,Public API,Poll function,False,False,False,Returns the number of histogram buckets tracking the distribution of task poll times.
tokio,tokio::runtime::metrics,tokio/src/runtime/metrics/runtime.rs,485,poll_count_histogram_num_buckets,RuntimeMetrics,,Public API,Poll function,False,False,False,Deprecated.
tokio,tokio::runtime::metrics,tokio/src/runtime/metrics/runtime.rs,524,poll_time_histogram_bucket_range,RuntimeMetrics,,Public API,Poll function,False,False,False,Returns the range of task poll times tracked by the given bucket.
tokio,tokio::runtime::metrics,tokio/src/runtime/metrics/runtime.rs,545,poll_count_histogram_bucket_range,RuntimeMetrics,,Public API,Poll function,False,False,False,Deprecated.
tokio,tokio::runtime::metrics,tokio/src/runtime/metrics/runtime.rs,569,blocking_queue_depth,RuntimeMetrics,,Public API,Metrics / counters,False,False,False,"Returns the number of tasks currently scheduled in the blocking thread pool, spawned using `spawn_blocking`."
tokio,tokio::runtime::metrics,tokio/src/runtime/metrics/runtime.rs,599,spawned_tasks_count,RuntimeMetrics,,Public API,Runtime/task control,False,False,False,Returns the number of tasks spawned in this runtime since it was created.
tokio,tokio::runtime::metrics,tokio/src/runtime/metrics/runtime.rs,627,remote_schedule_count,RuntimeMetrics,,Public API,Metrics / counters,False,False,False,Returns the number of tasks scheduled from **outside** of the runtime.
tokio,tokio::runtime::metrics,tokio/src/runtime/metrics/runtime.rs,642,budget_forced_yield_count,RuntimeMetrics,,Public API,Metrics / counters,False,False,False,Returns the number of times that tasks have been forced to yield back to the scheduler after exhausting their task budgets.
tokio,tokio::runtime::metrics,tokio/src/runtime/metrics/runtime.rs,685,worker_noop_count,RuntimeMetrics,,Public API,Metrics / counters,False,False,False,Returns the number of times the given worker thread unparked but performed no work before parking again.
tokio,tokio::runtime::metrics,tokio/src/runtime/metrics/runtime.rs,731,worker_steal_count,RuntimeMetrics,,Public API,Metrics / counters,False,False,False,Returns the number of tasks the given worker thread stole from another worker thread.
tokio,tokio::runtime::metrics,tokio/src/runtime/metrics/runtime.rs,777,worker_steal_operations,RuntimeMetrics,,Public API,Metrics / counters,False,False,False,Returns the number of times the given worker thread stole tasks from another worker thread.
tokio,tokio::runtime::metrics,tokio/src/runtime/metrics/runtime.rs,818,worker_poll_count,RuntimeMetrics,,Public API,Metrics / counters,False,False,False,Returns the number of tasks the given worker thread has polled.
tokio,tokio::runtime::metrics,tokio/src/runtime/metrics/runtime.rs,863,worker_local_schedule_count,RuntimeMetrics,,Public API,Metrics / counters,False,False,False,Returns the number of tasks scheduled from **within** the runtime on the given worker's local queue.
tokio,tokio::runtime::metrics,tokio/src/runtime/metrics/runtime.rs,909,worker_overflow_count,RuntimeMetrics,,Public API,Metrics / counters,False,False,False,Returns the number of times the given worker thread saturated its local queue.
tokio,tokio::runtime::metrics,tokio/src/runtime/metrics/runtime.rs,972,poll_time_histogram_bucket_count,RuntimeMetrics,,Public API,Poll function,False,False,False,Returns the number of times the given worker polled tasks with a poll duration within the given bucket's range.
tokio,tokio::runtime::metrics,tokio/src/runtime/metrics/runtime.rs,983,poll_count_histogram_bucket_count,RuntimeMetrics,,Public API,Poll function,False,False,False,
tokio,tokio::runtime::metrics,tokio/src/runtime/metrics/runtime.rs,1018,worker_mean_poll_time,RuntimeMetrics,,Public API,Metrics / counters,False,False,False,"Returns the mean duration of task polls, in nanoseconds."
tokio,tokio::runtime::metrics,tokio/src/runtime/metrics/runtime.rs,1060,schedule_latency_histogram_enabled,RuntimeMetrics,,Public API,Runtime/task control,False,False,False,Returns `true` if the runtime is tracking the distribution of task schedule latencies.
tokio,tokio::runtime::metrics,tokio/src/runtime/metrics/runtime.rs,1090,schedule_latency_histogram_num_buckets,RuntimeMetrics,,Public API,Runtime/task control,False,False,False,Returns the number of histogram buckets tracking the distribution of task schedule latencies.
tokio,tokio::runtime::metrics,tokio/src/runtime/metrics/runtime.rs,1133,schedule_latency_histogram_bucket_range,RuntimeMetrics,,Public API,Runtime/task control,False,False,False,Returns the range of task schedule latencies tracked by the given bucket.
tokio,tokio::runtime::metrics,tokio/src/runtime/metrics/runtime.rs,1204,schedule_latency_histogram_bucket_count,RuntimeMetrics,,Public API,Metrics / counters,False,False,False,Returns the number of times the given worker polled tasks with a schedule latency within the given bucket's range.
tokio,tokio::runtime::metrics,tokio/src/runtime/metrics/runtime.rs,1241,io_driver_fd_registered_count,RuntimeMetrics,,Public API,Metrics / counters,False,False,False,Returns the number of file descriptors that have been registered with the runtime's I/O driver.
tokio,tokio::runtime::metrics,tokio/src/runtime/metrics/runtime.rs,1263,io_driver_fd_deregistered_count,RuntimeMetrics,,Public API,Metrics / counters,False,False,False,Returns the number of file descriptors that have been deregistered by the runtime's I/O driver.
tokio,tokio::runtime::metrics,tokio/src/runtime/metrics/runtime.rs,1285,io_driver_ready_count,RuntimeMetrics,,Public API,Metrics / counters,False,False,False,Returns the number of ready events processed by the runtime's I/O driver.
tokio,tokio::runtime::metrics,tokio/src/runtime/metrics/runtime.rs,1289,with_io_driver_metrics,RuntimeMetrics,,Private helper,Constructor,False,False,False,
tokio,tokio::runtime::metrics,tokio/src/runtime/metrics/schedule_latency.rs,19,new,ScheduleLatencyInstant,,Crate-internal,Constructor,False,False,False,Create a new `ScheduleLatencyInstant` using the provided scheduler startup Instant.
tokio,tokio::runtime::metrics,tokio/src/runtime/metrics/schedule_latency.rs,27,prepare,ScheduleLatencyInstant,,Crate-internal,Other / internal logic,False,False,False,Prepare a context that can calculate the number of nanoseconds elapsed since this task was scheduled.
tokio,tokio::runtime::metrics,tokio/src/runtime/metrics/schedule_latency.rs,55,elapsed_nanos,ScheduleLatencyContext,,Crate-internal,Other / internal logic,False,False,False,Calculate how many nanoseconds have elapsed between `now` and when this task was last scheduled.
tokio,tokio::runtime::metrics,tokio/src/runtime/metrics/schedule_latency_mock.rs,11,new,ScheduleLatencyInstant,,Crate-internal,Constructor,False,False,False,
tokio,tokio::runtime::metrics,tokio/src/runtime/metrics/schedule_latency_mock.rs,15,prepare,ScheduleLatencyInstant,,Crate-internal,Other / internal logic,False,False,False,
tokio,tokio::runtime::metrics,tokio/src/runtime/metrics/scheduler.rs,19,new,SchedulerMetrics,,Crate-internal,Constructor,False,False,False,
tokio,tokio::runtime::metrics,tokio/src/runtime/metrics/scheduler.rs,27,inc_remote_schedule_count,SchedulerMetrics,,Crate-internal,Metrics / counters,False,False,False,Increment the number of tasks scheduled externally
tokio,tokio::runtime::metrics,tokio/src/runtime/metrics/scheduler.rs,32,inc_budget_forced_yield_count,SchedulerMetrics,,Crate-internal,Metrics / counters,False,False,False,Increment the number of tasks forced to yield due to budget exhaustion
tokio,tokio::runtime::metrics,tokio/src/runtime/metrics/worker.rs,75,new,WorkerMetrics,,Crate-internal,Constructor,False,False,False,
tokio,tokio::runtime::metrics,tokio/src/runtime/metrics/worker.rs,79,set_queue_depth,WorkerMetrics,,Crate-internal,Configuration / setter,False,False,False,
tokio,tokio::runtime::metrics,tokio/src/runtime/metrics/worker.rs,83,set_thread_id,WorkerMetrics,,Crate-internal,Configuration / setter,False,False,False,
tokio,tokio::runtime::metrics,tokio/src/runtime/metrics/worker.rs,89,from_config,WorkerMetrics,,Crate-internal,Conversion,False,False,False,
tokio,tokio::runtime::metrics,tokio/src/runtime/metrics/worker.rs,94,from_config,WorkerMetrics,,Crate-internal,Conversion,False,False,False,
tokio,tokio::runtime::metrics,tokio/src/runtime/metrics/worker.rs,114,queue_depth,WorkerMetrics,,Crate-internal,Metrics / counters,False,False,False,
tokio,tokio::runtime::metrics,tokio/src/runtime/metrics/worker.rs,118,thread_id,WorkerMetrics,,Crate-internal,Configuration / setter,False,False,False,
tokio,tokio::runtime::metrics::histogram,tokio/src/runtime/metrics/histogram/h2_histogram.rs,41,default,LogHistogram,Default,Trait impl,Constructor,False,False,False,
tokio,tokio::runtime::metrics::histogram,tokio/src/runtime/metrics/histogram/h2_histogram.rs,51,from_n_p,LogHistogram,,Private helper,Conversion,False,False,False,Create a Histogram configuration directly from values for `n` and `p`.
tokio,tokio::runtime::metrics::histogram,tokio/src/runtime/metrics/histogram/h2_histogram.rs,61,truncate_to_max_value,LogHistogram,,Private helper,Other / internal logic,False,False,False,
tokio,tokio::runtime::metrics::histogram,tokio/src/runtime/metrics/histogram/h2_histogram.rs,71,builder,LogHistogram,,Public API,Constructor,False,False,False,Creates a builder for [`LogHistogram`]
tokio,tokio::runtime::metrics::histogram,tokio/src/runtime/metrics/histogram/h2_histogram.rs,76,max_value,LogHistogram,,Public API,Configuration / setter,False,False,False,The maximum value that can be stored before truncation in this histogram
tokio,tokio::runtime::metrics::histogram,tokio/src/runtime/metrics/histogram/h2_histogram.rs,80,value_to_bucket,LogHistogram,,Crate-internal,Other / internal logic,False,False,False,
tokio,tokio::runtime::metrics::histogram,tokio/src/runtime/metrics/histogram/h2_histogram.rs,87,bucket_range,LogHistogram,,Crate-internal,Other / internal logic,False,False,False,
tokio,tokio::runtime::metrics::histogram,tokio/src/runtime/metrics/histogram/h2_histogram.rs,151,from,LogHistogram,From<LogHistogramBuilder>,Trait impl,Conversion,False,False,False,
tokio,tokio::runtime::metrics::histogram,tokio/src/runtime/metrics/histogram/h2_histogram.rs,175,max_error,LogHistogramBuilder,,Public API,Configuration / setter,False,False,False,Set the precision for this histogram This function determines the smallest value of `p` that would satisfy the requested precision such that `2^-p` is less than `precision`.
tokio,tokio::runtime::metrics::histogram,tokio/src/runtime/metrics/histogram/h2_histogram.rs,200,precision_exact,LogHistogramBuilder,,Public API,Other / internal logic,False,False,False,Sets the precision of this histogram directly.
tokio,tokio::runtime::metrics::histogram,tokio/src/runtime/metrics/histogram/h2_histogram.rs,211,min_value,LogHistogramBuilder,,Public API,Other / internal logic,False,False,False,Sets the minimum duration that can be accurately stored by this histogram.
tokio,tokio::runtime::metrics::histogram,tokio/src/runtime/metrics/histogram/h2_histogram.rs,222,max_value,LogHistogramBuilder,,Public API,Configuration / setter,False,False,False,Sets the maximum value that can by this histogram without truncation Values greater than this fall in the final bucket that stretches to `u64::MAX`.
tokio,tokio::runtime::metrics::histogram,tokio/src/runtime/metrics/histogram/h2_histogram.rs,231,max_buckets,LogHistogramBuilder,,Public API,Configuration / setter,False,False,False,"Builds the log histogram, enforcing the max buckets requirement"
tokio,tokio::runtime::metrics::histogram,tokio/src/runtime/metrics/histogram/h2_histogram.rs,245,build,LogHistogramBuilder,,Public API,Constructor,False,False,False,Builds the log histogram
tokio,tokio::runtime::metrics::histogram,tokio/src/runtime/metrics/histogram/h2_histogram.rs,271,fmt,InvalidHistogramConfiguration,Display,Trait impl,Formatting,False,False,False,
tokio,tokio::runtime::metrics::histogram,tokio/src/runtime/metrics/histogram/h2_histogram.rs,284,bucket_index,,,Private helper,Other / internal logic,False,False,False,Compute the index for a given value + p combination This function does NOT enforce that the value is within the number of expected buckets.
tokio,tokio::runtime::metrics::histogram,tokio/src/runtime/metrics/histogram/h2_histogram.rs,313,valid_log_histogram_strategy,,,Test,Other / internal logic,False,False,False,
tokio,tokio::runtime::metrics::histogram,tokio/src/runtime/metrics/histogram/h2_histogram.rs,321,log_histogram_settings,,,Test,Other / internal logic,False,False,False,
tokio,tokio::runtime::metrics::histogram,tokio/src/runtime/metrics/histogram/h2_histogram.rs,332,log_histogram_settings_maintain_invariants,,,Test,Other / internal logic,False,False,False,
tokio,tokio::runtime::metrics::histogram,tokio/src/runtime/metrics/histogram/h2_histogram.rs,358,proptest_log_histogram_invariants,,,Test,Other / internal logic,False,False,False,
tokio,tokio::runtime::metrics::histogram,tokio/src/runtime/metrics/histogram/h2_histogram.rs,420,bucket_ranges_are_correct,,,Test,Other / internal logic,False,False,False,
tokio,tokio::runtime::metrics::histogram,tokio/src/runtime/metrics/histogram/h2_histogram.rs,451,bucket_computation_spot_check,,,Test,Other / internal logic,False,False,False,
tokio,tokio::runtime::metrics::histogram,tokio/src/runtime/metrics/histogram/h2_histogram.rs,487,last_bucket_goes_to_infinity,,,Test,Other / internal logic,False,False,False,
tokio,tokio::runtime::metrics::histogram,tokio/src/runtime/metrics/histogram/h2_histogram.rs,493,bucket_offset,,,Test,Other / internal logic,False,False,False,
tokio,tokio::runtime::metrics::histogram,tokio/src/runtime/metrics/histogram/h2_histogram.rs,508,max_buckets_enforcement,,,Test,Configuration / setter,False,False,False,
tokio,tokio::runtime::metrics::histogram,tokio/src/runtime/metrics/histogram/h2_histogram.rs,522,default_configuration_size,,,Test,Other / internal logic,False,False,False,
tokio,tokio::runtime::scheduler,tokio/src/runtime/scheduler/block_in_place.rs,4,block_in_place,,,Crate-internal,Other / internal logic,False,False,False,
tokio,tokio::runtime::scheduler,tokio/src/runtime/scheduler/defer.rs,9,new,Defer,,Crate-internal,Constructor,False,False,False,
tokio,tokio::runtime::scheduler,tokio/src/runtime/scheduler/defer.rs,15,defer,Defer,,Crate-internal,Runtime/task control,False,False,False,
tokio,tokio::runtime::scheduler,tokio/src/runtime/scheduler/defer.rs,28,is_empty,Defer,,Crate-internal,Accessor / query,False,False,False,
tokio,tokio::runtime::scheduler,tokio/src/runtime/scheduler/defer.rs,32,wake,Defer,,Crate-internal,Wake / park,False,False,False,
tokio,tokio::runtime::scheduler,tokio/src/runtime/scheduler/defer.rs,39,take_deferred,Defer,,Crate-internal,Data movement,False,False,False,
tokio,tokio::runtime::scheduler,tokio/src/runtime/scheduler/inject.rs,30,new,Inject<T>,,Crate-internal,Constructor,False,False,False,
tokio,tokio::runtime::scheduler,tokio/src/runtime/scheduler/inject.rs,41,is_closed,Inject<T>,,Crate-internal,Accessor / query,False,False,False,
tokio,tokio::runtime::scheduler,tokio/src/runtime/scheduler/inject.rs,48,close,Inject<T>,,Crate-internal,Data movement,False,False,False,"Closes the injection queue, returns `true` if the queue is open when the transition is made."
tokio,tokio::runtime::scheduler,tokio/src/runtime/scheduler/inject.rs,56,push,Inject<T>,,Crate-internal,Data movement,False,False,False,Pushes a value into the queue.
tokio,tokio::runtime::scheduler,tokio/src/runtime/scheduler/inject.rs,62,pop,Inject<T>,,Crate-internal,Data movement,False,False,False,
tokio,tokio::runtime::scheduler,tokio/src/runtime/scheduler/mod.rs,53,driver,Handle,,Crate-internal,Other / internal logic,False,False,False,
tokio,tokio::runtime::scheduler,tokio/src/runtime/scheduler/mod.rs,89,current,Handle,,Crate-internal,Handle / reference plumbing,False,False,False,
tokio,tokio::runtime::scheduler,tokio/src/runtime/scheduler/mod.rs,96,blocking_spawner,Handle,,Crate-internal,Blocking (sync) variant,False,False,False,
tokio,tokio::runtime::scheduler,tokio/src/runtime/scheduler/mod.rs,100,is_local,Handle,,Crate-internal,Accessor / query,False,False,False,
tokio,tokio::runtime::scheduler,tokio/src/runtime/scheduler/mod.rs,110,timer_flavor,Handle,,Crate-internal,Other / internal logic,False,False,False,
tokio,tokio::runtime::scheduler,tokio/src/runtime/scheduler/mod.rs,121,is_shutdown,Handle,,Crate-internal,Accessor / query,False,False,False,Returns true if the runtime is shutting down.
tokio,tokio::runtime::scheduler,tokio/src/runtime/scheduler/mod.rs,132,push_remote_timer,Handle,,Crate-internal,Data movement,False,False,False,Push a timer entry that was created outside of this runtime into the runtime-global queue.
tokio,tokio::runtime::scheduler,tokio/src/runtime/scheduler/mod.rs,140,can_spawn_local_on_local_runtime,Handle,,Crate-internal,Other / internal logic,False,False,False,Returns true if this is a local runtime and the runtime is owned by the current thread.
tokio,tokio::runtime::scheduler,tokio/src/runtime/scheduler/mod.rs,149,spawn,Handle,,Crate-internal,Runtime/task control,False,False,False,
tokio,tokio::runtime::scheduler,tokio/src/runtime/scheduler/mod.rs,170,spawn_local,Handle,,Crate-internal,Runtime/task control,False,True,False,Spawn a local task
tokio,tokio::runtime::scheduler,tokio/src/runtime/scheduler/mod.rs,183,shutdown,Handle,,Crate-internal,Runtime/task control,False,False,False,
tokio,tokio::runtime::scheduler,tokio/src/runtime/scheduler/mod.rs,192,seed_generator,Handle,,Crate-internal,Other / internal logic,False,False,False,
tokio,tokio::runtime::scheduler,tokio/src/runtime/scheduler/mod.rs,196,as_current_thread,Handle,,Crate-internal,Conversion,False,False,False,
tokio,tokio::runtime::scheduler,tokio/src/runtime/scheduler/mod.rs,204,hooks,Handle,,Crate-internal,Other / internal logic,False,False,False,
tokio,tokio::runtime::scheduler,tokio/src/runtime/scheduler/mod.rs,214,num_workers,Handle,,Crate-internal,Accessor / query,False,False,False,
tokio,tokio::runtime::scheduler,tokio/src/runtime/scheduler/mod.rs,222,num_alive_tasks,Handle,,Crate-internal,Accessor / query,False,False,False,
tokio,tokio::runtime::scheduler,tokio/src/runtime/scheduler/mod.rs,226,injection_queue_depth,Handle,,Crate-internal,Metrics / counters,False,False,False,
tokio,tokio::runtime::scheduler,tokio/src/runtime/scheduler/mod.rs,230,worker_metrics,Handle,,Crate-internal,Metrics / counters,False,False,False,
tokio,tokio::runtime::scheduler,tokio/src/runtime/scheduler/mod.rs,240,spawned_tasks_count,Handle,,Crate-internal,Runtime/task control,False,False,False,
tokio,tokio::runtime::scheduler,tokio/src/runtime/scheduler/mod.rs,245,num_blocking_threads,Handle,,Crate-internal,Accessor / query,False,False,False,
tokio,tokio::runtime::scheduler,tokio/src/runtime/scheduler/mod.rs,249,num_idle_blocking_threads,Handle,,Crate-internal,Accessor / query,False,False,False,
tokio,tokio::runtime::scheduler,tokio/src/runtime/scheduler/mod.rs,253,scheduler_metrics,Handle,,Crate-internal,Other / internal logic,False,False,False,
tokio,tokio::runtime::scheduler,tokio/src/runtime/scheduler/mod.rs,257,worker_local_queue_depth,Handle,,Crate-internal,Metrics / counters,False,False,False,
tokio,tokio::runtime::scheduler,tokio/src/runtime/scheduler/mod.rs,261,blocking_queue_depth,Handle,,Crate-internal,Metrics / counters,False,False,False,
tokio,tokio::runtime::scheduler,tokio/src/runtime/scheduler/mod.rs,269,expect_current_thread,Context,,Crate-internal,Other / internal logic,False,False,False,
tokio,tokio::runtime::scheduler,tokio/src/runtime/scheduler/mod.rs,277,defer,Context,,Crate-internal,Runtime/task control,False,False,False,
tokio,tokio::runtime::scheduler,tokio/src/runtime/scheduler/mod.rs,281,worker_index,Context,,Crate-internal,Metrics / counters,False,False,False,
tokio,tokio::runtime::scheduler,tokio/src/runtime/scheduler/mod.rs,291,expect_multi_thread,Context,,Crate-internal,Other / internal logic,False,False,False,
tokio,tokio::runtime::scheduler,tokio/src/runtime/scheduler/mod.rs,310,current,Handle,,Crate-internal,Handle / reference plumbing,False,False,False,
tokio,tokio::runtime::scheduler,tokio/src/runtime/scheduler/mod.rs,316,timer_flavor,Handle,,Crate-internal,Other / internal logic,False,False,False,
tokio,tokio::runtime::scheduler::current_thread,tokio/src/runtime/scheduler/current_thread/mod.rs,138,new,CurrentThread,,Crate-internal,Constructor,False,False,False,
tokio,tokio::runtime::scheduler::current_thread,tokio/src/runtime/scheduler/current_thread/mod.rs,200,block_on,CurrentThread,,Crate-internal,Runtime/task control,False,False,False,
tokio,tokio::runtime::scheduler::current_thread,tokio/src/runtime/scheduler/current_thread/mod.rs,241,take_core,CurrentThread,,Private helper,Data movement,False,False,False,
tokio,tokio::runtime::scheduler::current_thread,tokio/src/runtime/scheduler/current_thread/mod.rs,254,shutdown,CurrentThread,,Crate-internal,Runtime/task control,False,False,False,
tokio,tokio::runtime::scheduler::current_thread,tokio/src/runtime/scheduler/current_thread/mod.rs,287,shutdown2,,,Private helper,Runtime/task control,False,False,False,
tokio,tokio::runtime::scheduler::current_thread,tokio/src/runtime/scheduler/current_thread/mod.rs,321,fmt,CurrentThread,fmt::Debug,Trait impl,Formatting,False,False,False,
tokio,tokio::runtime::scheduler::current_thread,tokio/src/runtime/scheduler/current_thread/mod.rs,330,tick,Core,,Private helper,Time / timers,False,False,False,Get and increment the current tick
tokio,tokio::runtime::scheduler::current_thread,tokio/src/runtime/scheduler/current_thread/mod.rs,334,next_task,Core,,Private helper,Other / internal logic,False,False,False,
tokio,tokio::runtime::scheduler::current_thread,tokio/src/runtime/scheduler/current_thread/mod.rs,345,next_local_task,Core,,Private helper,Other / internal logic,False,False,False,
tokio,tokio::runtime::scheduler::current_thread,tokio/src/runtime/scheduler/current_thread/mod.rs,354,push_task,Core,,Private helper,Data movement,False,False,False,
tokio,tokio::runtime::scheduler::current_thread,tokio/src/runtime/scheduler/current_thread/mod.rs,363,submit_metrics,Core,,Private helper,Metrics / counters,False,False,False,
tokio,tokio::runtime::scheduler::current_thread,tokio/src/runtime/scheduler/current_thread/mod.rs,369,wake_deferred_tasks_and_free,,,Private helper,Wake / park,False,False,False,
tokio,tokio::runtime::scheduler::current_thread,tokio/src/runtime/scheduler/current_thread/mod.rs,381,run_task,Context,,Private helper,Runtime/task control,False,False,False,Execute the closure with the given scheduler core stored in the thread-local context.
tokio,tokio::runtime::scheduler::current_thread,tokio/src/runtime/scheduler/current_thread/mod.rs,407,park,Context,,Private helper,Wake / park,False,False,False,"Blocks the current thread until an event is received by the driver, including I/O events, timer events, ..."
tokio,tokio::runtime::scheduler::current_thread,tokio/src/runtime/scheduler/current_thread/mod.rs,445,park_yield,Context,,Private helper,Wake / park,False,False,False,Checks the driver for new events without blocking the thread.
tokio,tokio::runtime::scheduler::current_thread,tokio/src/runtime/scheduler/current_thread/mod.rs,456,has_pending_work,Context,,Private helper,Accessor / query,False,False,False,
tokio,tokio::runtime::scheduler::current_thread,tokio/src/runtime/scheduler/current_thread/mod.rs,460,park_internal,Context,,Private helper,Wake / park,False,False,False,
tokio,tokio::runtime::scheduler::current_thread,tokio/src/runtime/scheduler/current_thread/mod.rs,478,enter,Context,,Private helper,Runtime/task control,False,False,False,
tokio,tokio::runtime::scheduler::current_thread,tokio/src/runtime/scheduler/current_thread/mod.rs,492,defer,Context,,Crate-internal,Runtime/task control,False,False,False,
tokio,tokio::runtime::scheduler::current_thread,tokio/src/runtime/scheduler/current_thread/mod.rs,502,spawn,Handle,,Crate-internal,Runtime/task control,False,False,False,Spawns a future onto the `CurrentThread` scheduler
tokio,tokio::runtime::scheduler::current_thread,tokio/src/runtime/scheduler/current_thread/mod.rs,537,spawn_local,Handle,,Crate-internal,Runtime/task control,False,True,False,Spawn a task which isn't safe to send across thread boundaries onto the runtime.
tokio,tokio::runtime::scheduler::current_thread,tokio/src/runtime/scheduler/current_thread/mod.rs,581,dump,Handle,,Crate-internal,Debugging / tracing,False,False,False,
tokio,tokio::runtime::scheduler::current_thread,tokio/src/runtime/scheduler/current_thread/mod.rs,624,next_remote_task,Handle,,Private helper,Other / internal logic,False,False,False,
tokio,tokio::runtime::scheduler::current_thread,tokio/src/runtime/scheduler/current_thread/mod.rs,628,waker_ref,Handle,,Private helper,Wake / park,False,False,False,
tokio,tokio::runtime::scheduler::current_thread,tokio/src/runtime/scheduler/current_thread/mod.rs,636,reset_woken,Handle,,Crate-internal,Other / internal logic,False,False,False,
tokio,tokio::runtime::scheduler::current_thread,tokio/src/runtime/scheduler/current_thread/mod.rs,640,num_alive_tasks,Handle,,Crate-internal,Accessor / query,False,False,False,
tokio,tokio::runtime::scheduler::current_thread,tokio/src/runtime/scheduler/current_thread/mod.rs,644,injection_queue_depth,Handle,,Crate-internal,Metrics / counters,False,False,False,
tokio,tokio::runtime::scheduler::current_thread,tokio/src/runtime/scheduler/current_thread/mod.rs,648,worker_metrics,Handle,,Crate-internal,Metrics / counters,False,False,False,
tokio,tokio::runtime::scheduler::current_thread,tokio/src/runtime/scheduler/current_thread/mod.rs,656,scheduler_metrics,Handle,,Crate-internal,Other / internal logic,False,False,False,
tokio,tokio::runtime::scheduler::current_thread,tokio/src/runtime/scheduler/current_thread/mod.rs,660,worker_local_queue_depth,Handle,,Crate-internal,Metrics / counters,False,False,False,
tokio,tokio::runtime::scheduler::current_thread,tokio/src/runtime/scheduler/current_thread/mod.rs,664,num_blocking_threads,Handle,,Crate-internal,Accessor / query,False,False,False,
tokio,tokio::runtime::scheduler::current_thread,tokio/src/runtime/scheduler/current_thread/mod.rs,668,num_idle_blocking_threads,Handle,,Crate-internal,Accessor / query,False,False,False,
tokio,tokio::runtime::scheduler::current_thread,tokio/src/runtime/scheduler/current_thread/mod.rs,672,blocking_queue_depth,Handle,,Crate-internal,Metrics / counters,False,False,False,
tokio,tokio::runtime::scheduler::current_thread,tokio/src/runtime/scheduler/current_thread/mod.rs,677,spawned_tasks_count,Handle,,Crate-internal,Runtime/task control,False,False,False,
tokio,tokio::runtime::scheduler::current_thread,tokio/src/runtime/scheduler/current_thread/mod.rs,688,owned_id,Handle,,Crate-internal,Other / internal logic,False,False,False,
tokio,tokio::runtime::scheduler::current_thread,tokio/src/runtime/scheduler/current_thread/mod.rs,692,name,Handle,,Crate-internal,Other / internal logic,False,False,False,
tokio,tokio::runtime::scheduler::current_thread,tokio/src/runtime/scheduler/current_thread/mod.rs,698,fmt,Handle,fmt::Debug,Trait impl,Formatting,False,False,False,
tokio,tokio::runtime::scheduler::current_thread,tokio/src/runtime/scheduler/current_thread/mod.rs,706,release,Arc<Handle>,Schedule,Trait impl,Scheduler hook,False,False,False,
tokio,tokio::runtime::scheduler::current_thread,tokio/src/runtime/scheduler/current_thread/mod.rs,710,schedule,Arc<Handle>,Schedule,Trait impl,Scheduler hook,False,False,False,
tokio,tokio::runtime::scheduler::current_thread,tokio/src/runtime/scheduler/current_thread/mod.rs,740,hooks,Arc<Handle>,Schedule,Trait impl,Scheduler hook,False,False,False,
tokio,tokio::runtime::scheduler::current_thread,tokio/src/runtime/scheduler/current_thread/mod.rs,747,unhandled_panic,Arc<Handle>,Schedule,Trait impl,Scheduler hook,False,False,False,
tokio,tokio::runtime::scheduler::current_thread,tokio/src/runtime/scheduler/current_thread/mod.rs,780,wake,Handle,Wake,Trait impl,Waker,False,False,False,
tokio,tokio::runtime::scheduler::current_thread,tokio/src/runtime/scheduler/current_thread/mod.rs,785,wake_by_ref,Handle,Wake,Trait impl,Waker,False,False,False,Wake by reference
tokio,tokio::runtime::scheduler::current_thread,tokio/src/runtime/scheduler/current_thread/mod.rs,814,block_on,CoreGuard<'_>,,Private helper,Runtime/task control,False,False,False,
tokio,tokio::runtime::scheduler::current_thread,tokio/src/runtime/scheduler/current_thread/mod.rs,894,enter,CoreGuard<'_>,,Private helper,Runtime/task control,False,False,False,Enters the scheduler context.
tokio,tokio::runtime::scheduler::current_thread,tokio/src/runtime/scheduler/current_thread/mod.rs,913,drop,CoreGuard<'_>,Drop,Trait impl,Drop / cleanup,False,False,False,
tokio,tokio::runtime::scheduler::inject,tokio/src/runtime/scheduler/inject/metrics.rs,4,len,Inject<T>,,Crate-internal,Accessor / query,False,False,False,
tokio,tokio::runtime::scheduler::inject,tokio/src/runtime/scheduler/inject/pop.rs,14,new,"Pop<'a, T>",,Crate-internal,Constructor,False,False,False,
tokio,tokio::runtime::scheduler::inject,tokio/src/runtime/scheduler/inject/pop.rs,26,next,"Pop<'a, T>",Iterator,Trait impl,Iterator,False,False,False,
tokio,tokio::runtime::scheduler::inject,tokio/src/runtime/scheduler/inject/pop.rs,40,size_hint,"Pop<'a, T>",Iterator,Trait impl,Iterator,False,False,False,
tokio,tokio::runtime::scheduler::inject,tokio/src/runtime/scheduler/inject/pop.rs,46,len,"Pop<'a, T>",ExactSizeIterator,Trait impl,Accessor / query,False,False,False,
tokio,tokio::runtime::scheduler::inject,tokio/src/runtime/scheduler/inject/pop.rs,52,drop,"Pop<'a, T>",Drop,Trait impl,Drop / cleanup,False,False,False,
tokio,tokio::runtime::scheduler::inject,tokio/src/runtime/scheduler/inject/rt_multi_thread.rs,15,new,InjectQueue<T>,,Crate-internal,Constructor,False,False,False,
tokio,tokio::runtime::scheduler::inject,tokio/src/runtime/scheduler/inject/rt_multi_thread.rs,19,is_empty,InjectQueue<T>,,Crate-internal,Accessor / query,False,False,False,
tokio,tokio::runtime::scheduler::inject,tokio/src/runtime/scheduler/inject/rt_multi_thread.rs,25,len,InjectQueue<T>,,Crate-internal,Accessor / query,False,False,False,
tokio,tokio::runtime::scheduler::inject,tokio/src/runtime/scheduler/inject/rt_multi_thread.rs,31,is_closed,InjectQueue<T>,,Crate-internal,Accessor / query,False,False,False,
tokio,tokio::runtime::scheduler::inject,tokio/src/runtime/scheduler/inject/rt_multi_thread.rs,39,close,InjectQueue<T>,,Crate-internal,Data movement,False,False,False,"Closes the queue, returns `true` if the queue was open when the transition was made."
tokio,tokio::runtime::scheduler::inject,tokio/src/runtime/scheduler/inject/rt_multi_thread.rs,48,push,InjectQueue<T>,,Crate-internal,Data movement,False,False,False,Pushes a value into the queue.
tokio,tokio::runtime::scheduler::inject,tokio/src/runtime/scheduler/inject/rt_multi_thread.rs,54,pop,InjectQueue<T>,,Crate-internal,Data movement,False,False,False,
tokio,tokio::runtime::scheduler::inject,tokio/src/runtime/scheduler/inject/rt_multi_thread.rs,63,push_batch,InjectQueue<T>,,Crate-internal,Data movement,False,False,False,Pushes several values into the queue.
tokio,tokio::runtime::scheduler::inject,tokio/src/runtime/scheduler/inject/rt_multi_thread.rs,75,pop_n,InjectQueue<T>,,Crate-internal,Data movement,False,False,False,"Pops up to `n` values from the queue, passing an iterator over them to `f`."
tokio,tokio::runtime::scheduler::inject,tokio/src/runtime/scheduler/inject/rt_multi_thread.rs,84,drain_into,InjectQueue<T>,,Crate-internal,Combinator / iteration,False,False,False,"Pops every task from the queue into `dst`, atomically with respect to concurrent pushes."
tokio,tokio::runtime::scheduler::inject,tokio/src/runtime/scheduler/inject/rt_multi_thread.rs,92,is_empty,Inject<T>,,Crate-internal,Accessor / query,False,False,False,
tokio,tokio::runtime::scheduler::inject,tokio/src/runtime/scheduler/inject/rt_multi_thread.rs,98,push_batch,Inject<T>,,Crate-internal,Data movement,False,False,False,Pushes several values into the queue.
tokio,tokio::runtime::scheduler::inject,tokio/src/runtime/scheduler/inject/rt_multi_thread.rs,143,push_batch_inner,Inject<T>,,Private helper,Data movement,False,True,False,Inserts several tasks that have been linked together into the queue.
tokio,tokio::runtime::scheduler::inject,tokio/src/runtime/scheduler/inject/rt_multi_thread.rs,196,pop_n,Inject<T>,,Crate-internal,Data movement,False,False,False,"Pops up to `n` values from the queue, passing an iterator over them to `f`."
tokio,tokio::runtime::scheduler::inject,tokio/src/runtime/scheduler/inject/rt_multi_thread.rs,205,drain_into,Inject<T>,,Crate-internal,Combinator / iteration,False,False,False,"Pops every task from the queue into `dst`, holding the queue lock for the entire drain so it is atomic with respect to concurrent pushes."
tokio,tokio::runtime::scheduler::inject,tokio/src/runtime/scheduler/inject/shared.rs,21,new,Shared<T>,,Crate-internal,Constructor,False,False,False,
tokio,tokio::runtime::scheduler::inject,tokio/src/runtime/scheduler/inject/shared.rs,36,is_empty,Shared<T>,,Crate-internal,Accessor / query,False,False,False,
tokio,tokio::runtime::scheduler::inject,tokio/src/runtime/scheduler/inject/shared.rs,42,is_closed,Shared<T>,,Crate-internal,Accessor / query,False,False,False,
tokio,tokio::runtime::scheduler::inject,tokio/src/runtime/scheduler/inject/shared.rs,48,close,Shared<T>,,Crate-internal,Data movement,False,False,False,"Closes the injection queue, returns `true` if the queue is open when the transition is made."
tokio,tokio::runtime::scheduler::inject,tokio/src/runtime/scheduler/inject/shared.rs,57,len,Shared<T>,,Crate-internal,Accessor / query,False,False,False,
tokio,tokio::runtime::scheduler::inject,tokio/src/runtime/scheduler/inject/shared.rs,68,push,Shared<T>,,Crate-internal,Data movement,False,True,False,Pushes a value into the queue.
tokio,tokio::runtime::scheduler::inject,tokio/src/runtime/scheduler/inject/shared.rs,97,pop,Shared<T>,,Crate-internal,Data movement,False,True,False,Pop a value from the queue.
tokio,tokio::runtime::scheduler::inject,tokio/src/runtime/scheduler/inject/shared.rs,106,pop_n,Shared<T>,,Crate-internal,Data movement,False,True,False,Pop `n` values from the queue
tokio,tokio::runtime::scheduler::inject,tokio/src/runtime/scheduler/inject/synced.rs,23,pop,Synced,,Crate-internal,Data movement,False,False,False,
tokio,tokio::runtime::scheduler::multi_thread,tokio/src/runtime/scheduler/multi_thread/counters.rs,13,drop,super::Counters,Drop,Trait impl,Drop / cleanup,False,False,False,
tokio,tokio::runtime::scheduler::multi_thread,tokio/src/runtime/scheduler/multi_thread/counters.rs,29,inc_num_inc_notify_local,,,Crate-internal,Metrics / counters,False,False,False,
tokio,tokio::runtime::scheduler::multi_thread,tokio/src/runtime/scheduler/multi_thread/counters.rs,33,inc_num_unparks_local,,,Crate-internal,Metrics / counters,False,False,False,
tokio,tokio::runtime::scheduler::multi_thread,tokio/src/runtime/scheduler/multi_thread/counters.rs,37,inc_num_maintenance,,,Crate-internal,Metrics / counters,False,False,False,
tokio,tokio::runtime::scheduler::multi_thread,tokio/src/runtime/scheduler/multi_thread/counters.rs,41,inc_lifo_schedules,,,Crate-internal,Metrics / counters,False,False,False,
tokio,tokio::runtime::scheduler::multi_thread,tokio/src/runtime/scheduler/multi_thread/counters.rs,45,inc_lifo_capped,,,Crate-internal,Metrics / counters,False,False,False,
tokio,tokio::runtime::scheduler::multi_thread,tokio/src/runtime/scheduler/multi_thread/counters.rs,52,inc_num_inc_notify_local,,,Crate-internal,Metrics / counters,False,False,False,
tokio,tokio::runtime::scheduler::multi_thread,tokio/src/runtime/scheduler/multi_thread/counters.rs,53,inc_num_unparks_local,,,Crate-internal,Metrics / counters,False,False,False,
tokio,tokio::runtime::scheduler::multi_thread,tokio/src/runtime/scheduler/multi_thread/counters.rs,54,inc_num_maintenance,,,Crate-internal,Metrics / counters,False,False,False,
tokio,tokio::runtime::scheduler::multi_thread,tokio/src/runtime/scheduler/multi_thread/counters.rs,55,inc_lifo_schedules,,,Crate-internal,Metrics / counters,False,False,False,
tokio,tokio::runtime::scheduler::multi_thread,tokio/src/runtime/scheduler/multi_thread/counters.rs,56,inc_lifo_capped,,,Crate-internal,Metrics / counters,False,False,False,
tokio,tokio::runtime::scheduler::multi_thread,tokio/src/runtime/scheduler/multi_thread/handle.rs,55,spawn,Handle,,Crate-internal,Runtime/task control,False,False,False,Spawns a future onto the thread pool
tokio,tokio::runtime::scheduler::multi_thread,tokio/src/runtime/scheduler/multi_thread/handle.rs,69,is_shutdown,Handle,,Crate-internal,Accessor / query,False,False,False,
tokio,tokio::runtime::scheduler::multi_thread,tokio/src/runtime/scheduler/multi_thread/handle.rs,74,shutdown,Handle,,Crate-internal,Runtime/task control,False,False,False,
tokio,tokio::runtime::scheduler::multi_thread,tokio/src/runtime/scheduler/multi_thread/handle.rs,81,bind_new_task,Handle,,Crate-internal,Networking,False,False,False,
tokio,tokio::runtime::scheduler::multi_thread,tokio/src/runtime/scheduler/multi_thread/handle.rs,108,release,Arc<Handle>,task::Schedule,Trait impl,Scheduler hook,False,False,False,
tokio,tokio::runtime::scheduler::multi_thread,tokio/src/runtime/scheduler/multi_thread/handle.rs,112,schedule,Arc<Handle>,task::Schedule,Trait impl,Scheduler hook,False,False,False,
tokio,tokio::runtime::scheduler::multi_thread,tokio/src/runtime/scheduler/multi_thread/handle.rs,116,hooks,Arc<Handle>,task::Schedule,Trait impl,Scheduler hook,False,False,False,
tokio,tokio::runtime::scheduler::multi_thread,tokio/src/runtime/scheduler/multi_thread/handle.rs,122,yield_now,Arc<Handle>,task::Schedule,Trait impl,Scheduler hook,False,False,False,
tokio,tokio::runtime::scheduler::multi_thread,tokio/src/runtime/scheduler/multi_thread/handle.rs,128,owned_id,Handle,,Crate-internal,Other / internal logic,False,False,False,
tokio,tokio::runtime::scheduler::multi_thread,tokio/src/runtime/scheduler/multi_thread/handle.rs,132,name,Handle,,Crate-internal,Other / internal logic,False,False,False,
tokio,tokio::runtime::scheduler::multi_thread,tokio/src/runtime/scheduler/multi_thread/handle.rs,138,fmt,Handle,fmt::Debug,Trait impl,Formatting,False,False,False,
tokio,tokio::runtime::scheduler::multi_thread,tokio/src/runtime/scheduler/multi_thread/handle/metrics.rs,9,num_workers,Handle,,Crate-internal,Accessor / query,False,False,False,
tokio,tokio::runtime::scheduler::multi_thread,tokio/src/runtime/scheduler/multi_thread/handle/metrics.rs,13,num_alive_tasks,Handle,,Crate-internal,Accessor / query,False,False,False,
tokio,tokio::runtime::scheduler::multi_thread,tokio/src/runtime/scheduler/multi_thread/handle/metrics.rs,17,injection_queue_depth,Handle,,Crate-internal,Metrics / counters,False,False,False,
tokio,tokio::runtime::scheduler::multi_thread,tokio/src/runtime/scheduler/multi_thread/handle/metrics.rs,21,worker_metrics,Handle,,Crate-internal,Metrics / counters,False,False,False,
tokio,tokio::runtime::scheduler::multi_thread,tokio/src/runtime/scheduler/multi_thread/handle/metrics.rs,27,spawned_tasks_count,Handle,,Crate-internal,Runtime/task control,False,False,False,
tokio,tokio::runtime::scheduler::multi_thread,tokio/src/runtime/scheduler/multi_thread/handle/metrics.rs,32,num_blocking_threads,Handle,,Crate-internal,Accessor / query,False,False,False,
tokio,tokio::runtime::scheduler::multi_thread,tokio/src/runtime/scheduler/multi_thread/handle/metrics.rs,36,num_idle_blocking_threads,Handle,,Crate-internal,Accessor / query,False,False,False,
tokio,tokio::runtime::scheduler::multi_thread,tokio/src/runtime/scheduler/multi_thread/handle/metrics.rs,40,scheduler_metrics,Handle,,Crate-internal,Other / internal logic,False,False,False,
tokio,tokio::runtime::scheduler::multi_thread,tokio/src/runtime/scheduler/multi_thread/handle/metrics.rs,44,worker_local_queue_depth,Handle,,Crate-internal,Metrics / counters,False,False,False,
tokio,tokio::runtime::scheduler::multi_thread,tokio/src/runtime/scheduler/multi_thread/handle/metrics.rs,48,blocking_queue_depth,Handle,,Crate-internal,Metrics / counters,False,False,False,
tokio,tokio::runtime::scheduler::multi_thread,tokio/src/runtime/scheduler/multi_thread/handle/taskdump.rs,6,dump,Handle,,Crate-internal,Debugging / tracing,True,False,False,
tokio,tokio::runtime::scheduler::multi_thread,tokio/src/runtime/scheduler/multi_thread/idle.rs,34,new,Idle,,Crate-internal,Constructor,False,False,False,
tokio,tokio::runtime::scheduler::multi_thread,tokio/src/runtime/scheduler/multi_thread/idle.rs,51,worker_to_notify,Idle,,Crate-internal,Metrics / counters,False,False,False,"If there are no workers actively searching, returns the index of a worker currently sleeping."
tokio,tokio::runtime::scheduler::multi_thread,tokio/src/runtime/scheduler/multi_thread/idle.rs,86,transition_worker_to_parked,Idle,,Crate-internal,State transition,False,False,False,Returns `true` if the worker needs to do a final check for submitted work.
tokio,tokio::runtime::scheduler::multi_thread,tokio/src/runtime/scheduler/multi_thread/idle.rs,108,transition_worker_to_searching,Idle,,Crate-internal,State transition,False,False,False,
tokio,tokio::runtime::scheduler::multi_thread,tokio/src/runtime/scheduler/multi_thread/idle.rs,125,transition_worker_from_searching,Idle,,Crate-internal,State transition,False,False,False,A lightweight transition from searching -> running.
tokio,tokio::runtime::scheduler::multi_thread,tokio/src/runtime/scheduler/multi_thread/idle.rs,133,unpark_worker_by_id,Idle,,Crate-internal,Wake / park,False,False,False,Unpark a specific worker.
tokio,tokio::runtime::scheduler::multi_thread,tokio/src/runtime/scheduler/multi_thread/idle.rs,152,is_parked,Idle,,Crate-internal,Accessor / query,False,False,False,Returns `true` if `worker_id` is contained in the sleep set.
tokio,tokio::runtime::scheduler::multi_thread,tokio/src/runtime/scheduler/multi_thread/idle.rs,157,notify_should_wakeup,Idle,,Private helper,Wake / park,False,False,False,
tokio,tokio::runtime::scheduler::multi_thread,tokio/src/runtime/scheduler/multi_thread/idle.rs,167,new,State,,Private helper,Constructor,False,False,False,
tokio,tokio::runtime::scheduler::multi_thread,tokio/src/runtime/scheduler/multi_thread/idle.rs,175,load,State,,Private helper,Other / internal logic,False,False,False,
tokio,tokio::runtime::scheduler::multi_thread,tokio/src/runtime/scheduler/multi_thread/idle.rs,179,unpark_one,State,,Private helper,Wake / park,False,False,False,
tokio,tokio::runtime::scheduler::multi_thread,tokio/src/runtime/scheduler/multi_thread/idle.rs,183,inc_num_searching,State,,Private helper,Metrics / counters,False,False,False,
tokio,tokio::runtime::scheduler::multi_thread,tokio/src/runtime/scheduler/multi_thread/idle.rs,188,dec_num_searching,State,,Private helper,Metrics / counters,False,False,False,Returns `true` if this is the final searching worker
tokio,tokio::runtime::scheduler::multi_thread,tokio/src/runtime/scheduler/multi_thread/idle.rs,196,dec_num_unparked,State,,Private helper,Metrics / counters,False,False,False,Track a sleeping worker Returns `true` if this is the final searching worker.
tokio,tokio::runtime::scheduler::multi_thread,tokio/src/runtime/scheduler/multi_thread/idle.rs,209,num_searching,State,,Private helper,Accessor / query,False,False,False,Number of workers currently searching
tokio,tokio::runtime::scheduler::multi_thread,tokio/src/runtime/scheduler/multi_thread/idle.rs,214,num_unparked,State,,Private helper,Accessor / query,False,False,False,Number of workers currently unparked
tokio,tokio::runtime::scheduler::multi_thread,tokio/src/runtime/scheduler/multi_thread/idle.rs,220,from,State,From<usize>,Trait impl,Conversion,False,False,False,
tokio,tokio::runtime::scheduler::multi_thread,tokio/src/runtime/scheduler/multi_thread/idle.rs,226,from,usize,From<State>,Trait impl,Conversion,False,False,False,
tokio,tokio::runtime::scheduler::multi_thread,tokio/src/runtime/scheduler/multi_thread/idle.rs,232,fmt,State,fmt::Debug,Trait impl,Formatting,False,False,False,
tokio,tokio::runtime::scheduler::multi_thread,tokio/src/runtime/scheduler/multi_thread/idle.rs,241,test_state,,,Private helper,Other / internal logic,False,False,False,
tokio,tokio::runtime::scheduler::multi_thread,tokio/src/runtime/scheduler/multi_thread/mod.rs,56,new,MultiThread,,Crate-internal,Constructor,False,False,False,
tokio,tokio::runtime::scheduler::multi_thread,tokio/src/runtime/scheduler/multi_thread/mod.rs,85,block_on,MultiThread,,Crate-internal,Runtime/task control,False,False,False,Blocks the current thread waiting for the future to complete.
tokio,tokio::runtime::scheduler::multi_thread,tokio/src/runtime/scheduler/multi_thread/mod.rs,94,shutdown,MultiThread,,Crate-internal,Runtime/task control,False,False,False,
tokio,tokio::runtime::scheduler::multi_thread,tokio/src/runtime/scheduler/multi_thread/mod.rs,103,fmt,MultiThread,fmt::Debug,Trait impl,Formatting,False,False,False,
tokio,tokio::runtime::scheduler::multi_thread,tokio/src/runtime/scheduler/multi_thread/overflow.rs,7,push,trait Overflow,,Trait method (declaration/default),Data movement,False,False,False,
tokio,tokio::runtime::scheduler::multi_thread,tokio/src/runtime/scheduler/multi_thread/overflow.rs,9,push_batch,trait Overflow,,Trait method (declaration/default),Data movement,False,False,False,
tokio,tokio::runtime::scheduler::multi_thread,tokio/src/runtime/scheduler/multi_thread/overflow.rs,16,push,RefCell<Vec<task::Notified<T>>>,Overflow<T>,Trait impl,Data movement,False,False,False,
tokio,tokio::runtime::scheduler::multi_thread,tokio/src/runtime/scheduler/multi_thread/overflow.rs,20,push_batch,RefCell<Vec<task::Notified<T>>>,Overflow<T>,Trait impl,Data movement,False,False,False,
tokio,tokio::runtime::scheduler::multi_thread,tokio/src/runtime/scheduler/multi_thread/park.rs,57,new,Parker,,Crate-internal,Constructor,False,False,False,
tokio,tokio::runtime::scheduler::multi_thread,tokio/src/runtime/scheduler/multi_thread/park.rs,70,unpark,Parker,,Crate-internal,Wake / park,False,False,False,
tokio,tokio::runtime::scheduler::multi_thread,tokio/src/runtime/scheduler/multi_thread/park.rs,76,park,Parker,,Crate-internal,Wake / park,False,False,False,
tokio,tokio::runtime::scheduler::multi_thread,tokio/src/runtime/scheduler/multi_thread/park.rs,85,park_timeout,Parker,,Crate-internal,Wake / park,False,False,False,Parks the current thread for up to `duration`.
tokio,tokio::runtime::scheduler::multi_thread,tokio/src/runtime/scheduler/multi_thread/park.rs,106,shutdown,Parker,,Crate-internal,Runtime/task control,False,False,False,
tokio,tokio::runtime::scheduler::multi_thread,tokio/src/runtime/scheduler/multi_thread/park.rs,112,clone,Parker,Clone,Trait impl,Clone,False,False,False,
tokio,tokio::runtime::scheduler::multi_thread,tokio/src/runtime/scheduler/multi_thread/park.rs,125,unpark,Unparker,,Crate-internal,Wake / park,False,False,False,
tokio,tokio::runtime::scheduler::multi_thread,tokio/src/runtime/scheduler/multi_thread/park.rs,132,park,Inner,,Private helper,Wake / park,False,False,False,Parks the current thread for at most `dur`.
tokio,tokio::runtime::scheduler::multi_thread,tokio/src/runtime/scheduler/multi_thread/park.rs,158,park_condvar,Inner,,Private helper,Wake / park,False,False,False,Parks the current thread using a condvar for up to `duration`.
tokio,tokio::runtime::scheduler::multi_thread,tokio/src/runtime/scheduler/multi_thread/park.rs,228,park_driver,Inner,,Private helper,Wake / park,False,False,False,
tokio,tokio::runtime::scheduler::multi_thread,tokio/src/runtime/scheduler/multi_thread/park.rs,277,unpark,Inner,,Private helper,Wake / park,False,False,False,
tokio,tokio::runtime::scheduler::multi_thread,tokio/src/runtime/scheduler/multi_thread/park.rs,292,unpark_condvar,Inner,,Private helper,Wake / park,False,False,False,
tokio,tokio::runtime::scheduler::multi_thread,tokio/src/runtime/scheduler/multi_thread/park.rs,309,shutdown,Inner,,Private helper,Runtime/task control,False,False,False,
tokio,tokio::runtime::scheduler::multi_thread,tokio/src/runtime/scheduler/multi_thread/queue.rs,77,make_fixed_size,,,Private helper,Other / internal logic,False,False,False,
tokio,tokio::runtime::scheduler::multi_thread,tokio/src/runtime/scheduler/multi_thread/queue.rs,85,local,,,Crate-internal,Other / internal logic,False,False,False,Create a new local run-queue
tokio,tokio::runtime::scheduler::multi_thread,tokio/src/runtime/scheduler/multi_thread/queue.rs,105,len,Local<T>,,Crate-internal,Accessor / query,False,False,False,Returns the number of entries in the queue
tokio,tokio::runtime::scheduler::multi_thread,tokio/src/runtime/scheduler/multi_thread/queue.rs,113,remaining_slots,Local<T>,,Crate-internal,Other / internal logic,False,False,False,How many tasks can be pushed into the queue
tokio,tokio::runtime::scheduler::multi_thread,tokio/src/runtime/scheduler/multi_thread/queue.rs,121,max_capacity,Local<T>,,Crate-internal,Configuration / setter,False,False,False,
tokio,tokio::runtime::scheduler::multi_thread,tokio/src/runtime/scheduler/multi_thread/queue.rs,129,has_tasks,Local<T>,,Crate-internal,Accessor / query,False,False,False,"Returns false if there are any entries in the queue Separate to `is_stealable` so that refactors of `is_stealable` to ""protect"" some tasks from stealing won't affect this"
tokio,tokio::runtime::scheduler::multi_thread,tokio/src/runtime/scheduler/multi_thread/queue.rs,139,push_back,Local<T>,,Crate-internal,Data movement,False,False,False,Pushes a batch of tasks to the back of the queue.
tokio,tokio::runtime::scheduler::multi_thread,tokio/src/runtime/scheduler/multi_thread/queue.rs,188,push_back_or_overflow,Local<T>,,Crate-internal,Data movement,False,False,False,"Pushes a task to the back of the local queue, if there is not enough capacity in the queue, this triggers the overflow operation."
tokio,tokio::runtime::scheduler::multi_thread,tokio/src/runtime/scheduler/multi_thread/queue.rs,226,push_back_finish,Local<T>,,Private helper,Data movement,False,False,False,
tokio,tokio::runtime::scheduler::multi_thread,tokio/src/runtime/scheduler/multi_thread/queue.rs,253,push_overflow,Local<T>,,Private helper,Data movement,False,False,False,Moves a batch of tasks into the inject queue.
tokio,tokio::runtime::scheduler::multi_thread,tokio/src/runtime/scheduler/multi_thread/queue.rs,328,next,"BatchTaskIter<'a, T>",Iterator,Trait impl,Iterator,False,False,False,
tokio,tokio::runtime::scheduler::multi_thread,tokio/src/runtime/scheduler/multi_thread/queue.rs,361,pop,Local<T>,,Crate-internal,Data movement,False,False,False,Pops a task from the local queue.
tokio,tokio::runtime::scheduler::multi_thread,tokio/src/runtime/scheduler/multi_thread/queue.rs,404,len,Steal<T>,,Crate-internal,Accessor / query,False,False,False,Returns the number of entries in the queue
tokio,tokio::runtime::scheduler::multi_thread,tokio/src/runtime/scheduler/multi_thread/queue.rs,412,is_empty,Steal<T>,,Crate-internal,Accessor / query,False,False,False,"Return true if the queue is empty, false if there are any entries in the queue"
tokio,tokio::runtime::scheduler::multi_thread,tokio/src/runtime/scheduler/multi_thread/queue.rs,417,steal_into,Steal<T>,,Crate-internal,Data movement,False,False,False,Steals half the tasks from self and place them into `dst`.
tokio,tokio::runtime::scheduler::multi_thread,tokio/src/runtime/scheduler/multi_thread/queue.rs,472,steal_into2,Steal<T>,,Private helper,Data movement,False,False,False,
tokio,tokio::runtime::scheduler::multi_thread,tokio/src/runtime/scheduler/multi_thread/queue.rs,566,clone,Steal<T>,Clone,Trait impl,Clone,False,False,False,
tokio,tokio::runtime::scheduler::multi_thread,tokio/src/runtime/scheduler/multi_thread/queue.rs,572,drop,Local<T>,Drop,Trait impl,Drop / cleanup,False,False,False,
tokio,tokio::runtime::scheduler::multi_thread,tokio/src/runtime/scheduler/multi_thread/queue.rs,581,len,,,Private helper,Accessor / query,False,False,False,Calculate the length of the queue using the head and tail.
tokio,tokio::runtime::scheduler::multi_thread,tokio/src/runtime/scheduler/multi_thread/queue.rs,587,unpack,,,Private helper,Other / internal logic,False,False,False,Split the head value into the real head and the index a stealer is working on.
tokio,tokio::runtime::scheduler::multi_thread,tokio/src/runtime/scheduler/multi_thread/queue.rs,595,pack,,,Private helper,Other / internal logic,False,False,False,Join the two head values
tokio,tokio::runtime::scheduler::multi_thread,tokio/src/runtime/scheduler/multi_thread/queue.rs,600,test_local_queue_capacity,,,Private helper,Other / internal logic,False,False,False,
tokio,tokio::runtime::scheduler::multi_thread,tokio/src/runtime/scheduler/multi_thread/stats.rs,43,new,Stats,,Crate-internal,Constructor,False,False,False,
tokio,tokio::runtime::scheduler::multi_thread,tokio/src/runtime/scheduler/multi_thread/stats.rs,56,tuned_global_queue_interval,Stats,,Crate-internal,Other / internal logic,False,False,False,
tokio,tokio::runtime::scheduler::multi_thread,tokio/src/runtime/scheduler/multi_thread/stats.rs,70,submit,Stats,,Crate-internal,Metrics / counters,False,False,False,
tokio,tokio::runtime::scheduler::multi_thread,tokio/src/runtime/scheduler/multi_thread/stats.rs,74,about_to_park,Stats,,Crate-internal,Other / internal logic,False,False,False,
tokio,tokio::runtime::scheduler::multi_thread,tokio/src/runtime/scheduler/multi_thread/stats.rs,78,unparked,Stats,,Crate-internal,Wake / park,False,False,False,
tokio,tokio::runtime::scheduler::multi_thread,tokio/src/runtime/scheduler/multi_thread/stats.rs,82,inc_local_schedule_count,Stats,,Crate-internal,Metrics / counters,False,False,False,
tokio,tokio::runtime::scheduler::multi_thread,tokio/src/runtime/scheduler/multi_thread/stats.rs,86,start_processing_scheduled_tasks,Stats,,Crate-internal,Runtime/task control,False,False,False,
tokio,tokio::runtime::scheduler::multi_thread,tokio/src/runtime/scheduler/multi_thread/stats.rs,93,end_processing_scheduled_tasks,Stats,,Crate-internal,Other / internal logic,False,False,False,
tokio,tokio::runtime::scheduler::multi_thread,tokio/src/runtime/scheduler/multi_thread/stats.rs,117,start_poll,Stats,,Crate-internal,Runtime/task control,False,False,False,
tokio,tokio::runtime::scheduler::multi_thread,tokio/src/runtime/scheduler/multi_thread/stats.rs,127,record_schedule_latency,Stats,,Crate-internal,Other / internal logic,False,False,False,
tokio,tokio::runtime::scheduler::multi_thread,tokio/src/runtime/scheduler/multi_thread/stats.rs,134,end_poll,Stats,,Crate-internal,Other / internal logic,False,False,False,
tokio,tokio::runtime::scheduler::multi_thread,tokio/src/runtime/scheduler/multi_thread/stats.rs,138,incr_steal_count,Stats,,Crate-internal,Metrics / counters,False,False,False,
tokio,tokio::runtime::scheduler::multi_thread,tokio/src/runtime/scheduler/multi_thread/stats.rs,142,incr_steal_operations,Stats,,Crate-internal,Metrics / counters,False,False,False,
tokio,tokio::runtime::scheduler::multi_thread,tokio/src/runtime/scheduler/multi_thread/stats.rs,146,incr_overflow_count,Stats,,Crate-internal,Metrics / counters,False,False,False,
tokio,tokio::runtime::scheduler::multi_thread,tokio/src/runtime/scheduler/multi_thread/trace.rs,17,new,TraceStatus,,Crate-internal,Constructor,False,False,False,
tokio,tokio::runtime::scheduler::multi_thread,tokio/src/runtime/scheduler/multi_thread/trace.rs,27,trace_requested,TraceStatus,,Crate-internal,Debugging / tracing,False,False,False,
tokio,tokio::runtime::scheduler::multi_thread,tokio/src/runtime/scheduler/multi_thread/trace.rs,31,start_trace_request,TraceStatus,,Crate-internal,Runtime/task control,True,False,False,
tokio,tokio::runtime::scheduler::multi_thread,tokio/src/runtime/scheduler/multi_thread/trace.rs,42,stash_result,TraceStatus,,Crate-internal,Other / internal logic,False,False,False,
tokio,tokio::runtime::scheduler::multi_thread,tokio/src/runtime/scheduler/multi_thread/trace.rs,47,take_result,TraceStatus,,Crate-internal,Data movement,False,False,False,
tokio,tokio::runtime::scheduler::multi_thread,tokio/src/runtime/scheduler/multi_thread/trace.rs,51,end_trace_request,TraceStatus,,Crate-internal,Async operation,True,False,False,
tokio,tokio::runtime::scheduler::multi_thread,tokio/src/runtime/scheduler/multi_thread/trace_mock.rs,4,new,TraceStatus,,Crate-internal,Constructor,False,False,False,
tokio,tokio::runtime::scheduler::multi_thread,tokio/src/runtime/scheduler/multi_thread/trace_mock.rs,8,trace_requested,TraceStatus,,Crate-internal,Debugging / tracing,False,False,False,
tokio,tokio::runtime::scheduler::multi_thread,tokio/src/runtime/scheduler/multi_thread/worker.rs,272,create,,,Crate-internal,Constructor,False,False,False,
tokio,tokio::runtime::scheduler::multi_thread,tokio/src/runtime/scheduler/multi_thread/worker.rs,364,block_in_place,,,Crate-internal,Other / internal logic,False,False,False,
tokio,tokio::runtime::scheduler::multi_thread,tokio/src/runtime/scheduler/multi_thread/worker.rs,375,drop,Reset,Drop,Trait impl,Drop / cleanup,False,False,False,
tokio,tokio::runtime::scheduler::multi_thread,tokio/src/runtime/scheduler/multi_thread/worker.rs,420,maybe_move_runtime,,,Private helper,Other / internal logic,False,False,False,
tokio,tokio::runtime::scheduler::multi_thread,tokio/src/runtime/scheduler/multi_thread/worker.rs,512,launch,Launch,,Crate-internal,Other / internal logic,False,False,False,
tokio,tokio::runtime::scheduler::multi_thread,tokio/src/runtime/scheduler/multi_thread/worker.rs,519,run,,,Private helper,Runtime/task control,False,False,False,
tokio,tokio::runtime::scheduler::multi_thread,tokio/src/runtime/scheduler/multi_thread/worker.rs,524,drop,AbortOnPanic,Drop,Trait impl,Drop / cleanup,False,False,False,
tokio,tokio::runtime::scheduler::multi_thread,tokio/src/runtime/scheduler/multi_thread/worker.rs,570,run,Context,,Private helper,Runtime/task control,False,False,False,
tokio,tokio::runtime::scheduler::multi_thread,tokio/src/runtime/scheduler/multi_thread/worker.rs,647,run_task,Context,,Private helper,Runtime/task control,False,False,False,Running a task may consume the core.
tokio,tokio::runtime::scheduler::multi_thread,tokio/src/runtime/scheduler/multi_thread/worker.rs,798,reset_lifo_enabled,Context,,Private helper,Other / internal logic,False,False,False,
tokio,tokio::runtime::scheduler::multi_thread,tokio/src/runtime/scheduler/multi_thread/worker.rs,802,assert_lifo_enabled_is_correct,Context,,Private helper,Debugging / tracing,False,False,False,
tokio,tokio::runtime::scheduler::multi_thread,tokio/src/runtime/scheduler/multi_thread/worker.rs,809,maintenance,Context,,Private helper,Other / internal logic,False,False,False,
tokio,tokio::runtime::scheduler::multi_thread,tokio/src/runtime/scheduler/multi_thread/worker.rs,839,park,Context,,Private helper,Wake / park,False,False,False,Parks the worker thread while waiting for tasks to execute.
tokio,tokio::runtime::scheduler::multi_thread,tokio/src/runtime/scheduler/multi_thread/worker.rs,869,park_yield,Context,,Private helper,Wake / park,False,False,False,
tokio,tokio::runtime::scheduler::multi_thread,tokio/src/runtime/scheduler/multi_thread/worker.rs,873,park_internal,Context,,Private helper,Wake / park,False,False,False,
tokio,tokio::runtime::scheduler::multi_thread,tokio/src/runtime/scheduler/multi_thread/worker.rs,936,defer,Context,,Crate-internal,Runtime/task control,False,False,False,
tokio,tokio::runtime::scheduler::multi_thread,tokio/src/runtime/scheduler/multi_thread/worker.rs,958,maintain_local_timers_before_parking,Context,,Private helper,Other / internal logic,False,False,False,Maintain local timers before parking the resource driver.
tokio,tokio::runtime::scheduler::multi_thread,tokio/src/runtime/scheduler/multi_thread/worker.rs,1026,maintain_local_timers_after_parking,Context,,Private helper,Other / internal logic,False,False,False,Maintain local timers after unparking the resource driver.
tokio,tokio::runtime::scheduler::multi_thread,tokio/src/runtime/scheduler/multi_thread/worker.rs,1054,with_core,Context,,Private helper,Constructor,False,False,False,
tokio,tokio::runtime::scheduler::multi_thread,tokio/src/runtime/scheduler/multi_thread/worker.rs,1065,with_time_temp_local_context,Context,,Crate-internal,Constructor,False,False,False,
tokio,tokio::runtime::scheduler::multi_thread,tokio/src/runtime/scheduler/multi_thread/worker.rs,1078,worker_index,Context,,Crate-internal,Metrics / counters,False,False,False,
tokio,tokio::runtime::scheduler::multi_thread,tokio/src/runtime/scheduler/multi_thread/worker.rs,1085,tick,Core,,Private helper,Time / timers,False,False,False,Increment the tick
tokio,tokio::runtime::scheduler::multi_thread,tokio/src/runtime/scheduler/multi_thread/worker.rs,1090,next_task,Core,,Private helper,Other / internal logic,False,False,False,Return the next notified task available to this worker.
tokio,tokio::runtime::scheduler::multi_thread,tokio/src/runtime/scheduler/multi_thread/worker.rs,1158,next_local_task,Core,,Private helper,Other / internal logic,False,False,False,
tokio,tokio::runtime::scheduler::multi_thread,tokio/src/runtime/scheduler/multi_thread/worker.rs,1167,steal_work,Core,,Private helper,Data movement,False,False,False,Function responsible for stealing tasks from another worker Note: Only if less than half the workers are searching for tasks to steal a new worker will actually try to steal.
tokio,tokio::runtime::scheduler::multi_thread,tokio/src/runtime/scheduler/multi_thread/worker.rs,1197,transition_to_searching,Core,,Private helper,State transition,False,False,False,
tokio,tokio::runtime::scheduler::multi_thread,tokio/src/runtime/scheduler/multi_thread/worker.rs,1205,transition_from_searching,Core,,Private helper,State transition,False,False,False,
tokio,tokio::runtime::scheduler::multi_thread,tokio/src/runtime/scheduler/multi_thread/worker.rs,1214,has_tasks,Core,,Private helper,Accessor / query,False,False,False,
tokio,tokio::runtime::scheduler::multi_thread,tokio/src/runtime/scheduler/multi_thread/worker.rs,1218,should_notify_others,Core,,Private helper,Other / internal logic,False,False,False,
tokio,tokio::runtime::scheduler::multi_thread,tokio/src/runtime/scheduler/multi_thread/worker.rs,1230,transition_to_parked,Core,,Private helper,State transition,False,False,False,Prepares the worker state for parking.
tokio,tokio::runtime::scheduler::multi_thread,tokio/src/runtime/scheduler/multi_thread/worker.rs,1257,transition_from_parked,Core,,Private helper,State transition,False,False,False,Returns `true` if the transition happened.
tokio,tokio::runtime::scheduler::multi_thread,tokio/src/runtime/scheduler/multi_thread/worker.rs,1289,maintenance,Core,,Private helper,Other / internal logic,False,False,False,Runs maintenance work such as checking the pool's state.
tokio,tokio::runtime::scheduler::multi_thread,tokio/src/runtime/scheduler/multi_thread/worker.rs,1306,pre_shutdown,Core,,Private helper,Other / internal logic,False,False,False,"Signals all tasks to shut down, and waits for them to complete."
tokio,tokio::runtime::scheduler::multi_thread,tokio/src/runtime/scheduler/multi_thread/worker.rs,1323,shutdown,Core,,Private helper,Runtime/task control,False,False,False,Shuts down the core.
tokio,tokio::runtime::scheduler::multi_thread,tokio/src/runtime/scheduler/multi_thread/worker.rs,1333,tune_global_queue_interval,Core,,Private helper,Other / internal logic,False,False,False,
tokio,tokio::runtime::scheduler::multi_thread,tokio/src/runtime/scheduler/multi_thread/worker.rs,1347,inject,Worker,,Private helper,Other / internal logic,False,False,False,Returns a reference to the scheduler's injection queue.
tokio,tokio::runtime::scheduler::multi_thread,tokio/src/runtime/scheduler/multi_thread/worker.rs,1353,schedule_task,Handle,,Crate-internal,Runtime/task control,False,False,False,
tokio,tokio::runtime::scheduler::multi_thread,tokio/src/runtime/scheduler/multi_thread/worker.rs,1379,schedule_option_task_without_yield,Handle,,Crate-internal,Runtime/task control,False,False,False,
tokio,tokio::runtime::scheduler::multi_thread,tokio/src/runtime/scheduler/multi_thread/worker.rs,1385,schedule_local,Handle,,Private helper,Runtime/task control,False,False,False,
tokio,tokio::runtime::scheduler::multi_thread,tokio/src/runtime/scheduler/multi_thread/worker.rs,1419,next_remote_task,Handle,,Private helper,Other / internal logic,False,False,False,
tokio,tokio::runtime::scheduler::multi_thread,tokio/src/runtime/scheduler/multi_thread/worker.rs,1423,push_remote_task,Handle,,Private helper,Data movement,False,False,False,
tokio,tokio::runtime::scheduler::multi_thread,tokio/src/runtime/scheduler/multi_thread/worker.rs,1430,push_remote_timer,Handle,,Crate-internal,Data movement,False,False,False,
tokio,tokio::runtime::scheduler::multi_thread,tokio/src/runtime/scheduler/multi_thread/worker.rs,1440,take_remote_timers,Handle,,Crate-internal,Data movement,False,False,False,
tokio,tokio::runtime::scheduler::multi_thread,tokio/src/runtime/scheduler/multi_thread/worker.rs,1450,close,Handle,,Crate-internal,Data movement,False,False,False,
tokio,tokio::runtime::scheduler::multi_thread,tokio/src/runtime/scheduler/multi_thread/worker.rs,1459,notify_parked_local,Handle,,Private helper,Wake / park,False,False,False,Notify a parked worker.
tokio,tokio::runtime::scheduler::multi_thread,tokio/src/runtime/scheduler/multi_thread/worker.rs,1471,notify_parked_remote,Handle,,Private helper,Wake / park,False,False,False,
tokio,tokio::runtime::scheduler::multi_thread,tokio/src/runtime/scheduler/multi_thread/worker.rs,1477,notify_all,Handle,,Crate-internal,Wake / park,False,False,False,
tokio,tokio::runtime::scheduler::multi_thread,tokio/src/runtime/scheduler/multi_thread/worker.rs,1483,notify_if_work_pending,Handle,,Private helper,Wake / park,False,False,False,
tokio,tokio::runtime::scheduler::multi_thread,tokio/src/runtime/scheduler/multi_thread/worker.rs,1497,transition_worker_from_searching,Handle,,Private helper,State transition,False,False,False,"Returns `true` if another parked worker was notified, `false` otherwise."
tokio,tokio::runtime::scheduler::multi_thread,tokio/src/runtime/scheduler/multi_thread/worker.rs,1511,shutdown_core,Handle,,Private helper,Runtime/task control,False,False,False,Signals that a worker has observed the shutdown signal and has replaced its core back into its handle.
tokio,tokio::runtime::scheduler::multi_thread,tokio/src/runtime/scheduler/multi_thread/worker.rs,1533,ptr_eq,Handle,,Private helper,Handle / reference plumbing,False,False,False,
tokio,tokio::runtime::scheduler::multi_thread,tokio/src/runtime/scheduler/multi_thread/worker.rs,1539,push,Handle,Overflow<Arc<Handle>>,Trait impl,Data movement,False,False,False,
tokio,tokio::runtime::scheduler::multi_thread,tokio/src/runtime/scheduler/multi_thread/worker.rs,1543,push_batch,Handle,Overflow<Arc<Handle>>,Trait impl,Data movement,False,False,False,
tokio,tokio::runtime::scheduler::multi_thread,tokio/src/runtime/scheduler/multi_thread/worker.rs,1559,with_current,,,Private helper,Constructor,False,False,False,
tokio,tokio::runtime::scheduler::multi_thread,tokio/src/runtime/scheduler/multi_thread/worker/metrics.rs,4,injection_queue_depth,Shared,,Crate-internal,Metrics / counters,False,False,False,
tokio,tokio::runtime::scheduler::multi_thread,tokio/src/runtime/scheduler/multi_thread/worker/metrics.rs,11,worker_local_queue_depth,Shared,,Crate-internal,Metrics / counters,False,False,False,
tokio,tokio::runtime::scheduler::multi_thread,tokio/src/runtime/scheduler/multi_thread/worker/taskdump.rs,11,trace_core,Handle,,Crate-internal,Debugging / tracing,False,False,False,
tokio,tokio::runtime::scheduler::multi_thread,tokio/src/runtime/scheduler/multi_thread/worker/taskdump.rs,59,steal_all,Shared,,Crate-internal,Data movement,False,False,False,Steal all tasks from remotes into a single local queue.
tokio,tokio::runtime::scheduler::multi_thread,tokio/src/runtime/scheduler/multi_thread/worker/taskdump_mock.rs,4,trace_core,Handle,,Crate-internal,Debugging / tracing,False,False,False,
tokio,tokio::runtime::scheduler::util,tokio/src/runtime/scheduler/util/time_alt.rs,6,min_duration,,,Crate-internal,Other / internal logic,False,False,False,
tokio,tokio::runtime::scheduler::util,tokio/src/runtime/scheduler/util/time_alt.rs,15,process_registration_queue,,,Crate-internal,Runtime/task control,False,False,False,
tokio,tokio::runtime::scheduler::util,tokio/src/runtime/scheduler/util/time_alt.rs,35,insert_inject_timers,,,Crate-internal,Data movement,False,False,False,
tokio,tokio::runtime::scheduler::util,tokio/src/runtime/scheduler/util/time_alt.rs,55,remove_cancelled_timers,,,Crate-internal,Data movement,False,False,False,
tokio,tokio::runtime::scheduler::util,tokio/src/runtime/scheduler/util/time_alt.rs,68,next_expiration_time,,,Crate-internal,Time / timers,False,False,False,
tokio,tokio::runtime::scheduler::util,tokio/src/runtime/scheduler/util/time_alt.rs,86,pre_auto_advance,,,Crate-internal,Other / internal logic,False,False,False,
tokio,tokio::runtime::scheduler::util,tokio/src/runtime/scheduler/util/time_alt.rs,106,process_expired_timers,,,Crate-internal,Runtime/task control,False,False,False,
tokio,tokio::runtime::scheduler::util,tokio/src/runtime/scheduler/util/time_alt.rs,125,shutdown_local_timers,,,Crate-internal,Runtime/task control,False,False,False,
tokio,tokio::runtime::scheduler::util,tokio/src/runtime/scheduler/util/time_alt.rs,153,post_auto_advance,,,Crate-internal,Other / internal logic,False,False,False,
tokio,tokio::runtime::scheduler::util,tokio/src/runtime/scheduler/util/time_alt.rs,172,pre_auto_advance,,,Crate-internal,Other / internal logic,False,False,False,
tokio,tokio::runtime::scheduler::util,tokio/src/runtime/scheduler/util/time_alt.rs,177,post_auto_advance,,,Crate-internal,Other / internal logic,False,False,False,
tokio,tokio::runtime::signal,tokio/src/runtime/signal/mod.rs,43,new,Driver,,Crate-internal,Constructor,False,False,False,Creates a new signal `Driver` instance that delegates wakeups to `park`.
tokio,tokio::runtime::signal,tokio/src/runtime/signal/mod.rs,85,handle,Driver,,Crate-internal,Handle / reference plumbing,False,False,False,Returns a handle to this event loop which can be sent across threads and can be used as a proxy to the event loop itself.
tokio,tokio::runtime::signal,tokio/src/runtime/signal/mod.rs,91,park,Driver,,Crate-internal,Wake / park,False,False,False,
tokio,tokio::runtime::signal,tokio/src/runtime/signal/mod.rs,96,park_timeout,Driver,,Crate-internal,Wake / park,False,False,False,
tokio,tokio::runtime::signal,tokio/src/runtime/signal/mod.rs,101,shutdown,Driver,,Crate-internal,Runtime/task control,False,False,False,
tokio,tokio::runtime::signal,tokio/src/runtime/signal/mod.rs,105,process,Driver,,Private helper,Other / internal logic,False,False,False,
tokio,tokio::runtime::signal,tokio/src/runtime/signal/mod.rs,133,check_inner,Handle,,Crate-internal,Runtime/task control,False,False,False,
tokio,tokio::runtime::task,tokio/src/runtime/task/abort.rs,28,new,AbortHandle,,Crate-internal,Constructor,False,False,False,
tokio,tokio::runtime::task,tokio/src/runtime/task/abort.rs,53,abort,AbortHandle,,Public API,Lifecycle / ref-count,False,False,False,Abort the task associated with the handle.
tokio,tokio::runtime::task,tokio/src/runtime/task/abort.rs,63,is_finished,AbortHandle,,Public API,Accessor / query,False,False,False,Checks if the task associated with this `AbortHandle` has finished.
tokio,tokio::runtime::task,tokio/src/runtime/task/abort.rs,72,id,AbortHandle,,Public API,Accessor / query,False,False,False,Returns a [task ID] that uniquely identifies this task relative to other currently spawned tasks.
tokio,tokio::runtime::task,tokio/src/runtime/task/abort.rs,85,fmt,AbortHandle,fmt::Debug,Trait impl,Formatting,False,False,False,
tokio,tokio::runtime::task,tokio/src/runtime/task/abort.rs,94,drop,AbortHandle,Drop,Trait impl,Drop / cleanup,False,False,False,
tokio,tokio::runtime::task,tokio/src/runtime/task/abort.rs,101,clone,AbortHandle,Clone,Trait impl,Clone,False,False,False,Returns a cloned `AbortHandle` that can be used to remotely abort this task.
tokio,tokio::runtime::task,tokio/src/runtime/task/core.rs,217,addr_of_owned,Trailer,,Crate-internal,Handle / reference plumbing,False,True,False,
tokio,tokio::runtime::task,tokio/src/runtime/task/core.rs,234,new,"Cell<T, S>",,Crate-internal,Constructor,False,False,False,"Allocates a new task cell, containing the header, trailer, and core structures."
tokio,tokio::runtime::task,tokio/src/runtime/task/core.rs,242,new_header,,,Private helper,Constructor,False,False,False,
tokio,tokio::runtime::task,tokio/src/runtime/task/core.rs,283,check,,,Private helper,Other / internal logic,False,True,False,
tokio,tokio::runtime::task,tokio/src/runtime/task/core.rs,328,with_mut,CoreStage<T>,,Crate-internal,Constructor,False,False,False,
tokio,tokio::runtime::task,tokio/src/runtime/task/core.rs,340,enter,TaskIdGuard,,Private helper,Runtime/task control,False,False,False,
tokio,tokio::runtime::task,tokio/src/runtime/task/core.rs,348,drop,TaskIdGuard,Drop,Trait impl,Drop / cleanup,False,False,False,
tokio,tokio::runtime::task,tokio/src/runtime/task/core.rs,367,poll,"Core<T, S>",,Crate-internal,Poll function,False,False,False,Polls the future.
tokio,tokio::runtime::task,tokio/src/runtime/task/core.rs,396,drop_future_or_output,"Core<T, S>",,Crate-internal,Lifecycle / ref-count,False,False,False,Drops the future.
tokio,tokio::runtime::task,tokio/src/runtime/task/core.rs,408,store_output,"Core<T, S>",,Crate-internal,Other / internal logic,False,False,False,Stores the task output.
tokio,tokio::runtime::task,tokio/src/runtime/task/core.rs,420,take_output,"Core<T, S>",,Crate-internal,Data movement,False,False,False,Takes the task output.
tokio,tokio::runtime::task,tokio/src/runtime/task/core.rs,432,set_stage,"Core<T, S>",,Private helper,Configuration / setter,False,True,False,
tokio,tokio::runtime::task,tokio/src/runtime/task/core.rs,439,set_next,Header,,Crate-internal,Configuration / setter,False,True,False,
tokio,tokio::runtime::task,tokio/src/runtime/task/core.rs,446,set_owner_id,Header,,Crate-internal,Configuration / setter,False,True,False,
tokio,tokio::runtime::task,tokio/src/runtime/task/core.rs,450,get_owner_id,Header,,Crate-internal,Accessor / query,False,False,False,
tokio,tokio::runtime::task,tokio/src/runtime/task/core.rs,461,get_trailer,Header,,Crate-internal,Accessor / query,False,True,False,Gets a pointer to the `Trailer` of the task containing this `Header`.
tokio,tokio::runtime::task,tokio/src/runtime/task/core.rs,475,get_scheduler,Header,,Crate-internal,Accessor / query,False,True,False,Gets a pointer to the scheduler of the task containing this `Header`.
tokio,tokio::runtime::task,tokio/src/runtime/task/core.rs,486,get_id_ptr,Header,,Crate-internal,Accessor / query,False,True,False,Gets a pointer to the id of the task containing this `Header`.
tokio,tokio::runtime::task,tokio/src/runtime/task/core.rs,497,get_id,Header,,Crate-internal,Accessor / query,False,True,False,Gets the id of the task containing this `Header`.
tokio,tokio::runtime::task,tokio/src/runtime/task/core.rs,509,get_spawn_location_ptr,Header,,Crate-internal,Accessor / query,False,True,False,Gets a pointer to the source code location where the task containing this `Header` was spawned.
tokio,tokio::runtime::task,tokio/src/runtime/task/core.rs,528,get_spawn_location,Header,,Crate-internal,Accessor / query,False,True,False,Gets the source code location where the task containing this `Header` was spawned
tokio,tokio::runtime::task,tokio/src/runtime/task/core.rs,539,get_tracing_id,Header,,Crate-internal,Accessor / query,False,True,False,Gets the tracing id of the task containing this `Header`.
tokio,tokio::runtime::task,tokio/src/runtime/task/core.rs,549,set_scheduled_at,Header,,Crate-internal,Configuration / setter,False,True,False,Updates the last time this task was scheduled.
tokio,tokio::runtime::task,tokio/src/runtime/task/core.rs,554,get_scheduled_at,Header,,Crate-internal,Accessor / query,False,False,False,Gets the last time this task was scheduled.
tokio,tokio::runtime::task,tokio/src/runtime/task/core.rs,562,new,Trailer,,Private helper,Constructor,False,False,False,
tokio,tokio::runtime::task,tokio/src/runtime/task/core.rs,570,set_waker,Trailer,,Crate-internal,Configuration / setter,False,True,False,
tokio,tokio::runtime::task,tokio/src/runtime/task/core.rs,576,will_wake,Trailer,,Crate-internal,Other / internal logic,False,True,False,
tokio,tokio::runtime::task,tokio/src/runtime/task/core.rs,581,wake_join,Trailer,,Crate-internal,Wake / park,False,False,False,
tokio,tokio::runtime::task,tokio/src/runtime/task/core.rs,591,header_lte_cache_line,,,Private helper,Handle / reference plumbing,False,False,False,
tokio,tokio::runtime::task,tokio/src/runtime/task/error.rs,21,cancelled,JoinError,,Crate-internal,Lifecycle / ref-count,False,False,False,
tokio,tokio::runtime::task,tokio/src/runtime/task/error.rs,28,panic,JoinError,,Crate-internal,Other / internal logic,False,False,False,
tokio,tokio::runtime::task,tokio/src/runtime/task/error.rs,40,is_cancelled,JoinError,,Public API,Accessor / query,False,False,False,Returns true if the error was caused by the task being cancelled.
tokio,tokio::runtime::task,tokio/src/runtime/task/error.rs,63,is_panic,JoinError,,Public API,Accessor / query,False,False,False,Returns true if the error was caused by the task panicking.
tokio,tokio::runtime::task,tokio/src/runtime/task/error.rs,93,into_panic,JoinError,,Public API,Conversion,False,False,False,"Consumes the join error, returning the object with which the task panicked."
tokio,tokio::runtime::task,tokio/src/runtime/task/error.rs,119,try_into_panic,JoinError,,Public API,Non-blocking attempt,False,False,False,"Consumes the join error, returning the object with which the task panicked if the task terminated due to a panic."
tokio,tokio::runtime::task,tokio/src/runtime/task/error.rs,130,id,JoinError,,Public API,Accessor / query,False,False,False,Returns a [task ID] that identifies the task which errored relative to other currently spawned tasks.
tokio,tokio::runtime::task,tokio/src/runtime/task/error.rs,136,fmt,JoinError,fmt::Display,Trait impl,Formatting,False,False,False,
tokio,tokio::runtime::task,tokio/src/runtime/task/error.rs,156,fmt,JoinError,fmt::Debug,Trait impl,Formatting,False,False,False,
tokio,tokio::runtime::task,tokio/src/runtime/task/error.rs,172,from,io::Error,From<JoinError>,Trait impl,Conversion,False,False,False,
tokio,tokio::runtime::task,tokio/src/runtime/task/error.rs,180,panic_payload_as_str,,,Private helper,Other / internal logic,False,False,False,
tokio,tokio::runtime::task,tokio/src/runtime/task/harness.rs,26,from_raw,"Harness<T, S>",,Crate-internal,Conversion,False,True,False,
tokio,tokio::runtime::task,tokio/src/runtime/task/harness.rs,32,header_ptr,"Harness<T, S>",,Private helper,Handle / reference plumbing,False,False,False,
tokio,tokio::runtime::task,tokio/src/runtime/task/harness.rs,36,header,"Harness<T, S>",,Private helper,Handle / reference plumbing,False,False,False,
tokio,tokio::runtime::task,tokio/src/runtime/task/harness.rs,40,state,"Harness<T, S>",,Private helper,Other / internal logic,False,False,False,
tokio,tokio::runtime::task,tokio/src/runtime/task/harness.rs,44,trailer,"Harness<T, S>",,Private helper,Other / internal logic,False,False,False,
tokio,tokio::runtime::task,tokio/src/runtime/task/harness.rs,48,core,"Harness<T, S>",,Private helper,Other / internal logic,False,False,False,
tokio,tokio::runtime::task,tokio/src/runtime/task/harness.rs,57,drop_reference,RawTask,,Crate-internal,Lifecycle / ref-count,False,False,False,
tokio,tokio::runtime::task,tokio/src/runtime/task/harness.rs,68,wake_by_val,RawTask,,Crate-internal,Wake / park,False,False,False,This call consumes a ref-count and notifies the task.
tokio,tokio::runtime::task,tokio/src/runtime/task/harness.rs,96,wake_by_ref,RawTask,,Crate-internal,Wake / park,False,False,False,This call notifies the task.
tokio,tokio::runtime::task,tokio/src/runtime/task/harness.rs,118,remote_abort,RawTask,,Crate-internal,Other / internal logic,False,False,False,Remotely aborts the task.
tokio,tokio::runtime::task,tokio/src/runtime/task/harness.rs,133,try_set_join_waker,RawTask,,Crate-internal,Non-blocking attempt,False,False,False,Try to set the waker notified when the task is complete.
tokio,tokio::runtime::task,tokio/src/runtime/task/harness.rs,143,drop_reference,"Harness<T, S>",,Crate-internal,Lifecycle / ref-count,False,False,False,
tokio,tokio::runtime::task,tokio/src/runtime/task/harness.rs,153,poll,"Harness<T, S>",,Crate-internal,Poll function,False,False,False,Polls the inner future.
tokio,tokio::runtime::task,tokio/src/runtime/task/harness.rs,193,poll_inner,"Harness<T, S>",,Private helper,Poll function,False,False,False,Polls the task and cancel it if necessary.
tokio,tokio::runtime::task,tokio/src/runtime/task/harness.rs,199,transition_result_to_poll_future,,,Private helper,State transition,False,False,False,
tokio,tokio::runtime::task,tokio/src/runtime/task/harness.rs,240,shutdown,"Harness<T, S>",,Crate-internal,Runtime/task control,False,False,False,Forcibly shuts down the task.
tokio,tokio::runtime::task,tokio/src/runtime/task/harness.rs,253,dealloc,"Harness<T, S>",,Crate-internal,Lifecycle / ref-count,False,False,False,
tokio,tokio::runtime::task,tokio/src/runtime/task/harness.rs,281,try_read_output,"Harness<T, S>",,Crate-internal,Non-blocking attempt,False,False,False,Read the task output into `dst`.
tokio,tokio::runtime::task,tokio/src/runtime/task/harness.rs,287,drop_join_handle_slow,"Harness<T, S>",,Crate-internal,Lifecycle / ref-count,False,False,False,
tokio,tokio::runtime::task,tokio/src/runtime/task/harness.rs,331,complete,"Harness<T, S>",,Private helper,Runtime/task control,False,False,False,Completes the task.
tokio,tokio::runtime::task,tokio/src/runtime/task/harness.rs,394,release,"Harness<T, S>",,Private helper,Locking / permits,False,False,False,Releases the task from the scheduler.
tokio,tokio::runtime::task,tokio/src/runtime/task/harness.rs,415,get_new_task,"Harness<T, S>",,Private helper,Accessor / query,False,False,False,Creates a new task that holds its own ref-count.
tokio,tokio::runtime::task,tokio/src/runtime/task/harness.rs,422,can_read_output,,,Private helper,Other / internal logic,False,False,False,
tokio,tokio::runtime::task,tokio/src/runtime/task/harness.rs,466,set_join_waker,,,Private helper,Configuration / setter,False,False,False,
tokio,tokio::runtime::task,tokio/src/runtime/task/harness.rs,502,cancel_task,,,Private helper,Lifecycle / ref-count,False,False,False,Cancels the task and store the appropriate error in the stage field.
tokio,tokio::runtime::task,tokio/src/runtime/task/harness.rs,511,panic_result_to_join_error,,,Private helper,Other / internal logic,False,False,False,
tokio,tokio::runtime::task,tokio/src/runtime/task/harness.rs,523,poll_future,,,Private helper,Poll function,False,False,False,Polls the future.
tokio,tokio::runtime::task,tokio/src/runtime/task/harness.rs,530,drop,"Guard<'a, T, S>",Drop,Trait impl,Drop / cleanup,False,False,False,
tokio,tokio::runtime::task,tokio/src/runtime/task/harness.rs,562,panic_to_error,,,Private helper,Other / internal logic,False,False,False,
tokio,tokio::runtime::task,tokio/src/runtime/task/id.rs,45,id,,,Public API,Accessor / query,False,False,False,Returns the [`Id`] of the currently running task.
tokio,tokio::runtime::task,tokio/src/runtime/task/id.rs,58,try_id,,,Public API,Non-blocking attempt,False,False,False,"Returns the [`Id`] of the currently running task, or `None` if called outside of a task."
tokio,tokio::runtime::task,tokio/src/runtime/task/id.rs,63,fmt,Id,fmt::Display,Trait impl,Formatting,False,False,False,
tokio,tokio::runtime::task,tokio/src/runtime/task/id.rs,69,next,Id,,Crate-internal,Combinator / iteration,False,False,False,
tokio,tokio::runtime::task,tokio/src/runtime/task/id.rs,88,as_u64,Id,,Crate-internal,Conversion,False,False,False,
tokio,tokio::runtime::task,tokio/src/runtime/task/join.rs,176,new,JoinHandle<T>,,Crate-internal,Constructor,False,False,False,
tokio,tokio::runtime::task,tokio/src/runtime/task/join.rs,227,abort,JoinHandle<T>,,Public API,Lifecycle / ref-count,False,False,False,Abort the task associated with the handle.
tokio,tokio::runtime::task,tokio/src/runtime/task/join.rs,258,is_finished,JoinHandle<T>,,Public API,Accessor / query,False,False,False,Checks if the task associated with this `JoinHandle` has finished.
tokio,tokio::runtime::task,tokio/src/runtime/task/join.rs,264,set_join_waker,JoinHandle<T>,,Crate-internal,Configuration / setter,False,False,False,Set the waker that is notified when the task completes.
tokio,tokio::runtime::task,tokio/src/runtime/task/join.rs,307,abort_handle,JoinHandle<T>,,Public API,Lifecycle / ref-count,False,False,False,Returns a new `AbortHandle` that can be used to remotely abort this task.
tokio,tokio::runtime::task,tokio/src/runtime/task/join.rs,316,id,JoinHandle<T>,,Public API,Accessor / query,False,False,False,Returns a [task ID] that uniquely identifies this task relative to other currently spawned tasks.
tokio,tokio::runtime::task,tokio/src/runtime/task/join.rs,327,poll,JoinHandle<T>,Future,Trait impl,Future impl (poll),False,False,False,
tokio,tokio::runtime::task,tokio/src/runtime/task/join.rs,358,drop,JoinHandle<T>,Drop,Trait impl,Drop / cleanup,False,False,False,
tokio,tokio::runtime::task,tokio/src/runtime/task/join.rs,371,fmt,JoinHandle<T>,fmt::Debug,Trait impl,Formatting,False,False,False,
tokio,tokio::runtime::task,tokio/src/runtime/task/list.rs,33,get_next_id,,,Private helper,Accessor / query,False,False,False,
tokio,tokio::runtime::task,tokio/src/runtime/task/list.rs,48,get_next_id,,,Private helper,Accessor / query,False,False,False,
tokio,tokio::runtime::task,tokio/src/runtime/task/list.rs,76,new,OwnedTasks<S>,,Crate-internal,Constructor,False,False,False,
tokio,tokio::runtime::task,tokio/src/runtime/task/list.rs,87,bind,OwnedTasks<S>,,Crate-internal,Networking,False,False,False,Binds the provided task to this `OwnedTasks` instance.
tokio,tokio::runtime::task,tokio/src/runtime/task/list.rs,109,bind_local,OwnedTasks<S>,,Crate-internal,Networking,False,True,False,Bind a task that isn't safe to transfer across thread boundaries.
tokio,tokio::runtime::task,tokio/src/runtime/task/list.rs,127,bind_inner,OwnedTasks<S>,,Private helper,Networking,False,True,False,The part of `bind` that's the same for every type of future.
tokio,tokio::runtime::task,tokio/src/runtime/task/list.rs,152,assert_owner,OwnedTasks<S>,,Crate-internal,Debugging / tracing,False,False,False,"Asserts that the given task is owned by this `OwnedTasks` and convert it to a `LocalNotified`, giving the thread permission to poll this task."
tokio,tokio::runtime::task,tokio/src/runtime/task/list.rs,167,close_and_shutdown_all,OwnedTasks<S>,,Crate-internal,Data movement,False,False,False,Shuts down all tasks in the collection.
tokio,tokio::runtime::task,tokio/src/runtime/task/list.rs,186,get_shard_size,OwnedTasks<S>,,Crate-internal,Accessor / query,False,False,False,
tokio,tokio::runtime::task,tokio/src/runtime/task/list.rs,190,num_alive_tasks,OwnedTasks<S>,,Crate-internal,Accessor / query,False,False,False,
tokio,tokio::runtime::task,tokio/src/runtime/task/list.rs,196,spawned_tasks_count,OwnedTasks<S>,,Crate-internal,Runtime/task control,False,False,False,
tokio,tokio::runtime::task,tokio/src/runtime/task/list.rs,202,remove,OwnedTasks<S>,,Crate-internal,Data movement,False,False,False,
tokio,tokio::runtime::task,tokio/src/runtime/task/list.rs,214,is_empty,OwnedTasks<S>,,Crate-internal,Accessor / query,False,False,False,
tokio,tokio::runtime::task,tokio/src/runtime/task/list.rs,229,gen_sharded_list_size,OwnedTasks<S>,,Private helper,Other / internal logic,False,False,False,Generates the size of the sharded list based on the number of worker threads.
tokio,tokio::runtime::task,tokio/src/runtime/task/list.rs,238,for_each,OwnedTasks<S>,,Crate-internal,Combinator / iteration,False,False,False,"Locks the tasks, and calls `f` on an iterator over them."
tokio,tokio::runtime::task,tokio/src/runtime/task/list.rs,248,new,LocalOwnedTasks<S>,,Crate-internal,Constructor,False,False,False,
tokio,tokio::runtime::task,tokio/src/runtime/task/list.rs,259,bind,LocalOwnedTasks<S>,,Crate-internal,Networking,False,False,False,
tokio,tokio::runtime::task,tokio/src/runtime/task/list.rs,293,close_and_shutdown_all,LocalOwnedTasks<S>,,Crate-internal,Data movement,False,False,False,Shuts down all tasks in the collection.
tokio,tokio::runtime::task,tokio/src/runtime/task/list.rs,304,remove,LocalOwnedTasks<S>,,Crate-internal,Data movement,False,False,False,
tokio,tokio::runtime::task,tokio/src/runtime/task/list.rs,320,assert_owner,LocalOwnedTasks<S>,,Crate-internal,Debugging / tracing,False,False,False,"Asserts that the given task is owned by this `LocalOwnedTasks` and convert it to a `LocalNotified`, giving the thread permission to poll this task."
tokio,tokio::runtime::task,tokio/src/runtime/task/list.rs,333,with_inner,LocalOwnedTasks<S>,,Private helper,Constructor,False,False,False,
tokio,tokio::runtime::task,tokio/src/runtime/task/list.rs,343,is_closed,LocalOwnedTasks<S>,,Crate-internal,Accessor / query,False,False,False,
tokio,tokio::runtime::task,tokio/src/runtime/task/list.rs,347,is_empty,LocalOwnedTasks<S>,,Crate-internal,Accessor / query,False,False,False,
tokio,tokio::runtime::task,tokio/src/runtime/task/list.rs,359,test_id_not_broken,,,Test,Other / internal logic,False,False,False,
tokio,tokio::runtime::task,tokio/src/runtime/task/mod.rs,248,set_scheduled_at,Notified<S>,,Crate-internal,Configuration / setter,False,False,False,
tokio,tokio::runtime::task,tokio/src/runtime/task/mod.rs,274,task_meta,LocalNotified<S>,,Crate-internal,Other / internal logic,False,False,False,
tokio,tokio::runtime::task,tokio/src/runtime/task/mod.rs,281,get_scheduled_at,LocalNotified<S>,,Crate-internal,Accessor / query,False,False,False,
tokio,tokio::runtime::task,tokio/src/runtime/task/mod.rs,312,release,trait Schedule,,Trait method (declaration/default),Locking / permits,False,False,False,The task has completed work and is ready to be released.
tokio,tokio::runtime::task,tokio/src/runtime/task/mod.rs,315,schedule,trait Schedule,,Trait method (declaration/default),Runtime/task control,False,False,False,Schedule the task
tokio,tokio::runtime::task,tokio/src/runtime/task/mod.rs,317,hooks,trait Schedule,,Trait method (declaration/default),Other / internal logic,False,False,False,
tokio,tokio::runtime::task,tokio/src/runtime/task/mod.rs,321,yield_now,trait Schedule,,Trait method (declaration/default),Other / internal logic,False,False,False,"Schedule the task to run in the near future, yielding the thread to other tasks."
tokio,tokio::runtime::task,tokio/src/runtime/task/mod.rs,326,unhandled_panic,trait Schedule,,Trait method (declaration/default),Other / internal logic,False,False,False,Polling the task resulted in a panic.
tokio,tokio::runtime::task,tokio/src/runtime/task/mod.rs,336,new_task,,,Private helper,Constructor,False,False,False,This is the constructor for a new task.
tokio,tokio::runtime::task,tokio/src/runtime/task/mod.rs,370,unowned,,,Crate-internal,Other / internal logic,False,False,False,Creates a new task with an associated join handle.
tokio,tokio::runtime::task,tokio/src/runtime/task/mod.rs,402,new,Task<S>,,Private helper,Constructor,False,True,False,
tokio,tokio::runtime::task,tokio/src/runtime/task/mod.rs,412,from_raw,Task<S>,,Private helper,Conversion,False,True,False,# Safety `ptr` must be a valid pointer to a [`Header`].
tokio,tokio::runtime::task,tokio/src/runtime/task/mod.rs,417,as_raw,Task<S>,,Crate-internal,Conversion,False,False,False,
tokio,tokio::runtime::task,tokio/src/runtime/task/mod.rs,422,header,Task<S>,,Private helper,Handle / reference plumbing,False,False,False,
tokio,tokio::runtime::task,tokio/src/runtime/task/mod.rs,426,header_ptr,Task<S>,,Private helper,Handle / reference plumbing,False,False,False,
tokio,tokio::runtime::task,tokio/src/runtime/task/mod.rs,435,id,Task<S>,,Crate-internal,Accessor / query,False,False,False,Returns a [task ID] that uniquely identifies this task relative to other currently spawned tasks.
tokio,tokio::runtime::task,tokio/src/runtime/task/mod.rs,441,spawned_at,Task<S>,,Crate-internal,Runtime/task control,False,False,False,
tokio,tokio::runtime::task,tokio/src/runtime/task/mod.rs,450,task_meta,Task<S>,,Crate-internal,Other / internal logic,False,False,False,
tokio,tokio::runtime::task,tokio/src/runtime/task/mod.rs,467,notify_for_tracing,Task<S>,,Crate-internal,Wake / park,False,False,False,Notify the task for task dumping.
tokio,tokio::runtime::task,tokio/src/runtime/task/mod.rs,481,header,Notified<S>,,Private helper,Handle / reference plumbing,False,False,False,
tokio,tokio::runtime::task,tokio/src/runtime/task/mod.rs,487,task_id,Notified<S>,,Crate-internal,Other / internal logic,False,False,False,
tokio,tokio::runtime::task,tokio/src/runtime/task/mod.rs,496,from_raw,Notified<S>,,Crate-internal,Conversion,False,True,False,# Safety [`RawTask::ptr`] must be a valid pointer to a [`Header`].
tokio,tokio::runtime::task,tokio/src/runtime/task/mod.rs,502,into_raw,Notified<S>,,Crate-internal,Conversion,False,False,False,
tokio,tokio::runtime::task,tokio/src/runtime/task/mod.rs,511,shutdown,Task<S>,,Crate-internal,Runtime/task control,False,False,False,Preemptively cancels the task as part of the shutdown process.
tokio,tokio::runtime::task,tokio/src/runtime/task/mod.rs,520,run,LocalNotified<S>,,Crate-internal,Runtime/task control,False,False,False,Runs the task.
tokio,tokio::runtime::task,tokio/src/runtime/task/mod.rs,530,waker_ref,LocalNotified<S>,,Crate-internal,Wake / park,False,False,False,Returns a `WakerRef` borrowing from this task.
tokio,tokio::runtime::task,tokio/src/runtime/task/mod.rs,540,into_notified,UnownedTask<S>,,Test,Conversion,False,False,False,
tokio,tokio::runtime::task,tokio/src/runtime/task/mod.rs,544,into_task,UnownedTask<S>,,Private helper,Conversion,False,False,False,
tokio,tokio::runtime::task,tokio/src/runtime/task/mod.rs,558,run,UnownedTask<S>,,Crate-internal,Runtime/task control,False,False,False,
tokio,tokio::runtime::task,tokio/src/runtime/task/mod.rs,574,shutdown,UnownedTask<S>,,Crate-internal,Runtime/task control,False,False,False,
tokio,tokio::runtime::task,tokio/src/runtime/task/mod.rs,580,drop,Task<S>,Drop,Trait impl,Drop / cleanup,False,False,False,
tokio,tokio::runtime::task,tokio/src/runtime/task/mod.rs,590,drop,UnownedTask<S>,Drop,Trait impl,Drop / cleanup,False,False,False,
tokio,tokio::runtime::task,tokio/src/runtime/task/mod.rs,600,fmt,Task<S>,fmt::Debug,Trait impl,Formatting,False,False,False,
tokio,tokio::runtime::task,tokio/src/runtime/task/mod.rs,606,fmt,Notified<S>,fmt::Debug,Trait impl,Formatting,False,False,False,
tokio,tokio::runtime::task,tokio/src/runtime/task/mod.rs,618,as_raw,Task<S>,linked_list::Link,Trait impl,Intrusive-list link,False,False,False,
tokio,tokio::runtime::task,tokio/src/runtime/task/mod.rs,622,from_raw,Task<S>,linked_list::Link,Trait impl,Intrusive-list link,False,True,False,
tokio,tokio::runtime::task,tokio/src/runtime/task/mod.rs,626,pointers,Task<S>,linked_list::Link,Trait impl,Intrusive-list link,False,True,False,
tokio,tokio::runtime::task,tokio/src/runtime/task/mod.rs,637,get_shard_id,Task<S>,sharded_list::ShardedListItem,Trait impl,Accessor / query,False,True,False,
tokio,tokio::runtime::task,tokio/src/runtime/task/mod.rs,655,from,SpawnLocation,From<&'static Location<'static>>,Trait impl,Conversion,False,False,False,
tokio,tokio::runtime::task,tokio/src/runtime/task/mod.rs,669,from,SpawnLocation,From<&'static Location<'static>>,Trait impl,Conversion,False,False,False,
tokio,tokio::runtime::task,tokio/src/runtime/task/mod.rs,676,spawn_location_is_zero_sized,,,Test,Runtime/task control,False,False,False,
tokio,tokio::runtime::task,tokio/src/runtime/task/mod.rs,684,capture,SpawnLocation,,Crate-internal,Other / internal logic,False,False,False,
tokio,tokio::runtime::task,tokio/src/runtime/task/raw.rs,61,vtable,,,Crate-internal,Other / internal logic,False,False,False,Get the vtable for the requested `T` and `S` generics.
tokio,tokio::runtime::task,tokio/src/runtime/task/raw.rs,125,get_trailer_offset,,,Private helper,Accessor / query,False,False,True,"Compute the offset of the `Trailer` field in `Cell<T, S>` using the `#[repr(C)]` algorithm."
tokio,tokio::runtime::task,tokio/src/runtime/task/raw.rs,152,get_core_offset,,,Private helper,Accessor / query,False,False,True,"Compute the offset of the `Core<T, S>` field in `Cell<T, S>` using the `#[repr(C)]` algorithm."
tokio,tokio::runtime::task,tokio/src/runtime/task/raw.rs,168,get_id_offset,,,Private helper,Accessor / query,False,False,True,"Compute the offset of the `Id` field in `Cell<T, S>` using the `#[repr(C)]` algorithm."
tokio,tokio::runtime::task,tokio/src/runtime/task/raw.rs,191,get_spawn_location_offset,,,Private helper,Accessor / query,False,False,True,"Compute the offset of the `&'static Location<'static>` field in `Cell<T, S>` using the `#[repr(C)]` algorithm."
tokio,tokio::runtime::task,tokio/src/runtime/task/raw.rs,211,new,RawTask,,Crate-internal,Constructor,False,False,False,
tokio,tokio::runtime::task,tokio/src/runtime/task/raw.rs,237,from_raw,RawTask,,Crate-internal,Conversion,False,True,False,# Safety `ptr` must be a valid pointer to a [`Header`].
tokio,tokio::runtime::task,tokio/src/runtime/task/raw.rs,241,header_ptr,RawTask,,Crate-internal,Handle / reference plumbing,False,False,False,
tokio,tokio::runtime::task,tokio/src/runtime/task/raw.rs,246,header_ptr_ref,RawTask,,Crate-internal,Handle / reference plumbing,False,False,False,
tokio,tokio::runtime::task,tokio/src/runtime/task/raw.rs,251,trailer_ptr,RawTask,,Crate-internal,Other / internal logic,False,False,False,
tokio,tokio::runtime::task,tokio/src/runtime/task/raw.rs,256,header,RawTask,,Crate-internal,Handle / reference plumbing,False,False,False,Returns a reference to the task's header.
tokio,tokio::runtime::task,tokio/src/runtime/task/raw.rs,261,trailer,RawTask,,Crate-internal,Other / internal logic,False,False,False,Returns a reference to the task's trailer.
tokio,tokio::runtime::task,tokio/src/runtime/task/raw.rs,266,state,RawTask,,Crate-internal,Other / internal logic,False,False,False,Returns a reference to the task's state.
tokio,tokio::runtime::task,tokio/src/runtime/task/raw.rs,271,poll,RawTask,,Crate-internal,Poll function,False,False,False,Safety: mutual exclusion is required to call this function.
tokio,tokio::runtime::task,tokio/src/runtime/task/raw.rs,276,schedule,RawTask,,Crate-internal,Runtime/task control,False,False,False,
tokio,tokio::runtime::task,tokio/src/runtime/task/raw.rs,281,dealloc,RawTask,,Crate-internal,Lifecycle / ref-count,False,False,False,
tokio,tokio::runtime::task,tokio/src/runtime/task/raw.rs,290,try_read_output,RawTask,,Crate-internal,Non-blocking attempt,False,True,False,Safety: `dst` must be a `*mut Poll<super::Result<T::Output>>` where `T` is the future stored by the task.
tokio,tokio::runtime::task,tokio/src/runtime/task/raw.rs,295,drop_join_handle_slow,RawTask,,Crate-internal,Lifecycle / ref-count,False,False,False,
tokio,tokio::runtime::task,tokio/src/runtime/task/raw.rs,300,drop_abort_handle,RawTask,,Crate-internal,Lifecycle / ref-count,False,False,False,
tokio,tokio::runtime::task,tokio/src/runtime/task/raw.rs,305,shutdown,RawTask,,Crate-internal,Runtime/task control,False,False,False,
tokio,tokio::runtime::task,tokio/src/runtime/task/raw.rs,313,ref_inc,RawTask,,Crate-internal,Lifecycle / ref-count,False,False,False,Increment the task's reference count.
tokio,tokio::runtime::task,tokio/src/runtime/task/raw.rs,322,get_queue_next,RawTask,,Crate-internal,Accessor / query,False,True,False,Get the queue-next pointer This is for usage by the injection queue Safety: make sure only one queue uses this and access is synchronized.
tokio,tokio::runtime::task,tokio/src/runtime/task/raw.rs,334,set_queue_next,RawTask,,Crate-internal,Configuration / setter,False,True,False,Sets the queue-next pointer This is for usage by the injection queue Safety: make sure only one queue uses this and access is synchronized.
tokio,tokio::runtime::task,tokio/src/runtime/task/raw.rs,341,poll,,,Private helper,Poll function,False,True,False,
tokio,tokio::runtime::task,tokio/src/runtime/task/raw.rs,346,schedule,,,Private helper,Runtime/task control,False,True,False,
tokio,tokio::runtime::task,tokio/src/runtime/task/raw.rs,355,dealloc,,,Private helper,Lifecycle / ref-count,False,True,False,
tokio,tokio::runtime::task,tokio/src/runtime/task/raw.rs,360,try_read_output,,,Private helper,Non-blocking attempt,False,True,False,
tokio,tokio::runtime::task,tokio/src/runtime/task/raw.rs,371,drop_join_handle_slow,,,Private helper,Lifecycle / ref-count,False,True,False,
tokio,tokio::runtime::task,tokio/src/runtime/task/raw.rs,376,drop_abort_handle,,,Private helper,Lifecycle / ref-count,False,True,False,
tokio,tokio::runtime::task,tokio/src/runtime/task/raw.rs,381,shutdown,,,Private helper,Runtime/task control,False,True,False,
tokio,tokio::runtime::task,tokio/src/runtime/task/state.rs,102,new,State,,Crate-internal,Constructor,False,False,False,Returns a task's initial state.
tokio,tokio::runtime::task,tokio/src/runtime/task/state.rs,111,load,State,,Crate-internal,Other / internal logic,False,False,False,"Loads the current state, establishes `Acquire` ordering."
tokio,tokio::runtime::task,tokio/src/runtime/task/state.rs,117,transition_to_running,State,,Crate-internal,State transition,False,False,False,Attempts to transition the lifecycle to `Running`.
tokio,tokio::runtime::task,tokio/src/runtime/task/state.rs,151,transition_to_idle,State,,Crate-internal,State transition,False,False,False,Transitions the task from `Running` -> `Idle`.
tokio,tokio::runtime::task,tokio/src/runtime/task/state.rs,184,transition_to_complete,State,,Crate-internal,State transition,False,False,False,Transitions the task from `Running` -> `Complete`.
tokio,tokio::runtime::task,tokio/src/runtime/task/state.rs,198,transition_to_terminal,State,,Crate-internal,State transition,False,False,False,"Transitions from `Complete` -> `Terminal`, decrementing the reference count the specified number of times."
tokio,tokio::runtime::task,tokio/src/runtime/task/state.rs,215,transition_to_notified_by_val,State,,Crate-internal,State transition,False,False,False,Transitions the state to `NOTIFIED`.
tokio,tokio::runtime::task,tokio/src/runtime/task/state.rs,253,transition_to_notified_by_ref,State,,Crate-internal,State transition,False,False,False,Transitions the state to `NOTIFIED`.
tokio,tokio::runtime::task,tokio/src/runtime/task/state.rs,286,transition_to_notified_for_tracing,State,,Crate-internal,State transition,False,False,False,"Transitions the state to `NOTIFIED` if idle and not already notified, increasing the ref count."
tokio,tokio::runtime::task,tokio/src/runtime/task/state.rs,303,transition_to_notified_and_cancel,State,,Crate-internal,State transition,False,False,False,Sets the cancelled bit and transitions the state to `NOTIFIED` if idle.
tokio,tokio::runtime::task,tokio/src/runtime/task/state.rs,338,transition_to_shutdown,State,,Crate-internal,State transition,False,False,False,Sets the `CANCELLED` bit and attempts to transition to `Running`.
tokio,tokio::runtime::task,tokio/src/runtime/task/state.rs,360,drop_join_handle_fast,State,,Crate-internal,Lifecycle / ref-count,False,False,False,Optimistically tries to swap the state assuming the join handle is __immediately__ dropped on spawn.
tokio,tokio::runtime::task,tokio/src/runtime/task/state.rs,385,transition_to_join_handle_dropped,State,,Crate-internal,State transition,False,False,False,Unsets the `JOIN_INTEREST` flag.
tokio,tokio::runtime::task,tokio/src/runtime/task/state.rs,427,set_join_waker,State,,Crate-internal,Configuration / setter,False,False,False,Sets the `JOIN_WAKER` bit.
tokio,tokio::runtime::task,tokio/src/runtime/task/state.rs,447,unset_waker,State,,Crate-internal,Configuration / setter,False,False,False,Unsets the `JOIN_WAKER` bit.
tokio,tokio::runtime::task,tokio/src/runtime/task/state.rs,469,unset_waker_after_complete,State,,Crate-internal,Configuration / setter,False,False,False,Unsets the `JOIN_WAKER` bit unconditionally after task completion.
tokio,tokio::runtime::task,tokio/src/runtime/task/state.rs,476,ref_inc,State,,Crate-internal,Lifecycle / ref-count,False,False,False,
tokio,tokio::runtime::task,tokio/src/runtime/task/state.rs,500,ref_dec,State,,Crate-internal,Lifecycle / ref-count,False,False,False,Returns `true` if the task should be released.
tokio,tokio::runtime::task,tokio/src/runtime/task/state.rs,507,ref_dec_twice,State,,Crate-internal,Lifecycle / ref-count,False,False,False,Returns `true` if the task should be released.
tokio,tokio::runtime::task,tokio/src/runtime/task/state.rs,513,fetch_update_action,State,,Private helper,Other / internal logic,False,False,False,
tokio,tokio::runtime::task,tokio/src/runtime/task/state.rs,535,fetch_update,State,,Private helper,Other / internal logic,False,False,False,
tokio,tokio::runtime::task,tokio/src/runtime/task/state.rs,561,is_idle,Snapshot,,Crate-internal,Accessor / query,False,False,False,Returns `true` if the task is in an idle state.
tokio,tokio::runtime::task,tokio/src/runtime/task/state.rs,566,is_notified,Snapshot,,Crate-internal,Accessor / query,False,False,False,Returns `true` if the task has been flagged as notified.
tokio,tokio::runtime::task,tokio/src/runtime/task/state.rs,570,unset_notified,Snapshot,,Private helper,Configuration / setter,False,False,False,
tokio,tokio::runtime::task,tokio/src/runtime/task/state.rs,574,set_notified,Snapshot,,Private helper,Configuration / setter,False,False,False,
tokio,tokio::runtime::task,tokio/src/runtime/task/state.rs,578,is_running,Snapshot,,Crate-internal,Accessor / query,False,False,False,
tokio,tokio::runtime::task,tokio/src/runtime/task/state.rs,582,set_running,Snapshot,,Private helper,Configuration / setter,False,False,False,
tokio,tokio::runtime::task,tokio/src/runtime/task/state.rs,586,unset_running,Snapshot,,Private helper,Configuration / setter,False,False,False,
tokio,tokio::runtime::task,tokio/src/runtime/task/state.rs,590,is_cancelled,Snapshot,,Crate-internal,Accessor / query,False,False,False,
tokio,tokio::runtime::task,tokio/src/runtime/task/state.rs,594,set_cancelled,Snapshot,,Private helper,Configuration / setter,False,False,False,
tokio,tokio::runtime::task,tokio/src/runtime/task/state.rs,599,is_complete,Snapshot,,Crate-internal,Accessor / query,False,False,False,Returns `true` if the task's future has completed execution.
tokio,tokio::runtime::task,tokio/src/runtime/task/state.rs,603,is_join_interested,Snapshot,,Crate-internal,Accessor / query,False,False,False,
tokio,tokio::runtime::task,tokio/src/runtime/task/state.rs,607,unset_join_interested,Snapshot,,Private helper,Configuration / setter,False,False,False,
tokio,tokio::runtime::task,tokio/src/runtime/task/state.rs,611,is_join_waker_set,Snapshot,,Crate-internal,Accessor / query,False,False,False,
tokio,tokio::runtime::task,tokio/src/runtime/task/state.rs,615,set_join_waker,Snapshot,,Private helper,Configuration / setter,False,False,False,
tokio,tokio::runtime::task,tokio/src/runtime/task/state.rs,619,unset_join_waker,Snapshot,,Private helper,Configuration / setter,False,False,False,
tokio,tokio::runtime::task,tokio/src/runtime/task/state.rs,623,ref_count,Snapshot,,Crate-internal,Lifecycle / ref-count,False,False,False,
tokio,tokio::runtime::task,tokio/src/runtime/task/state.rs,627,ref_inc,Snapshot,,Private helper,Lifecycle / ref-count,False,False,False,
tokio,tokio::runtime::task,tokio/src/runtime/task/state.rs,632,ref_dec,Snapshot,,Crate-internal,Lifecycle / ref-count,False,False,False,
tokio,tokio::runtime::task,tokio/src/runtime/task/state.rs,639,fmt,State,fmt::Debug,Trait impl,Formatting,False,False,False,
tokio,tokio::runtime::task,tokio/src/runtime/task/state.rs,646,fmt,Snapshot,fmt::Debug,Trait impl,Formatting,False,False,False,
tokio,tokio::runtime::task,tokio/src/runtime/task/waker.rs,16,waker_ref,,,Crate-internal,Wake / park,False,False,False,Returns a `WakerRef` which avoids having to preemptively increase the refcount if there is no need to do so.
tokio,tokio::runtime::task,tokio/src/runtime/task/waker.rs,39,deref,"WakerRef<'_, S>",ops::Deref,Trait impl,Deref,False,False,False,
tokio,tokio::runtime::task,tokio/src/runtime/task/waker.rs,70,clone_waker,,,Private helper,Other / internal logic,False,True,False,
tokio,tokio::runtime::task,tokio/src/runtime/task/waker.rs,81,drop_waker,,,Private helper,Lifecycle / ref-count,False,True,False,
tokio,tokio::runtime::task,tokio/src/runtime/task/waker.rs,93,wake_by_val,,,Private helper,Wake / park,False,True,False,
tokio,tokio::runtime::task,tokio/src/runtime/task/waker.rs,106,wake_by_ref,,,Private helper,Wake / park,False,True,False,
tokio,tokio::runtime::task,tokio/src/runtime/task/waker.rs,121,raw_waker,,,Private helper,Other / internal logic,False,False,False,
tokio,tokio::runtime::task::trace,tokio/src/runtime/task/trace/mod.rs,79,new,Context,,Crate-internal,Constructor,False,False,True,
tokio,tokio::runtime::task::trace,tokio/src/runtime/task/trace/mod.rs,88,try_with_current,Context,,Private helper,Non-blocking attempt,False,True,False,SAFETY: Callers of this function must ensure that trace frames always form a valid linked list.
tokio,tokio::runtime::task::trace,tokio/src/runtime/task/trace/mod.rs,97,with_current_frame,Context,,Private helper,Constructor,False,True,False,SAFETY: Callers of this function must ensure that trace frames always form a valid linked list.
tokio,tokio::runtime::task::trace,tokio/src/runtime/task/trace/mod.rs,106,current_frame_addr,Context,,Private helper,Other / internal logic,False,False,False,
tokio,tokio::runtime::task::trace,tokio/src/runtime/task/trace/mod.rs,119,try_with_current_trace_leaf_fn,Context,,Private helper,Non-blocking attempt,False,False,False,Calls the provided closure if we are being traced.
tokio,tokio::runtime::task::trace,tokio/src/runtime/task/trace/mod.rs,147,is_tracing,Context,,Crate-internal,Accessor / query,False,False,False,Produces `true` if the current task is being traced; otherwise false.
tokio,tokio::runtime::task::trace,tokio/src/runtime/task/trace/mod.rs,209,trace_with,,,Public API,Debugging / tracing,False,False,False,Runs `f`.
tokio,tokio::runtime::task::trace,tokio/src/runtime/task/trace/mod.rs,258,capture,Trace,,Crate-internal,Other / internal logic,False,False,False,"Invokes `f`, returning both its result and the collection of backtraces captured at each sub-invocation of [`trace_leaf`]."
tokio,tokio::runtime::task::trace,tokio/src/runtime/task/trace/mod.rs,267,empty,Trace,,Crate-internal,Other / internal logic,False,False,False,
tokio,tokio::runtime::task::trace,tokio/src/runtime/task/trace/mod.rs,271,push_backtrace,Trace,,Private helper,Data movement,False,False,False,
tokio,tokio::runtime::task::trace,tokio/src/runtime/task/trace/mod.rs,277,root,Trace,,Crate-internal,Other / internal logic,False,False,False,The root of a trace.
tokio,tokio::runtime::task::trace,tokio/src/runtime/task/trace/mod.rs,281,backtraces,Trace,,Crate-internal,Other / internal logic,False,False,False,
tokio,tokio::runtime::task::trace,tokio/src/runtime/task/trace/mod.rs,296,trace_leaf,,,Crate-internal,Debugging / tracing,False,False,False,
tokio,tokio::runtime::task::trace,tokio/src/runtime/task/trace/mod.rs,314,fmt,Trace,fmt::Display,Trait impl,Formatting,False,False,False,
tokio,tokio::runtime::task::trace,tokio/src/runtime/task/trace/mod.rs,319,defer,,,Private helper,Runtime/task control,False,False,False,
tokio,tokio::runtime::task::trace,tokio/src/runtime/task/trace/mod.rs,326,drop,"Defer<F, R>","R, R> Drop",Trait impl,Other / internal logic,False,False,False,
tokio,tokio::runtime::task::trace,tokio/src/runtime/task/trace/mod.rs,340,poll,Root<T>,Future,Trait impl,Future impl (poll),False,False,False,
tokio,tokio::runtime::task::trace,tokio/src/runtime/task/trace/mod.rs,367,trace_current_thread,,,Crate-internal,Debugging / tracing,False,False,False,Trace and poll all tasks of the `current_thread` runtime.
tokio,tokio::runtime::task::trace,tokio/src/runtime/task/trace/mod.rs,393,trace_multi_thread,,,Crate-internal,Debugging / tracing,False,False,False,Trace and poll all tasks of the `multi_thread` runtime.
tokio,tokio::runtime::task::trace,tokio/src/runtime/task/trace/mod.rs,420,trace_owned,,,Private helper,Debugging / tracing,False,False,False,Trace the `OwnedTasks`.
tokio,tokio::runtime::task::trace,tokio/src/runtime/task/trace/symbol.rs,25,hash,Symbol,Hash,Trait impl,Comparison,False,False,False,
tokio,tokio::runtime::task::trace,tokio/src/runtime/task/trace/symbol.rs,45,eq,Symbol,PartialEq,Trait impl,Comparison,False,False,False,
tokio,tokio::runtime::task::trace,tokio/src/runtime/task/trace/symbol.rs,66,fmt,Symbol,fmt::Display,Trait impl,Formatting,False,False,False,
tokio,tokio::runtime::task::trace,tokio/src/runtime/task/trace/trace_impl.rs,10,trace_leaf,,,Crate-internal,Debugging / tracing,False,False,False,Capture a backtrace via `backtrace::trace` and collect it into `trace`.
tokio,tokio::runtime::task::trace,tokio/src/runtime/task/trace/tree.rs,23,from_trace,Tree,,Crate-internal,Conversion,False,False,False,Constructs a [`Tree`] from [`Trace`]
tokio,tokio::runtime::task::trace,tokio/src/runtime/task/trace/tree.rs,47,consequences,Tree,,Private helper,Other / internal logic,False,False,False,Produces the sub-symbols of a given symbol.
tokio,tokio::runtime::task::trace,tokio/src/runtime/task/trace/tree.rs,52,display,Tree,,Private helper,Other / internal logic,False,False,False,Format this [`Tree`] as a textual tree.
tokio,tokio::runtime::task::trace,tokio/src/runtime/task/trace/tree.rs,93,fmt,Tree,fmt::Display,Trait impl,Formatting,False,False,False,
tokio,tokio::runtime::task::trace,tokio/src/runtime/task/trace/tree.rs,103,to_symboltrace,,,Private helper,Conversion,False,False,False,Resolve a sequence of [`backtrace::BacktraceFrame`]s into a sequence of [`Symbol`]s.
tokio,tokio::runtime::tests,tokio/src/runtime/tests/inject.rs,4,push_and_pop,,,Test,Data movement,False,False,False,
tokio,tokio::runtime::tests,tokio/src/runtime/tests/inject.rs,26,push_batch_and_pop,,,Test,Data movement,False,False,False,
tokio,tokio::runtime::tests,tokio/src/runtime/tests/inject.rs,37,pop_n_drains_on_drop,,,Test,Data movement,False,False,False,
tokio,tokio::runtime::tests,tokio/src/runtime/tests/loom_blocking.rs,7,blocking_shutdown,,,Test,Blocking (sync) variant,False,False,False,
tokio,tokio::runtime::tests,tokio/src/runtime/tests/loom_blocking.rs,28,spawn_mandatory_blocking_should_always_run,,,Test,Runtime/task control,False,False,False,
tokio,tokio::runtime::tests,tokio/src/runtime/tests/loom_blocking.rs,49,spawn_mandatory_blocking_should_run_even_when_shutting_down_from_other_thread,,,Test,Runtime/task control,False,False,False,
tokio,tokio::runtime::tests,tokio/src/runtime/tests/loom_blocking.rs,78,mandatory_blocking_io_write_should_always_run,,,Test,Other / internal logic,False,False,False,
tokio,tokio::runtime::tests,tokio/src/runtime/tests/loom_blocking.rs,87,write,Writer,io::Write,Test,I/O operation,False,False,False,
tokio,tokio::runtime::tests,tokio/src/runtime/tests/loom_blocking.rs,94,flush,Writer,io::Write,Test,I/O operation,False,False,False,
tokio,tokio::runtime::tests,tokio/src/runtime/tests/loom_blocking.rs,118,spawn_blocking_when_paused,,,Test,Runtime/task control,False,False,False,
tokio,tokio::runtime::tests,tokio/src/runtime/tests/loom_blocking.rs,139,spawn_blocking_then_shutdown,,,Test,Runtime/task control,False,False,False,See <https://github.com/tokio-rs/tokio/pull/7922>
tokio,tokio::runtime::tests,tokio/src/runtime/tests/loom_blocking.rs,180,spawn_blocking_at_thread_cap_runs,,,Test,Runtime/task control,False,False,False,Regression-style test for the class of bug behind <https://github.com/tokio-rs/tokio/issues/8056>: a `spawn_blocking` while the pool is at its thread cap must not be stranded when it races with the on
tokio,tokio::runtime::tests,tokio/src/runtime/tests/loom_blocking.rs,208,spawn_blocking_racing_shutdown_resolves,,,Test,Runtime/task control,False,False,False,A `spawn_blocking` racing runtime shutdown must never strand the task: its `JoinHandle` must resolve (the task ran or was cancelled) no matter how the spawn interleaves with shutdown's drain.
tokio,tokio::runtime::tests,tokio/src/runtime/tests/loom_blocking.rs,225,mk_runtime,,,Test,Other / internal logic,False,False,False,
tokio,tokio::runtime::tests,tokio/src/runtime/tests/loom_current_thread.rs,14,assert_at_most_num_polls,,,Test,Debugging / tracing,False,False,False,
tokio,tokio::runtime::tests,tokio/src/runtime/tests/loom_current_thread.rs,37,block_on_num_polls,,,Test,Runtime/task control,False,False,False,
tokio,tokio::runtime::tests,tokio/src/runtime/tests/loom_current_thread.rs,71,assert_no_unnecessary_polls,,,Test,Debugging / tracing,False,False,False,
tokio,tokio::runtime::tests,tokio/src/runtime/tests/loom_current_thread.rs,110,drop_jh_during_schedule,,,Test,Lifecycle / ref-count,False,False,False,
tokio,tokio::runtime::tests,tokio/src/runtime/tests/loom_current_thread.rs,111,waker_clone,,,Test,Wake / park,False,True,False,
tokio,tokio::runtime::tests,tokio/src/runtime/tests/loom_current_thread.rs,116,waker_drop,,,Test,Wake / park,False,True,False,
tokio,tokio::runtime::tests,tokio/src/runtime/tests/loom_current_thread.rs,120,waker_nop,,,Test,Wake / park,False,True,False,
tokio,tokio::runtime::tests,tokio/src/runtime/tests/loom_current_thread.rs,171,poll,BlockedFuture,Future,Test,Future impl (poll),False,False,False,
tokio,tokio::runtime::tests,tokio/src/runtime/tests/loom_current_thread.rs,189,poll,ResetFuture,Future,Test,Future impl (poll),False,False,False,
tokio,tokio::runtime::tests,tokio/src/runtime/tests/loom_join_set.rs,5,test_join_set,,,Test,Other / internal logic,False,False,False,
tokio,tokio::runtime::tests,tokio/src/runtime/tests/loom_join_set.rs,37,abort_all_during_completion,,,Test,Lifecycle / ref-count,False,False,False,
tokio,tokio::runtime::tests,tokio/src/runtime/tests/loom_local.rs,16,wake_during_shutdown,,,Test,Wake / park,False,False,False,"Waking a runtime will attempt to push a task into a queue of notifications in the runtime, however the tasks in such a queue usually have a reference to the runtime itself."
tokio,tokio::runtime::tests,tokio/src/runtime/tests/loom_multi_thread.rs,36,new,AtomicTake<T>,,Test,Constructor,False,False,False,
tokio,tokio::runtime::tests,tokio/src/runtime/tests/loom_multi_thread.rs,43,take,AtomicTake<T>,,Test,Data movement,False,False,False,
tokio,tokio::runtime::tests,tokio/src/runtime/tests/loom_multi_thread.rs,54,drop,AtomicTake<T>,Drop,Test,Drop / cleanup,False,False,False,
tokio,tokio::runtime::tests,tokio/src/runtime/tests/loom_multi_thread.rs,65,new,AtomicOneshot<T>,,Test,Constructor,False,False,False,
tokio,tokio::runtime::tests,tokio/src/runtime/tests/loom_multi_thread.rs,71,assert_send,AtomicOneshot<T>,,Test,Debugging / tracing,False,False,False,
tokio,tokio::runtime::tests,tokio/src/runtime/tests/loom_multi_thread.rs,81,racy_shutdown,,,Test,Other / internal logic,False,False,False,
tokio,tokio::runtime::tests,tokio/src/runtime/tests/loom_multi_thread.rs,103,pool_multi_spawn,,,Test,Other / internal logic,False,False,False,
tokio,tokio::runtime::tests,tokio/src/runtime/tests/loom_multi_thread.rs,135,only_blocking_inner,,,Test,Other / internal logic,False,False,False,
tokio,tokio::runtime::tests,tokio/src/runtime/tests/loom_multi_thread.rs,155,only_blocking_without_pending,,,Test,Other / internal logic,False,False,False,
tokio,tokio::runtime::tests,tokio/src/runtime/tests/loom_multi_thread.rs,160,only_blocking_with_pending,,,Test,Other / internal logic,False,False,False,
tokio,tokio::runtime::tests,tokio/src/runtime/tests/loom_multi_thread.rs,168,blocking_and_regular_inner,,,Test,Blocking (sync) variant,False,False,False,
tokio,tokio::runtime::tests,tokio/src/runtime/tests/loom_multi_thread.rs,206,blocking_and_regular,,,Test,Blocking (sync) variant,False,False,False,
tokio,tokio::runtime::tests,tokio/src/runtime/tests/loom_multi_thread.rs,211,blocking_and_regular_with_pending,,,Test,Blocking (sync) variant,False,False,False,
tokio,tokio::runtime::tests,tokio/src/runtime/tests/loom_multi_thread.rs,216,join_output,,,Test,Other / internal logic,False,False,False,
tokio,tokio::runtime::tests,tokio/src/runtime/tests/loom_multi_thread.rs,230,poll_drop_handle_then_drop,,,Test,Poll function,False,False,False,
tokio,tokio::runtime::tests,tokio/src/runtime/tests/loom_multi_thread.rs,247,complete_block_on_under_load,,,Test,Runtime/task control,False,False,False,
tokio,tokio::runtime::tests,tokio/src/runtime/tests/loom_multi_thread.rs,265,shutdown_with_notification,,,Test,Runtime/task control,False,False,False,
tokio,tokio::runtime::tests,tokio/src/runtime/tests/loom_multi_thread.rs,295,pool_shutdown,,,Test,Other / internal logic,False,False,False,
tokio,tokio::runtime::tests,tokio/src/runtime/tests/loom_multi_thread.rs,316,pool_multi_notify,,,Test,Other / internal logic,False,False,False,
tokio,tokio::runtime::tests,tokio/src/runtime/tests/loom_multi_thread.rs,350,mk_pool,,,Test,Other / internal logic,False,False,False,
tokio,tokio::runtime::tests,tokio/src/runtime/tests/loom_multi_thread.rs,359,gated2,,,Test,Other / internal logic,False,False,False,
tokio,tokio::runtime::tests,tokio/src/runtime/tests/loom_multi_thread.rs,396,multi_gated,,,Test,Async operation,True,False,False,
tokio,tokio::runtime::tests,tokio/src/runtime/tests/loom_multi_thread.rs,428,track,,,Test,Other / internal logic,False,False,False,
tokio,tokio::runtime::tests,tokio/src/runtime/tests/loom_multi_thread.rs,445,into_inner,Track<T>,,Test,Conversion,False,False,False,
tokio,tokio::runtime::tests,tokio/src/runtime/tests/loom_multi_thread.rs,453,poll,Track<T>,Future,Test,Future impl (poll),False,False,False,
tokio,tokio::runtime::tests,tokio/src/runtime/tests/loom_oneshot.rs,4,channel,,,Test,Constructor,False,False,False,
tokio,tokio::runtime::tests,tokio/src/runtime/tests/loom_oneshot.rs,32,send,Sender<T>,,Test,Data movement,False,False,False,
tokio,tokio::runtime::tests,tokio/src/runtime/tests/loom_oneshot.rs,39,recv,Receiver<T>,,Test,Data movement,False,False,False,
tokio,tokio::runtime::tests,tokio/src/runtime/tests/mod.rs,15,release,NoopSchedule,task::Schedule,Test,Scheduler hook,False,False,False,
tokio,tokio::runtime::tests,tokio/src/runtime/tests/mod.rs,19,schedule,NoopSchedule,task::Schedule,Test,Scheduler hook,False,False,False,
tokio,tokio::runtime::tests,tokio/src/runtime/tests/mod.rs,23,hooks,NoopSchedule,task::Schedule,Test,Scheduler hook,False,False,False,
tokio,tokio::runtime::tests,tokio/src/runtime/tests/mod.rs,37,unowned,,,Test,Other / internal logic,False,False,False,
tokio,tokio::runtime::tests,tokio/src/runtime/tests/mod.rs,52,unowned,,,Test,Other / internal logic,False,False,False,
tokio,tokio::runtime::tests,tokio/src/runtime/tests/queue.rs,26,new_stats,,,Test,Constructor,False,False,False,
tokio,tokio::runtime::tests,tokio/src/runtime/tests/queue.rs,32,fits_256_one_at_a_time,,,Test,Other / internal logic,False,False,False,
tokio,tokio::runtime::tests,tokio/src/runtime/tests/queue.rs,52,fits_256_all_at_once,,,Test,Other / internal logic,False,False,False,
tokio,tokio::runtime::tests,tokio/src/runtime/tests/queue.rs,69,fits_256_all_in_chunks,,,Test,Other / internal logic,False,False,False,
tokio,tokio::runtime::tests,tokio/src/runtime/tests/queue.rs,90,overflow,,,Test,Other / internal logic,False,False,False,
tokio,tokio::runtime::tests,tokio/src/runtime/tests/queue.rs,116,steal_batch,,,Test,Data movement,False,False,False,
tokio,tokio::runtime::tests,tokio/src/runtime/tests/queue.rs,147,normal_or_miri,,,Test,Other / internal logic,False,False,True,
tokio,tokio::runtime::tests,tokio/src/runtime/tests/queue.rs,156,stress1,,,Test,Other / internal logic,False,False,False,
tokio,tokio::runtime::tests,tokio/src/runtime/tests/queue.rs,225,stress2,,,Test,Other / internal logic,False,False,False,
tokio,tokio::runtime::tests,tokio/src/runtime/tests/task.rs,19,assert_dropped,AssertDropHandle,,Test,Debugging / tracing,False,False,False,
tokio,tokio::runtime::tests,tokio/src/runtime/tests/task.rs,24,assert_not_dropped,AssertDropHandle,,Test,Debugging / tracing,False,False,False,
tokio,tokio::runtime::tests,tokio/src/runtime/tests/task.rs,33,new,AssertDrop,,Test,Constructor,False,False,False,
tokio,tokio::runtime::tests,tokio/src/runtime/tests/task.rs,46,drop,AssertDrop,Drop,Test,Drop / cleanup,False,False,False,
tokio,tokio::runtime::tests,tokio/src/runtime/tests/task.rs,54,create_drop1,,,Test,Constructor,False,False,False,
tokio,tokio::runtime::tests,tokio/src/runtime/tests/task.rs,72,create_drop2,,,Test,Constructor,False,False,False,
tokio,tokio::runtime::tests,tokio/src/runtime/tests/task.rs,90,drop_abort_handle1,,,Test,Lifecycle / ref-count,False,False,False,
tokio,tokio::runtime::tests,tokio/src/runtime/tests/task.rs,111,drop_abort_handle2,,,Test,Lifecycle / ref-count,False,False,False,
tokio,tokio::runtime::tests,tokio/src/runtime/tests/task.rs,132,drop_abort_handle_clone,,,Test,Lifecycle / ref-count,False,False,False,
tokio,tokio::runtime::tests,tokio/src/runtime/tests/task.rs,157,create_shutdown1,,,Test,Constructor,False,False,False,
tokio,tokio::runtime::tests,tokio/src/runtime/tests/task.rs,175,create_shutdown2,,,Test,Constructor,False,False,False,
tokio,tokio::runtime::tests,tokio/src/runtime/tests/task.rs,193,unowned_poll,,,Test,Other / internal logic,False,False,False,
tokio,tokio::runtime::tests,tokio/src/runtime/tests/task.rs,199,schedule,,,Test,Runtime/task control,False,False,False,
tokio,tokio::runtime::tests,tokio/src/runtime/tests/task.rs,211,shutdown,,,Test,Runtime/task control,False,False,False,
tokio,tokio::runtime::tests,tokio/src/runtime/tests/task.rs,226,shutdown_immediately,,,Test,Runtime/task control,False,False,False,
tokio,tokio::runtime::tests,tokio/src/runtime/tests/task.rs,240,spawn_niche_in_task,,,Test,Runtime/task control,False,False,False,
tokio,tokio::runtime::tests,tokio/src/runtime/tests/task.rs,270,new,Subscriber,,Test,Constructor,False,False,False,
tokio,tokio::runtime::tests,tokio/src/runtime/tests/task.rs,278,wait,Subscriber,,Test,Runtime/task control,True,False,False,
tokio,tokio::runtime::tests,tokio/src/runtime/tests/task.rs,296,new,State,,Test,Constructor,False,False,False,
tokio,tokio::runtime::tests,tokio/src/runtime/tests/task.rs,303,poll_update,State,,Test,Poll function,False,False,False,
tokio,tokio::runtime::tests,tokio/src/runtime/tests/task.rs,323,set_version,State,,Test,Configuration / setter,False,False,False,
tokio,tokio::runtime::tests,tokio/src/runtime/tests/task.rs,333,spawn_during_shutdown,,,Test,Runtime/task control,False,False,False,
tokio,tokio::runtime::tests,tokio/src/runtime/tests/task.rs,338,drop,SpawnOnDrop,Drop,Test,Drop / cleanup,False,False,False,
tokio,tokio::runtime::tests,tokio/src/runtime/tests/task.rs,361,with,,,Test,Combinator / iteration,False,False,False,
tokio,tokio::runtime::tests,tokio/src/runtime/tests/task.rs,365,drop,Reset,Drop,Test,Drop / cleanup,False,False,False,
tokio,tokio::runtime::tests,tokio/src/runtime/tests/task.rs,399,spawn,Runtime,,Test,Runtime/task control,False,False,False,
tokio,tokio::runtime::tests,tokio/src/runtime/tests/task.rs,416,tick,Runtime,,Test,Time / timers,False,False,False,
tokio,tokio::runtime::tests,tokio/src/runtime/tests/task.rs,420,tick_max,Runtime,,Test,Time / timers,False,False,False,
tokio,tokio::runtime::tests,tokio/src/runtime/tests/task.rs,433,is_empty,Runtime,,Test,Accessor / query,False,False,False,
tokio,tokio::runtime::tests,tokio/src/runtime/tests/task.rs,437,next_task,Runtime,,Test,Other / internal logic,False,False,False,
tokio,tokio::runtime::tests,tokio/src/runtime/tests/task.rs,441,shutdown,Runtime,,Test,Runtime/task control,False,False,False,
tokio,tokio::runtime::tests,tokio/src/runtime/tests/task.rs,456,release,Runtime,Schedule,Test,Scheduler hook,False,False,False,
tokio,tokio::runtime::tests,tokio/src/runtime/tests/task.rs,460,schedule,Runtime,Schedule,Test,Scheduler hook,False,False,False,
tokio,tokio::runtime::tests,tokio/src/runtime/tests/task.rs,464,hooks,Runtime,Schedule,Test,Scheduler hook,False,False,False,
tokio,tokio::runtime::tests,tokio/src/runtime/tests/task_combinations.rs,69,test_combinations,,,Test,Other / internal logic,False,False,False,
tokio,tokio::runtime::tests,tokio/src/runtime/tests/task_combinations.rs,154,is_debug,,,Test,Accessor / query,False,False,False,
tokio,tokio::runtime::tests,tokio/src/runtime/tests/task_combinations.rs,157,test_combination,,,Test,Other / internal logic,False,False,False,
tokio,tokio::runtime::tests,tokio/src/runtime/tests/task_combinations.rs,207,new,Rt,,Test,Constructor,False,False,False,
tokio,tokio::runtime::tests,tokio/src/runtime/tests/task_combinations.rs,227,block_on,Rt,,Test,Runtime/task control,False,False,False,
tokio,tokio::runtime::tests,tokio/src/runtime/tests/task_combinations.rs,236,spawn,Rt,,Test,Runtime/task control,False,False,False,
tokio,tokio::runtime::tests,tokio/src/runtime/tests/task_combinations.rs,254,disarm,Output,,Test,Other / internal logic,False,False,False,
tokio,tokio::runtime::tests,tokio/src/runtime/tests/task_combinations.rs,259,drop,Output,Drop,Test,Drop / cleanup,False,False,False,
tokio,tokio::runtime::tests,tokio/src/runtime/tests/task_combinations.rs,275,poll,FutWrapper<F>,Future,Test,Future impl (poll),False,False,False,
tokio,tokio::runtime::tests,tokio/src/runtime/tests/task_combinations.rs,284,drop,FutWrapper<F>,Drop,Test,Drop / cleanup,False,False,False,
tokio,tokio::runtime::tests,tokio/src/runtime/tests/task_combinations.rs,300,my_task,,,Test,Async operation,True,False,False,
tokio,tokio::runtime::tests::loom_current_thread,tokio/src/runtime/tests/loom_current_thread/yield_now.rs,5,yield_calls_park_before_scheduling_again,,,Test,Other / internal logic,False,False,False,
tokio,tokio::runtime::tests::loom_current_thread,tokio/src/runtime/tests/loom_current_thread/yield_now.rs,28,mk_runtime,,,Test,Other / internal logic,False,False,False,
tokio,tokio::runtime::tests::loom_multi_thread,tokio/src/runtime/tests/loom_multi_thread/queue.rs,7,new_stats,,,Test,Constructor,False,False,False,
tokio,tokio::runtime::tests::loom_multi_thread,tokio/src/runtime/tests/loom_multi_thread/queue.rs,12,basic,,,Test,Other / internal logic,False,False,False,
tokio,tokio::runtime::tests::loom_multi_thread,tokio/src/runtime/tests/loom_multi_thread/queue.rs,66,steal_overflow,,,Test,Data movement,False,False,False,
tokio,tokio::runtime::tests::loom_multi_thread,tokio/src/runtime/tests/loom_multi_thread/queue.rs,116,multi_stealer,,,Test,Other / internal logic,False,False,False,
tokio,tokio::runtime::tests::loom_multi_thread,tokio/src/runtime/tests/loom_multi_thread/queue.rs,119,steal_tasks,,,Test,Data movement,False,False,False,
tokio,tokio::runtime::tests::loom_multi_thread,tokio/src/runtime/tests/loom_multi_thread/queue.rs,170,chained_steal,,,Test,Other / internal logic,False,False,False,
tokio,tokio::runtime::tests::loom_multi_thread,tokio/src/runtime/tests/loom_multi_thread/shutdown.rs,4,join_handle_cancel_on_shutdown,,,Test,Other / internal logic,False,False,False,
tokio,tokio::runtime::tests::loom_multi_thread,tokio/src/runtime/tests/loom_multi_thread/yield_now.rs,6,yield_calls_park_before_scheduling_again,,,Test,Other / internal logic,False,False,False,
tokio,tokio::runtime::tests::loom_multi_thread,tokio/src/runtime/tests/loom_multi_thread/yield_now.rs,32,mk_runtime,,,Test,Other / internal logic,False,False,False,
tokio,tokio::runtime::time,tokio/src/runtime/time/entry.rs,104,default,StateCell,Default,Trait impl,Constructor,False,False,False,
tokio,tokio::runtime::time,tokio/src/runtime/time/entry.rs,110,fmt,StateCell,std::fmt::Debug,Trait impl,Formatting,False,False,False,
tokio,tokio::runtime::time,tokio/src/runtime/time/entry.rs,116,new,StateCell,,Private helper,Constructor,False,False,False,
tokio,tokio::runtime::time,tokio/src/runtime/time/entry.rs,124,is_pending,StateCell,,Private helper,Accessor / query,False,False,False,
tokio,tokio::runtime::time,tokio/src/runtime/time/entry.rs,129,when,StateCell,,Private helper,Other / internal logic,False,False,False,"Returns the current expiration time, or None if not currently scheduled."
tokio,tokio::runtime::time,tokio/src/runtime/time/entry.rs,141,poll,StateCell,,Private helper,Poll function,False,False,False,"If the timer is completed, returns the result of the timer."
tokio,tokio::runtime::time,tokio/src/runtime/time/entry.rs,150,read_state,StateCell,,Private helper,I/O operation,False,False,False,
tokio,tokio::runtime::time,tokio/src/runtime/time/entry.rs,170,mark_pending,StateCell,,Private helper,Other / internal logic,False,True,False,"Marks this timer as being moved to the pending list, if its scheduled time is not after `not_after`."
tokio,tokio::runtime::time,tokio/src/runtime/time/entry.rs,210,fire,StateCell,,Private helper,Other / internal logic,False,True,False,"Fires the timer, setting the result to the provided result."
tokio,tokio::runtime::time,tokio/src/runtime/time/entry.rs,237,set_expiration,StateCell,,Private helper,Configuration / setter,False,False,False,Marks the timer as registered (poll will return None) and sets the expiration time.
tokio,tokio::runtime::time,tokio/src/runtime/time/entry.rs,251,extend_expiration,StateCell,,Private helper,Other / internal logic,False,False,False,Attempts to adjust the timer to a new timestamp.
tokio,tokio::runtime::time,tokio/src/runtime/time/entry.rs,274,might_be_registered,StateCell,,Crate-internal,Other / internal logic,False,False,False,Returns true if the state of this timer indicates that the timer might be registered with the driver.
tokio,tokio::runtime::time,tokio/src/runtime/time/entry.rs,349,fmt,TimerShared,std::fmt::Debug,Trait impl,Formatting,False,False,False,
tokio,tokio::runtime::time,tokio/src/runtime/time/entry.rs,362,addr_of_pointers,TimerShared,,Private helper,Handle / reference plumbing,False,True,False,
tokio,tokio::runtime::time,tokio/src/runtime/time/entry.rs,369,new,TimerShared,,Crate-internal,Constructor,False,False,False,
tokio,tokio::runtime::time,tokio/src/runtime/time/entry.rs,379,registered_when,TimerShared,,Crate-internal,I/O registration,False,False,False,Gets the cached time-of-expiration value.
tokio,tokio::runtime::time,tokio/src/runtime/time/entry.rs,389,sync_when,TimerShared,,Crate-internal,Other / internal logic,False,True,False,"Gets the true time-of-expiration value, and copies it into the cached time-of-expiration value."
tokio,tokio::runtime::time,tokio/src/runtime/time/entry.rs,401,set_registered_when,TimerShared,,Private helper,Configuration / setter,False,True,False,Sets the cached time-of-expiration value.
tokio,tokio::runtime::time,tokio/src/runtime/time/entry.rs,406,true_when,TimerShared,,Crate-internal,Other / internal logic,False,False,False,"Returns the true time-of-expiration value, with relaxed memory ordering."
tokio,tokio::runtime::time,tokio/src/runtime/time/entry.rs,415,set_expiration,TimerShared,,Crate-internal,Configuration / setter,False,True,False,"Sets the true time-of-expiration value, even if it is less than the current expiration or the timer is deregistered."
tokio,tokio::runtime::time,tokio/src/runtime/time/entry.rs,421,extend_expiration,TimerShared,,Crate-internal,Other / internal logic,False,False,False,Sets the true time-of-expiration only if it is after the current.
tokio,tokio::runtime::time,tokio/src/runtime/time/entry.rs,426,handle,TimerShared,,Crate-internal,Handle / reference plumbing,False,False,False,Returns a `TimerHandle` for this timer.
tokio,tokio::runtime::time,tokio/src/runtime/time/entry.rs,436,might_be_registered,TimerShared,,Crate-internal,Other / internal logic,False,False,False,Returns true if the state of this timer indicates that the timer might be registered with the driver.
tokio,tokio::runtime::time,tokio/src/runtime/time/entry.rs,446,as_raw,TimerShared,linked_list::Link,Trait impl,Intrusive-list link,False,False,False,
tokio,tokio::runtime::time,tokio/src/runtime/time/entry.rs,450,from_raw,TimerShared,linked_list::Link,Trait impl,Intrusive-list link,False,True,False,
tokio,tokio::runtime::time,tokio/src/runtime/time/entry.rs,454,pointers,TimerShared,linked_list::Link,Trait impl,Intrusive-list link,False,True,False,
tokio,tokio::runtime::time,tokio/src/runtime/time/entry.rs,464,new,TimerEntry,,Crate-internal,Constructor,False,False,False,
tokio,tokio::runtime::time,tokio/src/runtime/time/entry.rs,470,init,TimerEntry,,Crate-internal,Other / internal logic,False,False,False,
tokio,tokio::runtime::time,tokio/src/runtime/time/entry.rs,479,is_elapsed,TimerEntry,,Crate-internal,Accessor / query,False,False,False,
tokio,tokio::runtime::time,tokio/src/runtime/time/entry.rs,485,cancel,TimerEntry,,Crate-internal,Lifecycle / ref-count,False,False,False,Cancels and deregisters the timer.
tokio,tokio::runtime::time,tokio/src/runtime/time/entry.rs,511,reset,TimerEntry,,Crate-internal,Configuration / setter,False,False,False,
tokio,tokio::runtime::time,tokio/src/runtime/time/entry.rs,524,poll_elapsed,TimerEntry,,Crate-internal,Poll function,False,False,False,
tokio,tokio::runtime::time,tokio/src/runtime/time/entry.rs,540,registered_when,TimerHandle,,Crate-internal,I/O registration,False,True,False,
tokio,tokio::runtime::time,tokio/src/runtime/time/entry.rs,544,sync_when,TimerHandle,,Crate-internal,Other / internal logic,False,True,False,
tokio,tokio::runtime::time,tokio/src/runtime/time/entry.rs,548,is_pending,TimerHandle,,Crate-internal,Accessor / query,False,True,False,
tokio,tokio::runtime::time,tokio/src/runtime/time/entry.rs,556,set_expiration,TimerHandle,,Crate-internal,Configuration / setter,False,True,False,Forcibly sets the true and cached expiration times to the given tick.
tokio,tokio::runtime::time,tokio/src/runtime/time/entry.rs,571,mark_pending,TimerHandle,,Crate-internal,Other / internal logic,False,True,False,Attempts to mark this entry as pending.
tokio,tokio::runtime::time,tokio/src/runtime/time/entry.rs,600,fire,TimerHandle,,Crate-internal,Other / internal logic,False,True,False,Attempts to transition to a terminal state.
tokio,tokio::runtime::time,tokio/src/runtime/time/handle.rs,12,time_source,Handle,,Crate-internal,Other / internal logic,False,False,False,Returns the time source associated with this handle.
tokio,tokio::runtime::time,tokio/src/runtime/time/handle.rs,17,is_shutdown,Handle,,Crate-internal,Accessor / query,False,False,False,Checks whether the driver has been shutdown.
tokio,tokio::runtime::time,tokio/src/runtime/time/handle.rs,22,unpark,Handle,,Crate-internal,Wake / park,False,False,False,Track that the driver is being unparked
tokio,tokio::runtime::time,tokio/src/runtime/time/handle.rs,58,current,Handle,,Crate-internal,Handle / reference plumbing,False,False,False,Tries to get a handle to the current timer.
tokio,tokio::runtime::time,tokio/src/runtime/time/handle.rs,65,fmt,Handle,fmt::Debug,Trait impl,Formatting,False,False,False,
tokio,tokio::runtime::time,tokio/src/runtime/time/mod.rs,145,new,Driver,,Crate-internal,Constructor,False,False,False,Creates a new `Driver` instance that uses `park` to block the current thread and `time_source` to get the current time and convert to ticks.
tokio,tokio::runtime::time,tokio/src/runtime/time/mod.rs,168,new_alt,Driver,,Crate-internal,Constructor,False,False,False,
tokio,tokio::runtime::time,tokio/src/runtime/time/mod.rs,181,park,Driver,,Crate-internal,Wake / park,False,False,False,
tokio,tokio::runtime::time,tokio/src/runtime/time/mod.rs,185,park_timeout,Driver,,Crate-internal,Wake / park,False,False,False,
tokio,tokio::runtime::time,tokio/src/runtime/time/mod.rs,189,shutdown,Driver,,Crate-internal,Runtime/task control,False,False,False,
tokio,tokio::runtime::time,tokio/src/runtime/time/mod.rs,213,park_internal,Driver,,Private helper,Wake / park,False,False,False,
tokio,tokio::runtime::time,tokio/src/runtime/time/mod.rs,259,park_thread_timeout,Driver,,Private helper,Wake / park,False,False,False,
tokio,tokio::runtime::time,tokio/src/runtime/time/mod.rs,283,park_thread_timeout,Driver,,Private helper,Wake / park,False,False,False,
tokio,tokio::runtime::time,tokio/src/runtime/time/mod.rs,290,process,Handle,,Crate-internal,Other / internal logic,False,False,False,
tokio,tokio::runtime::time,tokio/src/runtime/time/mod.rs,296,process_at_time,Handle,,Crate-internal,Runtime/task control,False,False,False,
tokio,tokio::runtime::time,tokio/src/runtime/time/mod.rs,340,process_at_time_alt,Handle,,Crate-internal,Runtime/task control,False,False,False,
tokio,tokio::runtime::time,tokio/src/runtime/time/mod.rs,360,shutdown_alt,Handle,,Crate-internal,Runtime/task control,False,False,False,
tokio,tokio::runtime::time,tokio/src/runtime/time/mod.rs,380,clear_entry,Handle,,Crate-internal,Other / internal logic,False,True,False,Removes a registered timer from the driver.
tokio,tokio::runtime::time,tokio/src/runtime/time/mod.rs,398,reregister,Handle,,Crate-internal,Other / internal logic,False,True,False,Removes and re-adds an entry to the driver.
tokio,tokio::runtime::time,tokio/src/runtime/time/mod.rs,453,did_wake,Handle,,Crate-internal,Other / internal logic,False,False,False,
tokio,tokio::runtime::time,tokio/src/runtime/time/mod.rs,467,lock,Inner,,Crate-internal,Locking / permits,False,False,False,Locks the driver's inner structure
tokio,tokio::runtime::time,tokio/src/runtime/time/mod.rs,476,is_shutdown,Inner,,Crate-internal,Accessor / query,False,False,False,
tokio,tokio::runtime::time,tokio/src/runtime/time/mod.rs,486,fmt,Inner,fmt::Debug,Trait impl,Formatting,False,False,False,
tokio,tokio::runtime::time,tokio/src/runtime/time/source.rs,11,new,TimeSource,,Crate-internal,Constructor,False,False,False,
tokio,tokio::runtime::time,tokio/src/runtime/time/source.rs,17,deadline_to_tick,TimeSource,,Crate-internal,Other / internal logic,False,False,False,
tokio,tokio::runtime::time,tokio/src/runtime/time/source.rs,22,instant_to_tick,TimeSource,,Crate-internal,Other / internal logic,False,False,False,
tokio,tokio::runtime::time,tokio/src/runtime/time/source.rs,32,tick_to_duration,TimeSource,,Crate-internal,Time / timers,False,False,False,
tokio,tokio::runtime::time,tokio/src/runtime/time/source.rs,36,now,TimeSource,,Crate-internal,Time / timers,False,False,False,
tokio,tokio::runtime::time,tokio/src/runtime/time/source.rs,42,start_time,TimeSource,,Test,Runtime/task control,False,False,False,
tokio,tokio::runtime::time::tests,tokio/src/runtime/time/tests/mod.rs,14,block_on,,,Test,Runtime/task control,False,False,False,
tokio,tokio::runtime::time::tests,tokio/src/runtime/time/tests/mod.rs,27,model,,,Test,Other / internal logic,False,False,False,
tokio,tokio::runtime::time::tests,tokio/src/runtime/time/tests/mod.rs,35,rt,,,Test,Other / internal logic,False,False,False,
tokio,tokio::runtime::time::tests,tokio/src/runtime/time/tests/mod.rs,44,single_timer,,,Test,Other / internal logic,False,False,False,
tokio,tokio::runtime::time::tests,tokio/src/runtime/time/tests/mod.rs,75,drop_timer,,,Test,Lifecycle / ref-count,False,False,False,
tokio,tokio::runtime::time::tests,tokio/src/runtime/time/tests/mod.rs,110,change_waker,,,Test,Other / internal logic,False,False,False,
tokio,tokio::runtime::time::tests,tokio/src/runtime/time/tests/mod.rs,146,reset_future,,,Test,Other / internal logic,False,False,False,
tokio,tokio::runtime::time::tests,tokio/src/runtime/time/tests/mod.rs,196,normal_or_miri,,,Test,Other / internal logic,False,False,False,
tokio,tokio::runtime::time::tests,tokio/src/runtime/time/tests/mod.rs,206,poll_process_levels,,,Test,Poll function,False,False,False,
tokio,tokio::runtime::time::tests,tokio/src/runtime/time/tests/mod.rs,247,poll_process_levels_targeted,,,Test,Poll function,False,False,False,
tokio,tokio::runtime::time::tests,tokio/src/runtime/time/tests/mod.rs,272,instant_to_tick_max,,,Test,Other / internal logic,False,False,False,
tokio,tokio::runtime::time::wheel,tokio/src/runtime/time/wheel/level.rs,42,new,Level,,Crate-internal,Constructor,False,False,False,
tokio,tokio::runtime::time::wheel,tokio/src/runtime/time/wheel/level.rs,52,next_expiration,Level,,Crate-internal,Time / timers,False,False,False,Finds the slot that needs to be processed next and returns the slot and `Instant` at which this slot must be processed.
tokio,tokio::runtime::time::wheel,tokio/src/runtime/time/wheel/level.rs,109,next_occupied_slot,Level,,Private helper,Other / internal logic,False,False,False,
tokio,tokio::runtime::time::wheel,tokio/src/runtime/time/wheel/level.rs,130,add_entry,Level,,Crate-internal,Other / internal logic,False,True,False,
tokio,tokio::runtime::time::wheel,tokio/src/runtime/time/wheel/level.rs,138,remove_entry,Level,,Crate-internal,Data movement,False,True,False,
tokio,tokio::runtime::time::wheel,tokio/src/runtime/time/wheel/level.rs,156,take_slot,Level,,Crate-internal,Data movement,False,False,False,
tokio,tokio::runtime::time::wheel,tokio/src/runtime/time/wheel/level.rs,164,fmt,Level,fmt::Debug,Trait impl,Formatting,False,False,False,
tokio,tokio::runtime::time::wheel,tokio/src/runtime/time/wheel/level.rs,171,occupied_bit,,,Private helper,Other / internal logic,False,False,False,
tokio,tokio::runtime::time::wheel,tokio/src/runtime/time/wheel/level.rs,175,slot_range,,,Private helper,Other / internal logic,False,False,False,
tokio,tokio::runtime::time::wheel,tokio/src/runtime/time/wheel/level.rs,179,level_range,,,Private helper,Other / internal logic,False,False,False,
tokio,tokio::runtime::time::wheel,tokio/src/runtime/time/wheel/level.rs,184,slot_for,,,Private helper,Time / timers,False,False,False,Converts a duration (milliseconds) and a level to a slot position.
tokio,tokio::runtime::time::wheel,tokio/src/runtime/time/wheel/level.rs,193,test_slot_for,,,Test,Other / internal logic,False,False,False,
tokio,tokio::runtime::time::wheel,tokio/src/runtime/time/wheel/level.rs,206,level_with,,,Test,Other / internal logic,False,False,False,
tokio,tokio::runtime::time::wheel,tokio/src/runtime/time/wheel/level.rs,213,next_occupied_slot_on_an_empty_level,,,Test,Other / internal logic,False,False,False,
tokio,tokio::runtime::time::wheel,tokio/src/runtime/time/wheel/level.rs,219,next_occupied_slot_of_a_single_slot,,,Test,Other / internal logic,False,False,False,
tokio,tokio::runtime::time::wheel,tokio/src/runtime/time/wheel/level.rs,233,next_occupied_slot_picks_the_nearest_slot_forward,,,Test,Other / internal logic,False,False,False,
tokio,tokio::runtime::time::wheel,tokio/src/runtime/time/wheel/level.rs,243,next_occupied_slot_skips_the_slot_holding_now,,,Test,Other / internal logic,False,False,False,
tokio,tokio::runtime::time::wheel,tokio/src/runtime/time/wheel/level.rs,259,next_occupied_slot_of_the_slot_holding_now_when_it_is_the_only_one,,,Test,Other / internal logic,False,False,False,
tokio,tokio::runtime::time::wheel,tokio/src/runtime/time/wheel/level.rs,269,next_occupied_slot_of_the_last_slot,,,Test,Other / internal logic,False,False,False,
tokio,tokio::runtime::time::wheel,tokio/src/runtime/time/wheel/level.rs,277,next_expiration_reports_the_start_of_the_slot,,,Test,Time / timers,False,False,False,
tokio,tokio::runtime::time::wheel,tokio/src/runtime/time/wheel/level.rs,287,next_expiration_below_the_top_level,,,Test,Time / timers,False,False,False,
tokio,tokio::runtime::time::wheel,tokio/src/runtime/time/wheel/level.rs,295,next_expiration_at_the_top_level,,,Test,Time / timers,False,False,False,
tokio,tokio::runtime::time::wheel,tokio/src/runtime/time/wheel/level.rs,303,next_expiration_wraps_a_slot_at_or_behind_now,,,Test,Time / timers,False,False,False,
tokio,tokio::runtime::time::wheel,tokio/src/runtime/time/wheel/mod.rs,54,new,Wheel,,Crate-internal,Constructor,False,False,False,Creates a new timing wheel.
tokio,tokio::runtime::time::wheel,tokio/src/runtime/time/wheel/mod.rs,65,elapsed,Wheel,,Crate-internal,Time / timers,False,False,False,Returns the number of milliseconds that have elapsed since the timing wheel's creation.
tokio,tokio::runtime::time::wheel,tokio/src/runtime/time/wheel/mod.rs,90,insert,Wheel,,Crate-internal,Data movement,False,True,False,Inserts an entry into the timing wheel.
tokio,tokio::runtime::time::wheel,tokio/src/runtime/time/wheel/mod.rs,117,remove,Wheel,,Crate-internal,Data movement,False,True,False,Removes `item` from the timing wheel.
tokio,tokio::runtime::time::wheel,tokio/src/runtime/time/wheel/mod.rs,137,poll_at,Wheel,,Crate-internal,Poll function,False,False,False,Instant at which to poll.
tokio,tokio::runtime::time::wheel,tokio/src/runtime/time/wheel/mod.rs,142,poll,Wheel,,Crate-internal,Poll function,False,False,False,Advances the timer up to the instant represented by `now`.
tokio,tokio::runtime::time::wheel,tokio/src/runtime/time/wheel/mod.rs,169,next_expiration,Wheel,,Private helper,Time / timers,False,False,False,Returns the instant at which the next timeout expires.
tokio,tokio::runtime::time::wheel,tokio/src/runtime/time/wheel/mod.rs,195,next_expiration_time,Wheel,,Crate-internal,Time / timers,False,False,False,"Returns the tick at which this timer wheel next needs to perform some processing, or None if there are no timers registered."
tokio,tokio::runtime::time::wheel,tokio/src/runtime/time/wheel/mod.rs,200,no_expirations_before,Wheel,,Private helper,Other / internal logic,False,False,False,Used for debug assertions
tokio,tokio::runtime::time::wheel,tokio/src/runtime/time/wheel/mod.rs,218,process_expiration,Wheel,,Crate-internal,Time / timers,False,False,False,iteratively find entries that are between the wheel's current time and the expiration time.
tokio,tokio::runtime::time::wheel,tokio/src/runtime/time/wheel/mod.rs,253,set_elapsed,Wheel,,Private helper,Configuration / setter,False,False,False,
tokio,tokio::runtime::time::wheel,tokio/src/runtime/time/wheel/mod.rs,267,take_entries,Wheel,,Private helper,Data movement,False,False,False,Obtains the list of entries that need processing for the given expiration.
tokio,tokio::runtime::time::wheel,tokio/src/runtime/time/wheel/mod.rs,271,level_for,Wheel,,Private helper,Time / timers,False,False,False,
tokio,tokio::runtime::time::wheel,tokio/src/runtime/time/wheel/mod.rs,276,level_for,,,Private helper,Time / timers,False,False,False,
tokio,tokio::runtime::time::wheel,tokio/src/runtime/time/wheel/mod.rs,298,test_level_for,,,Test,Other / internal logic,False,False,False,
tokio,tokio::runtime::time::wheel,tokio/src/runtime/time/wheel/mod.rs,334,insert_entry,,,Test,Data movement,False,False,False,
tokio,tokio::runtime::time::wheel,tokio/src/runtime/time/wheel/mod.rs,345,test_next_expiration_to_level_4,,,Test,Other / internal logic,False,False,False,
tokio,tokio::runtime::time::wheel,tokio/src/runtime/time/wheel/mod.rs,370,test_next_expiration_to_level_5,,,Test,Other / internal logic,False,False,False,
tokio,tokio::runtime::time::wheel,tokio/src/runtime/time/wheel/mod.rs,394,test_next_expiration_after_level_5,,,Test,Other / internal logic,False,False,False,
tokio,tokio::runtime::time::wheel,tokio/src/runtime/time/wheel/mod.rs,419,test_next_expiration_after_level_5_twice,,,Test,Other / internal logic,False,False,False,
tokio,tokio::runtime::time::wheel,tokio/src/runtime/time/wheel/mod.rs,450,test_next_expiration_to_level_5_and_after_level_5,,,Test,Other / internal logic,False,False,False,
tokio,tokio::runtime::time::wheel,tokio/src/runtime/time/wheel/mod.rs,483,test_next_expiration_at_slot_5_of_the_top_level,,,Test,Other / internal logic,False,False,False,
tokio,tokio::runtime::time_alt,tokio/src/runtime/time_alt/cancellation_queue.rs,11,drop,Inner,Drop,Trait impl,Drop / cleanup,False,False,False,
tokio,tokio::runtime::time_alt,tokio/src/runtime/time_alt/cancellation_queue.rs,20,new,Inner,,Private helper,Constructor,False,False,False,
tokio,tokio::runtime::time_alt,tokio/src/runtime/time_alt/cancellation_queue.rs,31,push_front,Inner,,Private helper,Data movement,False,True,False,"# Safety Behavior is undefined if any of the following conditions are violated: - `hdl` must not in any [`super::cancellation_queue`], and also mus not in any [`super::WakeQueue`]."
tokio,tokio::runtime::time_alt,tokio/src/runtime/time_alt/cancellation_queue.rs,35,into_iter,Inner,,Private helper,Conversion,False,False,False,
tokio,tokio::runtime::time_alt,tokio/src/runtime/time_alt/cancellation_queue.rs,41,next,Iter,Iterator,Trait impl,Iterator,False,False,False,
tokio,tokio::runtime::time_alt,tokio/src/runtime/time_alt/cancellation_queue.rs,61,send,Sender,,Crate-internal,Data movement,False,True,False,# Safety Behavior is undefined if any of the following conditions are violated: - `hdl` must not in any cancellation queue.
tokio,tokio::runtime::time_alt,tokio/src/runtime/time_alt/cancellation_queue.rs,74,recv_all,Receiver,,Crate-internal,Data movement,False,False,False,
tokio,tokio::runtime::time_alt,tokio/src/runtime/time_alt/cancellation_queue.rs,79,new,,,Crate-internal,Constructor,False,False,False,
tokio,tokio::runtime::time_alt,tokio/src/runtime/time_alt/context.rs,13,new,LocalContext,,Crate-internal,Constructor,False,False,False,
tokio,tokio::runtime::time_alt,tokio/src/runtime/time_alt/context.rs,35,new_running,TempLocalContext<'a>,,Crate-internal,Constructor,False,False,False,
tokio,tokio::runtime::time_alt,tokio/src/runtime/time_alt/context.rs,42,new_shutdown,TempLocalContext<'a>,,Crate-internal,Constructor,False,False,False,
tokio,tokio::runtime::time_alt,tokio/src/runtime/time_alt/entry.rs,62,as_raw,Entry,linked_list::Link,Trait impl,Intrusive-list link,False,False,False,
tokio,tokio::runtime::time_alt,tokio/src/runtime/time_alt/entry.rs,66,from_raw,Entry,linked_list::Link,Trait impl,Intrusive-list link,False,True,False,
tokio,tokio::runtime::time_alt,tokio/src/runtime/time_alt/entry.rs,72,pointers,Entry,linked_list::Link,Trait impl,Intrusive-list link,False,True,False,
tokio,tokio::runtime::time_alt,tokio/src/runtime/time_alt/entry.rs,93,as_raw,RegistrationQueueEntry,linked_list::Link,Trait impl,Intrusive-list link,False,False,False,
tokio,tokio::runtime::time_alt,tokio/src/runtime/time_alt/entry.rs,97,from_raw,RegistrationQueueEntry,linked_list::Link,Trait impl,Intrusive-list link,False,True,False,
tokio,tokio::runtime::time_alt,tokio/src/runtime/time_alt/entry.rs,103,pointers,RegistrationQueueEntry,linked_list::Link,Trait impl,Intrusive-list link,False,True,False,
tokio,tokio::runtime::time_alt,tokio/src/runtime/time_alt/entry.rs,124,as_raw,CancellationQueueEntry,linked_list::Link,Trait impl,Intrusive-list link,False,False,False,
tokio,tokio::runtime::time_alt,tokio/src/runtime/time_alt/entry.rs,128,from_raw,CancellationQueueEntry,linked_list::Link,Trait impl,Intrusive-list link,False,True,False,
tokio,tokio::runtime::time_alt,tokio/src/runtime/time_alt/entry.rs,134,pointers,CancellationQueueEntry,linked_list::Link,Trait impl,Intrusive-list link,False,True,False,
tokio,tokio::runtime::time_alt,tokio/src/runtime/time_alt/entry.rs,155,as_raw,WakeQueueEntry,linked_list::Link,Trait impl,Intrusive-list link,False,False,False,
tokio,tokio::runtime::time_alt,tokio/src/runtime/time_alt/entry.rs,159,from_raw,WakeQueueEntry,linked_list::Link,Trait impl,Intrusive-list link,False,True,False,
tokio,tokio::runtime::time_alt,tokio/src/runtime/time_alt/entry.rs,165,pointers,WakeQueueEntry,linked_list::Link,Trait impl,Intrusive-list link,False,True,False,
tokio,tokio::runtime::time_alt,tokio/src/runtime/time_alt/entry.rs,180,from,NonNull<Entry>,From<&Handle>,Trait impl,Conversion,False,False,False,
tokio,tokio::runtime::time_alt,tokio/src/runtime/time_alt/entry.rs,187,new,Handle,,Crate-internal,Constructor,False,False,False,
tokio,tokio::runtime::time_alt,tokio/src/runtime/time_alt/entry.rs,200,wake,Handle,,Crate-internal,Wake / park,False,False,False,Wake the entry if it is already in the pending queue of the timer wheel.
tokio,tokio::runtime::time_alt,tokio/src/runtime/time_alt/entry.rs,214,register_cancel_tx,Handle,,Crate-internal,I/O registration,False,False,False,Returns `false` if the `self` has already been cancelled or woken up.
tokio,tokio::runtime::time_alt,tokio/src/runtime/time_alt/entry.rs,226,poll,Handle,,Crate-internal,Poll function,False,False,False,
tokio,tokio::runtime::time_alt,tokio/src/runtime/time_alt/entry.rs,246,cancel,Handle,,Crate-internal,Lifecycle / ref-count,False,False,False,
tokio,tokio::runtime::time_alt,tokio/src/runtime/time_alt/entry.rs,262,deadline,Handle,,Crate-internal,Time / timers,False,False,False,
tokio,tokio::runtime::time_alt,tokio/src/runtime/time_alt/entry.rs,266,is_woken_up,Handle,,Crate-internal,Accessor / query,False,False,False,
tokio,tokio::runtime::time_alt,tokio/src/runtime/time_alt/entry.rs,271,is_cancelled,Handle,,Crate-internal,Accessor / query,False,False,False,
tokio,tokio::runtime::time_alt,tokio/src/runtime/time_alt/entry.rs,278,inner_strong_count,Handle,,Test,Metrics / counters,False,False,False,Only used for unit tests.
tokio,tokio::runtime::time_alt,tokio/src/runtime/time_alt/registration_queue.rs,11,drop,RegistrationQueue,Drop,Trait impl,Drop / cleanup,False,False,False,
tokio,tokio::runtime::time_alt,tokio/src/runtime/time_alt/registration_queue.rs,20,new,RegistrationQueue,,Crate-internal,Constructor,False,False,False,
tokio,tokio::runtime::time_alt,tokio/src/runtime/time_alt/registration_queue.rs,31,push_front,RegistrationQueue,,Crate-internal,Data movement,False,True,False,# Safety Behavior is undefined if any of the following conditions are violated: - `Entry::extra_pointers` of `hdl` must not being used.
tokio,tokio::runtime::time_alt,tokio/src/runtime/time_alt/registration_queue.rs,35,pop_front,RegistrationQueue,,Crate-internal,Data movement,False,False,False,
tokio,tokio::runtime::time_alt,tokio/src/runtime/time_alt/tests.rs,14,new_handle,,,Test,Constructor,False,False,False,
tokio,tokio::runtime::time_alt,tokio/src/runtime/time_alt/tests.rs,18,new_handle_with_deadline,,,Test,Constructor,False,False,False,
tokio,tokio::runtime::time_alt,tokio/src/runtime/time_alt/tests.rs,25,model,,,Test,Other / internal logic,False,False,False,
tokio,tokio::runtime::time_alt,tokio/src/runtime/time_alt/tests.rs,34,wake_up_in_the_same_thread,,,Test,Wake / park,False,False,False,
tokio,tokio::runtime::time_alt,tokio/src/runtime/time_alt/tests.rs,64,cancel_in_the_same_thread,,,Test,Lifecycle / ref-count,False,False,False,
tokio,tokio::runtime::time_alt,tokio/src/runtime/time_alt/tests.rs,99,insert_of_already_cancelled_entry_does_not_enter_wheel,,,Test,Data movement,False,False,False,
tokio,tokio::runtime::time_alt,tokio/src/runtime/time_alt/tests.rs,138,cancel_races_with_insert,,,Test,Lifecycle / ref-count,False,False,False,
tokio,tokio::runtime::time_alt,tokio/src/runtime/time_alt/tests.rs,192,wake_up_in_the_different_thread,,,Test,Wake / park,False,False,False,
tokio,tokio::runtime::time_alt,tokio/src/runtime/time_alt/tests.rs,228,cancel_in_the_different_thread,,,Test,Lifecycle / ref-count,False,False,False,
tokio,tokio::runtime::time_alt,tokio/src/runtime/time_alt/timer.rs,16,fmt,Timer,std::fmt::Debug,Trait impl,Formatting,False,False,False,
tokio,tokio::runtime::time_alt,tokio/src/runtime/time_alt/timer.rs,23,new,Timer,,Crate-internal,Constructor,False,False,False,
tokio,tokio::runtime::time_alt,tokio/src/runtime/time_alt/timer.rs,43,cancel,Timer,,Crate-internal,Lifecycle / ref-count,False,False,False,
tokio,tokio::runtime::time_alt,tokio/src/runtime/time_alt/timer.rs,47,is_elapsed,Timer,,Crate-internal,Accessor / query,False,False,False,
tokio,tokio::runtime::time_alt,tokio/src/runtime/time_alt/timer.rs,51,poll_elapsed,Timer,,Crate-internal,Poll function,False,False,False,
tokio,tokio::runtime::time_alt,tokio/src/runtime/time_alt/timer.rs,56,with_current_temp_local_context,,,Private helper,Constructor,False,False,False,
tokio,tokio::runtime::time_alt,tokio/src/runtime/time_alt/timer.rs,108,push_from_remote,,,Private helper,Data movement,False,False,False,
tokio,tokio::runtime::time_alt,tokio/src/runtime/time_alt/wake_queue.rs,11,drop,WakeQueue,Drop,Trait impl,Drop / cleanup,False,False,False,
tokio,tokio::runtime::time_alt,tokio/src/runtime/time_alt/wake_queue.rs,20,new,WakeQueue,,Crate-internal,Constructor,False,False,False,
tokio,tokio::runtime::time_alt,tokio/src/runtime/time_alt/wake_queue.rs,26,is_empty,WakeQueue,,Crate-internal,Accessor / query,False,False,False,
tokio,tokio::runtime::time_alt,tokio/src/runtime/time_alt/wake_queue.rs,35,push_front,WakeQueue,,Crate-internal,Data movement,False,True,False,# Safety Behavior is undefined if any of the following conditions are violated: - `Entry::extra_pointers` of `hdl` must not being used.
tokio,tokio::runtime::time_alt,tokio/src/runtime/time_alt/wake_queue.rs,40,wake_all,WakeQueue,,Crate-internal,Wake / park,False,False,False,Wakes all entries in the wake queue.
tokio,tokio::runtime::time_alt::cancellation_queue,tokio/src/runtime/time_alt/cancellation_queue/tests.rs,9,new_handle,,,Test,Constructor,False,False,False,
tokio,tokio::runtime::time_alt::cancellation_queue,tokio/src/runtime/time_alt/cancellation_queue/tests.rs,13,model,,,Test,Other / internal logic,False,False,False,
tokio,tokio::runtime::time_alt::cancellation_queue,tokio/src/runtime/time_alt/cancellation_queue/tests.rs,22,single_thread,,,Test,Other / internal logic,False,False,False,
tokio,tokio::runtime::time_alt::cancellation_queue,tokio/src/runtime/time_alt/cancellation_queue/tests.rs,38,multi_thread,,,Test,Other / internal logic,False,False,False,
tokio,tokio::runtime::time_alt::cancellation_queue,tokio/src/runtime/time_alt/cancellation_queue/tests.rs,82,drop_iter_should_not_leak_memory,,,Test,Lifecycle / ref-count,False,False,False,
tokio,tokio::runtime::time_alt::registration_queue,tokio/src/runtime/time_alt/registration_queue/tests.rs,9,new_handle,,,Test,Constructor,False,False,False,
tokio,tokio::runtime::time_alt::registration_queue,tokio/src/runtime/time_alt/registration_queue/tests.rs,13,model,,,Test,Other / internal logic,False,False,False,
tokio,tokio::runtime::time_alt::registration_queue,tokio/src/runtime/time_alt/registration_queue/tests.rs,22,sanity,,,Test,Other / internal logic,False,False,False,
tokio,tokio::runtime::time_alt::registration_queue,tokio/src/runtime/time_alt/registration_queue/tests.rs,38,drop_should_not_leak_memory,,,Test,Lifecycle / ref-count,False,False,False,
tokio,tokio::runtime::time_alt::wake_queue,tokio/src/runtime/time_alt/wake_queue/tests.rs,13,new_handle,,,Test,Constructor,False,False,False,
tokio,tokio::runtime::time_alt::wake_queue,tokio/src/runtime/time_alt/wake_queue/tests.rs,20,model,,,Test,Other / internal logic,False,False,False,
tokio,tokio::runtime::time_alt::wake_queue,tokio/src/runtime/time_alt/wake_queue/tests.rs,29,sanity,,,Test,Other / internal logic,False,False,False,
tokio,tokio::runtime::time_alt::wake_queue,tokio/src/runtime/time_alt/wake_queue/tests.rs,48,drop_should_not_leak_memory,,,Test,Lifecycle / ref-count,False,False,False,
tokio,tokio::runtime::time_alt::wheel,tokio/src/runtime/time_alt/wheel/level.rs,43,new,Level,,Crate-internal,Constructor,False,False,False,
tokio,tokio::runtime::time_alt::wheel,tokio/src/runtime/time_alt/wheel/level.rs,53,next_expiration,Level,,Crate-internal,Time / timers,False,False,False,Finds the slot that needs to be processed next and returns the slot and `Instant` at which this slot must be processed.
tokio,tokio::runtime::time_alt::wheel,tokio/src/runtime/time_alt/wheel/level.rs,110,next_occupied_slot,Level,,Private helper,Other / internal logic,False,False,False,
tokio,tokio::runtime::time_alt::wheel,tokio/src/runtime/time_alt/wheel/level.rs,131,add_entry,Level,,Crate-internal,Other / internal logic,False,True,False,
tokio,tokio::runtime::time_alt::wheel,tokio/src/runtime/time_alt/wheel/level.rs,141,remove_entry,Level,,Crate-internal,Data movement,False,True,False,
tokio,tokio::runtime::time_alt::wheel,tokio/src/runtime/time_alt/wheel/level.rs,159,take_slot,Level,,Crate-internal,Data movement,False,False,False,
tokio,tokio::runtime::time_alt::wheel,tokio/src/runtime/time_alt/wheel/level.rs,167,fmt,Level,fmt::Debug,Trait impl,Formatting,False,False,False,
tokio,tokio::runtime::time_alt::wheel,tokio/src/runtime/time_alt/wheel/level.rs,174,occupied_bit,,,Private helper,Other / internal logic,False,False,False,
tokio,tokio::runtime::time_alt::wheel,tokio/src/runtime/time_alt/wheel/level.rs,178,slot_range,,,Private helper,Other / internal logic,False,False,False,
tokio,tokio::runtime::time_alt::wheel,tokio/src/runtime/time_alt/wheel/level.rs,182,level_range,,,Private helper,Other / internal logic,False,False,False,
tokio,tokio::runtime::time_alt::wheel,tokio/src/runtime/time_alt/wheel/level.rs,187,slot_for,,,Private helper,Time / timers,False,False,False,Converts a duration (milliseconds) and a level to a slot position.
tokio,tokio::runtime::time_alt::wheel,tokio/src/runtime/time_alt/wheel/level.rs,196,test_slot_for,,,Test,Other / internal logic,False,False,False,
tokio,tokio::runtime::time_alt::wheel,tokio/src/runtime/time_alt/wheel/level.rs,209,level_with,,,Test,Other / internal logic,False,False,False,
tokio,tokio::runtime::time_alt::wheel,tokio/src/runtime/time_alt/wheel/level.rs,216,next_occupied_slot_on_an_empty_level,,,Test,Other / internal logic,False,False,False,
tokio,tokio::runtime::time_alt::wheel,tokio/src/runtime/time_alt/wheel/level.rs,222,next_occupied_slot_of_a_single_slot,,,Test,Other / internal logic,False,False,False,
tokio,tokio::runtime::time_alt::wheel,tokio/src/runtime/time_alt/wheel/level.rs,236,next_occupied_slot_picks_the_nearest_slot_forward,,,Test,Other / internal logic,False,False,False,
tokio,tokio::runtime::time_alt::wheel,tokio/src/runtime/time_alt/wheel/level.rs,246,next_occupied_slot_skips_the_slot_holding_now,,,Test,Other / internal logic,False,False,False,
tokio,tokio::runtime::time_alt::wheel,tokio/src/runtime/time_alt/wheel/level.rs,262,next_occupied_slot_of_the_slot_holding_now_when_it_is_the_only_one,,,Test,Other / internal logic,False,False,False,
tokio,tokio::runtime::time_alt::wheel,tokio/src/runtime/time_alt/wheel/level.rs,272,next_occupied_slot_of_the_last_slot,,,Test,Other / internal logic,False,False,False,
tokio,tokio::runtime::time_alt::wheel,tokio/src/runtime/time_alt/wheel/level.rs,280,next_expiration_reports_the_start_of_the_slot,,,Test,Time / timers,False,False,False,
tokio,tokio::runtime::time_alt::wheel,tokio/src/runtime/time_alt/wheel/level.rs,290,next_expiration_below_the_top_level,,,Test,Time / timers,False,False,False,
tokio,tokio::runtime::time_alt::wheel,tokio/src/runtime/time_alt/wheel/level.rs,298,next_expiration_at_the_top_level,,,Test,Time / timers,False,False,False,
tokio,tokio::runtime::time_alt::wheel,tokio/src/runtime/time_alt/wheel/level.rs,306,next_expiration_wraps_a_slot_at_or_behind_now,,,Test,Time / timers,False,False,False,
tokio,tokio::runtime::time_alt::wheel,tokio/src/runtime/time_alt/wheel/mod.rs,45,new,Wheel,,Crate-internal,Constructor,False,False,False,Creates a new timing wheel.
tokio,tokio::runtime::time_alt::wheel,tokio/src/runtime/time_alt/wheel/mod.rs,55,elapsed,Wheel,,Crate-internal,Time / timers,False,False,False,Returns the number of milliseconds that have elapsed since the timing wheel's creation.
tokio,tokio::runtime::time_alt::wheel,tokio/src/runtime/time_alt/wheel/mod.rs,70,insert,Wheel,,Crate-internal,Data movement,False,True,False,Inserts an entry into the timing wheel
tokio,tokio::runtime::time_alt::wheel,tokio/src/runtime/time_alt/wheel/mod.rs,100,remove,Wheel,,Crate-internal,Data movement,False,True,False,Removes `item` from the timing wheel.
tokio,tokio::runtime::time_alt::wheel,tokio/src/runtime/time_alt/wheel/mod.rs,114,take_expired,Wheel,,Crate-internal,Data movement,False,False,False,Advances the timer up to the instant represented by `now`.
tokio,tokio::runtime::time_alt::wheel,tokio/src/runtime/time_alt/wheel/mod.rs,127,next_expiration,Wheel,,Private helper,Time / timers,False,False,False,Returns the instant at which the next timeout expires.
tokio,tokio::runtime::time_alt::wheel,tokio/src/runtime/time_alt/wheel/mod.rs,144,next_expiration_time,Wheel,,Crate-internal,Time / timers,False,False,False,"Returns the tick at which this timer wheel next needs to perform some processing, or None if there are no timers registered."
tokio,tokio::runtime::time_alt::wheel,tokio/src/runtime/time_alt/wheel/mod.rs,149,no_expirations_before,Wheel,,Private helper,Other / internal logic,False,False,False,Used for debug assertions
tokio,tokio::runtime::time_alt::wheel,tokio/src/runtime/time_alt/wheel/mod.rs,160,process_expiration,Wheel,,Crate-internal,Time / timers,False,False,False,iteratively find entries that are between the wheel's current time and the expiration time.
tokio,tokio::runtime::time_alt::wheel,tokio/src/runtime/time_alt/wheel/mod.rs,197,set_elapsed,Wheel,,Private helper,Configuration / setter,False,False,False,
tokio,tokio::runtime::time_alt::wheel,tokio/src/runtime/time_alt/wheel/mod.rs,211,take_entries,Wheel,,Private helper,Data movement,False,False,False,Obtains the list of entries that need processing for the given expiration.
tokio,tokio::runtime::time_alt::wheel,tokio/src/runtime/time_alt/wheel/mod.rs,215,level_for,Wheel,,Private helper,Time / timers,False,False,False,
tokio,tokio::runtime::time_alt::wheel,tokio/src/runtime/time_alt/wheel/mod.rs,220,level_for,,,Private helper,Time / timers,False,False,False,
tokio,tokio::runtime::time_alt::wheel,tokio/src/runtime/time_alt/wheel/mod.rs,241,test_level_for,,,Test,Other / internal logic,False,False,False,
tokio,tokio::runtime::time_alt::wheel,tokio/src/runtime/time_alt/wheel/mod.rs,277,insert_entry,,,Test,Data movement,False,False,False,
tokio,tokio::runtime::time_alt::wheel,tokio/src/runtime/time_alt/wheel/mod.rs,284,poll,,,Test,Poll function,False,False,False,
tokio,tokio::runtime::time_alt::wheel,tokio/src/runtime/time_alt/wheel/mod.rs,290,test_next_expiration_to_level_4,,,Test,Other / internal logic,False,False,False,
tokio,tokio::runtime::time_alt::wheel,tokio/src/runtime/time_alt/wheel/mod.rs,315,test_next_expiration_to_level_5,,,Test,Other / internal logic,False,False,False,
tokio,tokio::runtime::time_alt::wheel,tokio/src/runtime/time_alt/wheel/mod.rs,339,test_next_expiration_after_level_5,,,Test,Other / internal logic,False,False,False,
tokio,tokio::runtime::time_alt::wheel,tokio/src/runtime/time_alt/wheel/mod.rs,364,test_next_expiration_after_level_5_twice,,,Test,Other / internal logic,False,False,False,
tokio,tokio::runtime::time_alt::wheel,tokio/src/runtime/time_alt/wheel/mod.rs,395,test_next_expiration_to_level_5_and_after_level_5,,,Test,Other / internal logic,False,False,False,
tokio,tokio::runtime::time_alt::wheel,tokio/src/runtime/time_alt/wheel/mod.rs,428,test_next_expiration_at_slot_5_of_the_top_level,,,Test,Other / internal logic,False,False,False,
tokio,tokio::signal,tokio/src/signal/ctrl_c.rs,59,ctrl_c,,,Public API,Async operation,True,False,False,"Completes when a ""ctrl-c"" notification is sent to the process."
tokio,tokio::signal,tokio/src/signal/mod.rs,67,make_future,,,Private helper,Async operation,True,False,False,
tokio,tokio::signal,tokio/src/signal/mod.rs,73,new,RxFuture,,Private helper,Constructor,False,False,False,
tokio,tokio::signal,tokio/src/signal/mod.rs,79,recv,RxFuture,,Private helper,Data movement,True,False,False,
tokio,tokio::signal,tokio/src/signal/mod.rs,84,poll_recv,RxFuture,,Private helper,Poll function,False,False,False,
tokio,tokio::signal,tokio/src/signal/registry.rs,19,default,EventInfo,Default,Trait impl,Constructor,False,False,False,
tokio,tokio::signal,tokio/src/signal/registry.rs,32,event_info,trait Storage,,Trait method (declaration/default),Other / internal logic,False,False,False,Gets the `EventInfo` for `id` if it exists.
tokio,tokio::signal,tokio/src/signal/registry.rs,35,iter,trait Storage,,Trait method (declaration/default),Combinator / iteration,False,False,False,Returns an iterator over the storage.
tokio,tokio::signal,tokio/src/signal/registry.rs,39,event_info,Vec<EventInfo>,Storage,Trait impl,Other / internal logic,False,False,False,
tokio,tokio::signal,tokio/src/signal/registry.rs,43,iter,Vec<EventInfo>,Storage,Trait impl,Combinator / iteration,False,False,False,
tokio,tokio::signal,tokio/src/signal/registry.rs,58,new,Registry<S>,,Private helper,Constructor,False,False,False,
tokio,tokio::signal,tokio/src/signal/registry.rs,65,register_listener,Registry<S>,,Private helper,I/O registration,False,False,False,Registers a new listener for `event_id`.
tokio,tokio::signal,tokio/src/signal/registry.rs,75,record_event,Registry<S>,,Private helper,Other / internal logic,False,False,False,"Marks `event_id` as having been delivered, without broadcasting it to any listeners."
tokio,tokio::signal,tokio/src/signal/registry.rs,84,broadcast,Registry<S>,,Private helper,Data movement,False,False,False,Broadcasts all previously recorded events to their respective listeners.
tokio,tokio::signal,tokio/src/signal/registry.rs,103,deref,Globals,ops::Deref,Trait impl,Deref,False,False,False,
tokio,tokio::signal,tokio/src/signal/registry.rs,110,register_listener,Globals,,Crate-internal,I/O registration,False,False,False,Registers a new listener for `event_id`.
tokio,tokio::signal,tokio/src/signal/registry.rs,116,record_event,Globals,,Crate-internal,Other / internal logic,False,False,False,"Marks `event_id` as having been delivered, without broadcasting it to any listeners."
tokio,tokio::signal,tokio/src/signal/registry.rs,123,broadcast,Globals,,Crate-internal,Data movement,False,False,False,Broadcasts all previously recorded events to their respective listeners.
tokio,tokio::signal,tokio/src/signal/registry.rs,128,storage,Globals,,Crate-internal,Other / internal logic,False,False,False,
tokio,tokio::signal,tokio/src/signal/registry.rs,133,globals_init,,,Private helper,Other / internal logic,False,False,False,
tokio,tokio::signal,tokio/src/signal/registry.rs,144,globals,,,Crate-internal,Other / internal logic,False,False,False,
tokio,tokio::signal,tokio/src/signal/registry.rs,163,smoke,,,Test,Other / internal logic,False,False,False,
tokio,tokio::signal,tokio/src/signal/registry.rs,215,register_panics_on_invalid_input,,,Test,I/O registration,False,False,False,
tokio,tokio::signal,tokio/src/signal/registry.rs,222,record_invalid_event_does_nothing,,,Test,Other / internal logic,False,False,False,
tokio,tokio::signal,tokio/src/signal/registry.rs,228,broadcast_returns_if_at_least_one_event_fired,,,Test,Data movement,False,False,False,
tokio,tokio::signal,tokio/src/signal/registry.rs,247,rt,,,Test,Other / internal logic,False,False,False,
tokio,tokio::signal,tokio/src/signal/registry.rs,254,collect,,,Test,Async operation,True,False,False,
tokio,tokio::signal,tokio/src/signal/reusable_box.rs,19,new,ReusableBoxFuture<T>,,Crate-internal,Constructor,False,False,False,Create a new `ReusableBoxFuture<T>` containing the provided future.
tokio,tokio::signal,tokio/src/signal/reusable_box.rs,37,set,ReusableBoxFuture<T>,,Crate-internal,Configuration / setter,False,False,False,Replaces the future currently stored in this box.
tokio,tokio::signal,tokio/src/signal/reusable_box.rs,51,try_set,ReusableBoxFuture<T>,,Crate-internal,Non-blocking attempt,False,False,False,Replaces the future currently stored in this box.
tokio,tokio::signal,tokio/src/signal/reusable_box.rs,79,set_same_layout,ReusableBoxFuture<T>,,Private helper,Configuration / setter,False,True,False,Sets the current future.
tokio,tokio::signal,tokio/src/signal/reusable_box.rs,110,get_pin,ReusableBoxFuture<T>,,Crate-internal,Accessor / query,False,False,False,Gets a pinned reference to the underlying future.
tokio,tokio::signal,tokio/src/signal/reusable_box.rs,117,poll,ReusableBoxFuture<T>,,Crate-internal,Poll function,False,False,False,Polls the future stored inside this box.
tokio,tokio::signal,tokio/src/signal/reusable_box.rs,126,poll,ReusableBoxFuture<T>,Future,Trait impl,Future impl (poll),False,False,False,Polls the future stored inside this box.
tokio,tokio::signal,tokio/src/signal/reusable_box.rs,143,drop,ReusableBoxFuture<T>,Drop,Trait impl,Drop / cleanup,False,False,False,
tokio,tokio::signal,tokio/src/signal/reusable_box.rs,151,fmt,ReusableBoxFuture<T>,fmt::Debug,Trait impl,Formatting,False,False,False,
tokio,tokio::signal,tokio/src/signal/reusable_box.rs,166,test_different_futures,,,Test,Other / internal logic,False,False,False,
tokio,tokio::signal,tokio/src/signal/reusable_box.rs,187,test_different_sizes,,,Test,Other / internal logic,False,False,False,
tokio,tokio::signal,tokio/src/signal/reusable_box.rs,208,poll,ZeroSizedFuture,Future,Test,Future impl (poll),False,False,False,
tokio,tokio::signal,tokio/src/signal/reusable_box.rs,214,test_zero_sized,,,Test,Other / internal logic,False,False,False,
tokio,tokio::signal,tokio/src/signal/unix.rs,27,get,OsStorage,,Private helper,Accessor / query,False,False,False,
tokio,tokio::signal,tokio/src/signal/unix.rs,33,default,OsStorage,Default,Trait impl,Constructor,False,False,False,
tokio,tokio::signal,tokio/src/signal/unix.rs,51,event_info,OsStorage,Storage,Trait impl,Other / internal logic,False,False,False,
tokio,tokio::signal,tokio/src/signal/unix.rs,55,iter,OsStorage,Storage,Trait impl,Combinator / iteration,False,False,False,
tokio,tokio::signal,tokio/src/signal/unix.rs,67,default,OsExtraData,Default,Trait impl,Constructor,False,False,False,
tokio,tokio::signal,tokio/src/signal/unix.rs,95,from_raw,SignalKind,,Public API,Conversion,False,False,True,
tokio,tokio::signal,tokio/src/signal/unix.rs,106,as_raw_value,SignalKind,,Public API,Conversion,False,False,True,Get the signal's numeric value.
tokio,tokio::signal,tokio/src/signal/unix.rs,114,alarm,SignalKind,,Public API,Other / internal logic,False,False,True,Represents the `SIGALRM` signal.
tokio,tokio::signal,tokio/src/signal/unix.rs,122,child,SignalKind,,Public API,Other / internal logic,False,False,True,Represents the `SIGCHLD` signal.
tokio,tokio::signal,tokio/src/signal/unix.rs,130,hangup,SignalKind,,Public API,Other / internal logic,False,False,True,Represents the `SIGHUP` signal.
tokio,tokio::signal,tokio/src/signal/unix.rs,146,info,SignalKind,,Public API,Other / internal logic,False,False,True,
tokio,tokio::signal,tokio/src/signal/unix.rs,154,interrupt,SignalKind,,Public API,Other / internal logic,False,False,True,Represents the `SIGINT` signal.
tokio,tokio::signal,tokio/src/signal/unix.rs,163,io,SignalKind,,Public API,Other / internal logic,False,False,True,Represents the `SIGPOLL` signal.
tokio,tokio::signal,tokio/src/signal/unix.rs,171,io,SignalKind,,Public API,Other / internal logic,False,False,True,Represents the `SIGIO` signal.
tokio,tokio::signal,tokio/src/signal/unix.rs,180,pipe,SignalKind,,Public API,Other / internal logic,False,False,True,Represents the `SIGPIPE` signal.
tokio,tokio::signal,tokio/src/signal/unix.rs,189,quit,SignalKind,,Public API,Other / internal logic,False,False,True,Represents the `SIGQUIT` signal.
tokio,tokio::signal,tokio/src/signal/unix.rs,197,terminate,SignalKind,,Public API,Other / internal logic,False,False,True,Represents the `SIGTERM` signal.
tokio,tokio::signal,tokio/src/signal/unix.rs,205,user_defined1,SignalKind,,Public API,Other / internal logic,False,False,True,Represents the `SIGUSR1` signal.
tokio,tokio::signal,tokio/src/signal/unix.rs,213,user_defined2,SignalKind,,Public API,Other / internal logic,False,False,True,Represents the `SIGUSR2` signal.
tokio,tokio::signal,tokio/src/signal/unix.rs,221,window_change,SignalKind,,Public API,Other / internal logic,False,False,True,Represents the `SIGWINCH` signal.
tokio,tokio::signal,tokio/src/signal/unix.rs,227,from,SignalKind,From<std::os::raw::c_int>,Trait impl,Conversion,False,False,False,
tokio,tokio::signal,tokio/src/signal/unix.rs,233,from,std::os::raw::c_int,From<SignalKind>,Trait impl,Conversion,False,False,False,
tokio,tokio::signal,tokio/src/signal/unix.rs,252,action,,,Private helper,Other / internal logic,False,False,False,Our global signal handler for all signals registered by this module.
tokio,tokio::signal,tokio/src/signal/unix.rs,266,signal_enable,,,Private helper,Other / internal logic,False,False,False,Enables this module to receive signal notifications for the `signal` provided.
tokio,tokio::signal,tokio/src/signal/unix.rs,398,signal,,,Public API,Other / internal logic,False,False,False,Creates a new listener which will receive notifications when the current process receives the specified signal `kind`.
tokio,tokio::signal,tokio/src/signal/unix.rs,407,signal_with_handle,,,Crate-internal,Other / internal logic,False,False,False,
tokio,tokio::signal,tokio/src/signal/unix.rs,448,recv,Signal,,Public API,Data movement,True,False,False,Receives the next signal notification event.
tokio,tokio::signal,tokio/src/signal/unix.rs,482,poll_recv,Signal,,Public API,Poll function,False,False,False,"Polls to receive the next signal notification event, outside of an `async` context."
tokio,tokio::signal,tokio/src/signal/unix.rs,490,poll_recv,trait InternalStream,,Trait method (declaration/default),Poll function,False,False,False,
tokio,tokio::signal,tokio/src/signal/unix.rs,495,poll_recv,Signal,InternalStream,Trait impl,Poll function,False,False,False,
tokio,tokio::signal,tokio/src/signal/unix.rs,500,ctrl_c,,,Crate-internal,Other / internal logic,False,False,False,
tokio,tokio::signal,tokio/src/signal/unix.rs,509,signal_enable_error_on_invalid_input,,,Test,Other / internal logic,False,False,False,
tokio,tokio::signal,tokio/src/signal/unix.rs,523,signal_enable_error_on_forbidden_input,,,Test,Other / internal logic,False,False,False,
tokio,tokio::signal,tokio/src/signal/unix.rs,537,from_c_int,,,Test,Conversion,False,False,False,
tokio,tokio::signal,tokio/src/signal/unix.rs,542,into_c_int,,,Test,Conversion,False,False,False,
tokio,tokio::signal,tokio/src/signal/windows.rs,46,ctrl_c,,,Public API,Other / internal logic,False,False,False,"Creates a new listener which receives ""ctrl-c"" notifications sent to the process."
tokio,tokio::signal,tokio/src/signal/windows.rs,93,recv,CtrlC,,Public API,Data movement,True,False,False,Receives the next signal notification event.
tokio,tokio::signal,tokio/src/signal/windows.rs,127,poll_recv,CtrlC,,Public API,Poll function,False,False,False,"Polls to receive the next signal notification event, outside of an `async` context."
tokio,tokio::signal,tokio/src/signal/windows.rs,172,recv,CtrlBreak,,Public API,Data movement,True,False,False,Receives the next signal notification event.
tokio,tokio::signal,tokio/src/signal/windows.rs,206,poll_recv,CtrlBreak,,Public API,Poll function,False,False,False,"Polls to receive the next signal notification event, outside of an `async` context."
tokio,tokio::signal,tokio/src/signal/windows.rs,231,ctrl_break,,,Public API,Other / internal logic,False,False,False,"Creates a new listener which receives ""ctrl-break"" notifications sent to the process."
tokio,tokio::signal,tokio/src/signal/windows.rs,259,ctrl_close,,,Public API,Other / internal logic,False,False,False,"Creates a new listener which receives ""ctrl-close"" notifications sent to the process."
tokio,tokio::signal,tokio/src/signal/windows.rs,301,recv,CtrlClose,,Public API,Data movement,True,False,False,Receives the next signal notification event.
tokio,tokio::signal,tokio/src/signal/windows.rs,335,poll_recv,CtrlClose,,Public API,Poll function,False,False,False,"Polls to receive the next signal notification event, outside of an `async` context."
tokio,tokio::signal,tokio/src/signal/windows.rs,359,ctrl_shutdown,,,Public API,Other / internal logic,False,False,False,"Creates a new listener which receives ""ctrl-shutdown"" notifications sent to the process."
tokio,tokio::signal,tokio/src/signal/windows.rs,401,recv,CtrlShutdown,,Public API,Data movement,True,False,False,Receives the next signal notification event.
tokio,tokio::signal,tokio/src/signal/windows.rs,435,poll_recv,CtrlShutdown,,Public API,Poll function,False,False,False,"Polls to receive the next signal notification event, outside of an `async` context."
tokio,tokio::signal,tokio/src/signal/windows.rs,459,ctrl_logoff,,,Public API,Other / internal logic,False,False,False,"Creates a new listener which receives ""ctrl-logoff"" notifications sent to the process."
tokio,tokio::signal,tokio/src/signal/windows.rs,501,recv,CtrlLogoff,,Public API,Data movement,True,False,False,Receives the next signal notification event.
tokio,tokio::signal,tokio/src/signal/windows.rs,535,poll_recv,CtrlLogoff,,Public API,Poll function,False,False,False,"Polls to receive the next signal notification event, outside of an `async` context."
tokio,tokio::signal::windows,tokio/src/signal/windows/stub.rs,7,ctrl_break,,,Crate-internal,Other / internal logic,False,False,False,
tokio,tokio::signal::windows,tokio/src/signal/windows/stub.rs,11,ctrl_close,,,Crate-internal,Other / internal logic,False,False,False,
tokio,tokio::signal::windows,tokio/src/signal/windows/stub.rs,15,ctrl_c,,,Crate-internal,Other / internal logic,False,False,False,
tokio,tokio::signal::windows,tokio/src/signal/windows/stub.rs,19,ctrl_logoff,,,Crate-internal,Other / internal logic,False,False,False,
tokio,tokio::signal::windows,tokio/src/signal/windows/stub.rs,23,ctrl_shutdown,,,Crate-internal,Other / internal logic,False,False,False,
tokio,tokio::signal::windows,tokio/src/signal/windows/sys.rs,25,terminates,SignalKind,,Private helper,Other / internal logic,False,False,True,
tokio,tokio::signal::windows,tokio/src/signal/windows/sys.rs,39,ctrl_break,,,Crate-internal,Other / internal logic,False,False,False,
tokio,tokio::signal::windows,tokio/src/signal/windows/sys.rs,43,ctrl_close,,,Crate-internal,Other / internal logic,False,False,False,
tokio,tokio::signal::windows,tokio/src/signal/windows/sys.rs,47,ctrl_c,,,Crate-internal,Other / internal logic,False,False,False,
tokio,tokio::signal::windows,tokio/src/signal/windows/sys.rs,51,ctrl_logoff,,,Crate-internal,Other / internal logic,False,False,False,
tokio,tokio::signal::windows,tokio/src/signal/windows/sys.rs,55,ctrl_shutdown,,,Crate-internal,Other / internal logic,False,False,False,
tokio,tokio::signal::windows,tokio/src/signal/windows/sys.rs,59,new,,,Private helper,Constructor,False,False,False,
tokio,tokio::signal::windows,tokio/src/signal/windows/sys.rs,91,index,Registry,Index<SignalKind>,Trait impl,Other / internal logic,False,False,False,
tokio,tokio::signal::windows,tokio/src/signal/windows/sys.rs,108,handler,,,Private helper,Other / internal logic,False,True,False,
tokio,tokio::signal::windows,tokio/src/signal/windows/sys.rs,151,raise_event,,,Test,Other / internal logic,False,True,False,
tokio,tokio::signal::windows,tokio/src/signal/windows/sys.rs,162,ctrl_c,,,Test,Other / internal logic,False,False,False,
tokio,tokio::signal::windows,tokio/src/signal/windows/sys.rs,181,ctrl_break,,,Test,Other / internal logic,False,False,False,
tokio,tokio::signal::windows,tokio/src/signal/windows/sys.rs,199,ctrl_close,,,Test,Other / internal logic,False,False,False,
tokio,tokio::signal::windows,tokio/src/signal/windows/sys.rs,217,ctrl_shutdown,,,Test,Other / internal logic,False,False,False,
tokio,tokio::signal::windows,tokio/src/signal/windows/sys.rs,235,ctrl_logoff,,,Test,Other / internal logic,False,False,False,
tokio,tokio::signal::windows,tokio/src/signal/windows/sys.rs,252,rt,,,Test,Other / internal logic,False,False,False,
tokio,tokio::sync,tokio/src/sync/barrier.rs,63,new,Barrier,,Public API,Constructor,False,False,False,Creates a new barrier that can block a given number of tasks.
tokio,tokio::sync,tokio/src/sync/barrier.rs,125,wait,Barrier,,Public API,Runtime/task control,True,False,False,Does not resolve until all tasks have rendezvoused here.
tokio,tokio::sync,tokio/src/sync/barrier.rs,139,wait_internal,Barrier,,Private helper,Runtime/task control,True,False,False,
tokio,tokio::sync,tokio/src/sync/barrier.rs,210,is_leader,BarrierWaitResult,,Public API,Accessor / query,False,False,False,"Returns `true` if this task from wait is the ""leader task""."
tokio,tokio::sync,tokio/src/sync/batch_semaphore.rs,116,addr_of_pointers,Waiter,,Private helper,Handle / reference plumbing,False,True,False,
tokio,tokio::sync,tokio/src/sync/batch_semaphore.rs,140,new,Semaphore,,Crate-internal,Constructor,False,False,False,Creates a new semaphore with the initial number of permits Maximum number of permits on 32-bit platforms is `1<<29`.
tokio,tokio::sync,tokio/src/sync/batch_semaphore.rs,182,const_new,Semaphore,,Crate-internal,Constructor,False,False,True,Creates a new semaphore with the initial number of permits.
tokio,tokio::sync,tokio/src/sync/batch_semaphore.rs,197,new_closed,Semaphore,,Crate-internal,Constructor,False,False,False,Creates a new closed semaphore with 0 permits.
tokio,tokio::sync,tokio/src/sync/batch_semaphore.rs,211,const_new_closed,Semaphore,,Crate-internal,Constructor,False,False,True,Creates a new closed semaphore with 0 permits.
tokio,tokio::sync,tokio/src/sync/batch_semaphore.rs,224,available_permits,Semaphore,,Crate-internal,Other / internal logic,False,False,False,Returns the current number of available permits.
tokio,tokio::sync,tokio/src/sync/batch_semaphore.rs,231,release,Semaphore,,Crate-internal,Locking / permits,False,False,False,Adds `added` new permits to the semaphore.
tokio,tokio::sync,tokio/src/sync/batch_semaphore.rs,242,close,Semaphore,,Crate-internal,Data movement,False,False,False,Closes the semaphore.
tokio,tokio::sync,tokio/src/sync/batch_semaphore.rs,262,is_closed,Semaphore,,Crate-internal,Accessor / query,False,False,False,Returns true if the semaphore is closed.
tokio,tokio::sync,tokio/src/sync/batch_semaphore.rs,266,try_acquire,Semaphore,,Crate-internal,Non-blocking attempt,False,False,False,
tokio,tokio::sync,tokio/src/sync/batch_semaphore.rs,297,acquire,Semaphore,,Crate-internal,Locking / permits,False,False,False,
tokio,tokio::sync,tokio/src/sync/batch_semaphore.rs,306,add_permits_locked,Semaphore,,Private helper,Locking / permits,False,False,False,"Release `rem` permits to the semaphore's wait list, starting from the end of the queue."
tokio,tokio::sync,tokio/src/sync/batch_semaphore.rs,376,forget_permits,Semaphore,,Crate-internal,Locking / permits,False,False,False,Decrease a semaphore's permits by a maximum of `n`.
tokio,tokio::sync,tokio/src/sync/batch_semaphore.rs,397,poll_acquire,Semaphore,,Private helper,Poll function,False,False,False,
tokio,tokio::sync,tokio/src/sync/batch_semaphore.rs,526,fmt,Semaphore,fmt::Debug,Trait impl,Formatting,False,False,False,
tokio,tokio::sync,tokio/src/sync/batch_semaphore.rs,534,new,Waiter,,Private helper,Constructor,False,False,False,
tokio,tokio::sync,tokio/src/sync/batch_semaphore.rs,551,assign_permits,Waiter,,Private helper,Other / internal logic,False,False,False,Assign permits to the waiter.
tokio,tokio::sync,tokio/src/sync/batch_semaphore.rs,578,poll,Acquire<'_>,Future,Trait impl,Future impl (poll),False,False,False,
tokio,tokio::sync,tokio/src/sync/batch_semaphore.rs,622,new,Acquire<'a>,,Private helper,Constructor,False,False,False,
tokio,tokio::sync,tokio/src/sync/batch_semaphore.rs,666,project,Acquire<'a>,,Private helper,Combinator / iteration,False,False,False,
tokio,tokio::sync,tokio/src/sync/batch_semaphore.rs,667,is_unpin,,,Private helper,Accessor / query,False,False,False,
tokio,tokio::sync,tokio/src/sync/batch_semaphore.rs,687,drop,Acquire<'_>,Drop,Trait impl,Drop / cleanup,False,False,False,
tokio,tokio::sync,tokio/src/sync/batch_semaphore.rs,721,closed,AcquireError,,Private helper,Data movement,False,False,False,
tokio,tokio::sync,tokio/src/sync/batch_semaphore.rs,727,fmt,AcquireError,fmt::Display,Trait impl,Formatting,False,False,False,
tokio,tokio::sync,tokio/src/sync/batch_semaphore.rs,739,is_closed,TryAcquireError,,Crate-internal,Accessor / query,False,False,False,Returns `true` if the error was caused by a closed semaphore.
tokio,tokio::sync,tokio/src/sync/batch_semaphore.rs,746,is_no_permits,TryAcquireError,,Crate-internal,Accessor / query,False,False,False,Returns `true` if the error was caused by calling `try_acquire` on a semaphore with no available permits.
tokio,tokio::sync,tokio/src/sync/batch_semaphore.rs,752,fmt,TryAcquireError,fmt::Display,Trait impl,Formatting,False,False,False,
tokio,tokio::sync,tokio/src/sync/batch_semaphore.rs,769,as_raw,Waiter,linked_list::Link,Trait impl,Intrusive-list link,False,False,False,
tokio,tokio::sync,tokio/src/sync/batch_semaphore.rs,773,from_raw,Waiter,linked_list::Link,Trait impl,Intrusive-list link,False,True,False,
tokio,tokio::sync,tokio/src/sync/batch_semaphore.rs,777,pointers,Waiter,linked_list::Link,Trait impl,Intrusive-list link,False,True,False,
tokio,tokio::sync,tokio/src/sync/broadcast.rs,278,fmt,SendError<T>,fmt::Display,Trait impl,Formatting,False,False,False,
tokio,tokio::sync,tokio/src/sync/broadcast.rs,311,fmt,RecvError,fmt::Display,Trait impl,Formatting,False,False,False,
tokio,tokio::sync,tokio/src/sync/broadcast.rs,353,fmt,TryRecvError,fmt::Display,Trait impl,Formatting,False,False,False,
tokio,tokio::sync,tokio/src/sync/broadcast.rs,440,new,Waiter,,Private helper,Constructor,False,False,False,
tokio,tokio::sync,tokio/src/sync/broadcast.rs,452,addr_of_pointers,Waiter,,Private helper,Handle / reference plumbing,False,True,False,
tokio,tokio::sync,tokio/src/sync/broadcast.rs,539,channel,,,Public API,Constructor,False,False,False,"Create a bounded, multi-producer, multi-consumer channel where each sent value is broadcasted to all active receivers."
tokio,tokio::sync,tokio/src/sync/broadcast.rs,557,new,Sender<T>,,Public API,Constructor,False,False,False,Creates the sending-half of the [`broadcast`] channel.
tokio,tokio::sync,tokio/src/sync/broadcast.rs,574,new_with_receiver_count,Sender<T>,,Private helper,Constructor,False,True,False,"Creates the sending-half of the [`broadcast`](self) channel, and provide the receiver count."
tokio,tokio::sync,tokio/src/sync/broadcast.rs,660,send,Sender<T>,,Public API,Data movement,False,False,False,"Attempts to send a value to all active [`Receiver`] handles, returning it back if it could not be sent."
tokio,tokio::sync,tokio/src/sync/broadcast.rs,721,subscribe,Sender<T>,,Public API,Data movement,False,False,False,Creates a new [`Receiver`] handle that will receive values sent **after** this call to `subscribe`.
tokio,tokio::sync,tokio/src/sync/broadcast.rs,731,downgrade,Sender<T>,,Public API,Handle / reference plumbing,False,False,False,"Converts the `Sender` to a [`WeakSender`] that does not count towards RAII semantics, i.e."
tokio,tokio::sync,tokio/src/sync/broadcast.rs,775,len,Sender<T>,,Public API,Accessor / query,False,False,False,Returns the number of queued values.
tokio,tokio::sync,tokio/src/sync/broadcast.rs,822,is_empty,Sender<T>,,Public API,Accessor / query,False,False,False,Returns true if there are no queued values.
tokio,tokio::sync,tokio/src/sync/broadcast.rs,865,receiver_count,Sender<T>,,Public API,Data movement,False,False,False,Returns the number of active receivers.
tokio,tokio::sync,tokio/src/sync/broadcast.rs,889,same_channel,Sender<T>,,Public API,Handle / reference plumbing,False,False,False,Returns `true` if senders belong to the same channel.
tokio,tokio::sync,tokio/src/sync/broadcast.rs,918,closed,Sender<T>,,Public API,Data movement,True,False,False,A future which completes when the number of [Receiver]s subscribed to this `Sender` reaches zero.
tokio,tokio::sync,tokio/src/sync/broadcast.rs,934,close_channel,Sender<T>,,Private helper,Data movement,False,False,False,
tokio,tokio::sync,tokio/src/sync/broadcast.rs,942,strong_count,Sender<T>,,Public API,Metrics / counters,False,False,False,Returns the number of [`Sender`] handles.
tokio,tokio::sync,tokio/src/sync/broadcast.rs,947,weak_count,Sender<T>,,Public API,Metrics / counters,False,False,False,Returns the number of [`WeakSender`] handles.
tokio,tokio::sync,tokio/src/sync/broadcast.rs,953,new_receiver,,,Private helper,Constructor,False,False,False,Create a new `Receiver` which reads starting from the tail.
tokio,tokio::sync,tokio/src/sync/broadcast.rs,983,drop,"WaitersList<'a, T>",Drop,Trait impl,Drop / cleanup,False,False,False,
tokio,tokio::sync,tokio/src/sync/broadcast.rs,994,new,"WaitersList<'a, T>",,Private helper,Constructor,False,False,False,
tokio,tokio::sync,tokio/src/sync/broadcast.rs,1010,pop_back_locked,"WaitersList<'a, T>",,Private helper,Data movement,False,False,False,Removes the last element from the guarded list.
tokio,tokio::sync,tokio/src/sync/broadcast.rs,1022,notify_rx,Shared<T>,,Private helper,Wake / park,False,False,False,
tokio,tokio::sync,tokio/src/sync/broadcast.rs,1088,clone,Sender<T>,Clone,Trait impl,Clone,False,False,False,
tokio,tokio::sync,tokio/src/sync/broadcast.rs,1097,drop,Sender<T>,Drop,Trait impl,Drop / cleanup,False,False,False,
tokio,tokio::sync,tokio/src/sync/broadcast.rs,1110,upgrade,WeakSender<T>,,Public API,Handle / reference plumbing,False,False,False,Tries to convert a `WeakSender` into a [`Sender`].
tokio,tokio::sync,tokio/src/sync/broadcast.rs,1135,strong_count,WeakSender<T>,,Public API,Metrics / counters,False,False,False,Returns the number of [`Sender`] handles.
tokio,tokio::sync,tokio/src/sync/broadcast.rs,1140,weak_count,WeakSender<T>,,Public API,Metrics / counters,False,False,False,Returns the number of [`WeakSender`] handles.
tokio,tokio::sync,tokio/src/sync/broadcast.rs,1146,clone,WeakSender<T>,Clone,Trait impl,Clone,False,False,False,
tokio,tokio::sync,tokio/src/sync/broadcast.rs,1155,drop,WeakSender<T>,Drop,Trait impl,Drop / cleanup,False,False,False,
tokio,tokio::sync,tokio/src/sync/broadcast.rs,1198,len,Receiver<T>,,Public API,Accessor / query,False,False,False,Returns the number of messages that were sent into the channel and that this [`Receiver`] has yet to receive.
tokio,tokio::sync,tokio/src/sync/broadcast.rs,1228,is_empty,Receiver<T>,,Public API,Accessor / query,False,False,False,Returns true if there aren't any messages in the channel that the [`Receiver`] has yet to receive.
tokio,tokio::sync,tokio/src/sync/broadcast.rs,1251,same_channel,Receiver<T>,,Public API,Handle / reference plumbing,False,False,False,Returns `true` if receivers belong to the same channel.
tokio,tokio::sync,tokio/src/sync/broadcast.rs,1256,recv_ref,Receiver<T>,,Private helper,Data movement,False,False,False,Locks the next value if there is one.
tokio,tokio::sync,tokio/src/sync/broadcast.rs,1364,sender_strong_count,Receiver<T>,,Public API,Data movement,False,False,False,Returns the number of [`Sender`] handles.
tokio,tokio::sync,tokio/src/sync/broadcast.rs,1369,sender_weak_count,Receiver<T>,,Public API,Data movement,False,False,False,Returns the number of [`WeakSender`] handles.
tokio,tokio::sync,tokio/src/sync/broadcast.rs,1394,is_closed,Receiver<T>,,Public API,Accessor / query,False,False,False,Checks if a channel is closed.
tokio,tokio::sync,tokio/src/sync/broadcast.rs,1424,resubscribe,Receiver<T>,,Public API,Other / internal logic,False,False,False,Re-subscribes to the channel starting from the current tail element.
tokio,tokio::sync,tokio/src/sync/broadcast.rs,1502,recv,Receiver<T>,,Public API,Data movement,True,False,False,Receives the next value for this receiver.
tokio,tokio::sync,tokio/src/sync/broadcast.rs,1548,try_recv,Receiver<T>,,Public API,Non-blocking attempt,False,False,False,Attempts to return a pending value on this receiver without awaiting.
tokio,tokio::sync,tokio/src/sync/broadcast.rs,1580,blocking_recv,Receiver<T>,,Public API,Blocking (sync) variant,False,False,False,Blocking receive to call outside of asynchronous contexts.
tokio,tokio::sync,tokio/src/sync/broadcast.rs,1586,drop,Receiver<T>,Drop,Trait impl,Drop / cleanup,False,False,False,
tokio,tokio::sync,tokio/src/sync/broadcast.rs,1615,new,"Recv<'a, T>",,Private helper,Constructor,False,False,False,
tokio,tokio::sync,tokio/src/sync/broadcast.rs,1629,project,"Recv<'a, T>",,Private helper,Combinator / iteration,False,False,False,A custom `project` implementation is used in place of `pin-project-lite` as a custom drop implementation is needed.
tokio,tokio::sync,tokio/src/sync/broadcast.rs,1646,poll,"Recv<'a, T>",Future,Trait impl,Future impl (poll),False,False,False,
tokio,tokio::sync,tokio/src/sync/broadcast.rs,1663,drop,"Recv<'a, T>",Drop,Trait impl,Drop / cleanup,False,False,False,
tokio,tokio::sync,tokio/src/sync/broadcast.rs,1709,as_raw,Waiter,linked_list::Link,Trait impl,Intrusive-list link,False,False,False,
tokio,tokio::sync,tokio/src/sync/broadcast.rs,1713,from_raw,Waiter,linked_list::Link,Trait impl,Intrusive-list link,False,True,False,
tokio,tokio::sync,tokio/src/sync/broadcast.rs,1717,pointers,Waiter,linked_list::Link,Trait impl,Intrusive-list link,False,True,False,
tokio,tokio::sync,tokio/src/sync/broadcast.rs,1723,fmt,Sender<T>,fmt::Debug,Trait impl,Formatting,False,False,False,
tokio,tokio::sync,tokio/src/sync/broadcast.rs,1729,fmt,WeakSender<T>,fmt::Debug,Trait impl,Formatting,False,False,False,
tokio,tokio::sync,tokio/src/sync/broadcast.rs,1735,fmt,Receiver<T>,fmt::Debug,Trait impl,Formatting,False,False,False,
tokio,tokio::sync,tokio/src/sync/broadcast.rs,1741,clone_value,"RecvGuard<'a, T>",,Private helper,Other / internal logic,False,False,False,
tokio,tokio::sync,tokio/src/sync/broadcast.rs,1750,drop,"RecvGuard<'a, T>",Drop,Trait impl,Drop / cleanup,False,False,False,
tokio,tokio::sync,tokio/src/sync/broadcast.rs,1759,is_unpin,,,Private helper,Accessor / query,False,False,False,
tokio,tokio::sync,tokio/src/sync/broadcast.rs,1767,receiver_count_on_sender_constructor,,,Test,Data movement,False,False,False,
tokio,tokio::sync,tokio/src/sync/broadcast.rs,1790,receiver_count_on_channel_constructor,,,Test,Data movement,False,False,False,
tokio,tokio::sync,tokio/src/sync/mutex.rs,296,fmt,TryLockError,fmt::Display,Trait impl,Formatting,False,False,False,
tokio,tokio::sync,tokio/src/sync/mutex.rs,305,bounds,,,Private helper,Other / internal logic,False,False,False,
tokio,tokio::sync,tokio/src/sync/mutex.rs,306,check_send,,,Private helper,Runtime/task control,False,False,False,
tokio,tokio::sync,tokio/src/sync/mutex.rs,307,check_unpin,,,Private helper,Runtime/task control,False,False,False,
tokio,tokio::sync,tokio/src/sync/mutex.rs,309,check_send_sync_val,,,Private helper,Runtime/task control,False,False,False,
tokio,tokio::sync,tokio/src/sync/mutex.rs,310,check_send_sync,,,Private helper,Runtime/task control,False,False,False,
tokio,tokio::sync,tokio/src/sync/mutex.rs,311,check_static,,,Private helper,Runtime/task control,False,False,False,
tokio,tokio::sync,tokio/src/sync/mutex.rs,312,check_static_val,,,Private helper,Runtime/task control,False,False,False,
tokio,tokio::sync,tokio/src/sync/mutex.rs,338,new,Mutex<T>,,Public API,Constructor,False,False,False,Creates a new lock in an unlocked state ready for use.
tokio,tokio::sync,tokio/src/sync/mutex.rs,395,const_new,Mutex<T>,,Public API,Constructor,False,False,True,Creates a new lock in an unlocked state ready for use.
tokio,tokio::sync,tokio/src/sync/mutex.rs,434,lock,Mutex<T>,,Public API,Locking / permits,True,False,False,"Locks this mutex, causing the current task to yield until the lock has been acquired."
tokio,tokio::sync,tokio/src/sync/mutex.rs,520,blocking_lock,Mutex<T>,,Public API,Blocking (sync) variant,False,False,False,Blockingly locks this `Mutex`.
tokio,tokio::sync,tokio/src/sync/mutex.rs,578,blocking_lock_owned,Mutex<T>,,Public API,Blocking (sync) variant,False,False,False,Blockingly locks this `Mutex`.
tokio,tokio::sync,tokio/src/sync/mutex.rs,618,lock_owned,Mutex<T>,,Public API,Locking / permits,True,False,False,"Locks this mutex, causing the current task to yield until the lock has been acquired."
tokio,tokio::sync,tokio/src/sync/mutex.rs,655,acquire,Mutex<T>,,Private helper,Locking / permits,True,False,False,
tokio,tokio::sync,tokio/src/sync/mutex.rs,682,try_lock,Mutex<T>,,Public API,Non-blocking attempt,False,False,False,"Attempts to acquire the lock, and returns [`TryLockError`] if the lock is currently held somewhere else."
tokio,tokio::sync,tokio/src/sync/mutex.rs,722,get_mut,Mutex<T>,,Public API,Accessor / query,False,False,False,Returns a mutable reference to the underlying data.
tokio,tokio::sync,tokio/src/sync/mutex.rs,750,try_lock_owned,Mutex<T>,,Public API,Non-blocking attempt,False,False,False,"Attempts to acquire the lock, and returns [`TryLockError`] if the lock is currently held somewhere else."
tokio,tokio::sync,tokio/src/sync/mutex.rs,787,into_inner,Mutex<T>,,Public API,Conversion,False,False,False,"Consumes the mutex, returning the underlying data."
tokio,tokio::sync,tokio/src/sync/mutex.rs,796,from,Mutex<T>,From<T>,Trait impl,Conversion,False,False,False,
tokio,tokio::sync,tokio/src/sync/mutex.rs,805,default,Mutex<T>,Default,Trait impl,Constructor,False,False,False,
tokio,tokio::sync,tokio/src/sync/mutex.rs,814,fmt,Mutex<T>,std::fmt::Debug,Trait impl,Formatting,False,False,False,
tokio,tokio::sync,tokio/src/sync/mutex.rs,827,skip_drop,"MutexGuard<'a, T>",,Private helper,Combinator / iteration,False,False,False,
tokio,tokio::sync,tokio/src/sync/mutex.rs,869,map,"MutexGuard<'a, T>",,Public API,Combinator / iteration,False,False,False,Makes a new [`MappedMutexGuard`] for a component of the locked data.
tokio,tokio::sync,tokio/src/sync/mutex.rs,918,try_map,"MutexGuard<'a, T>",,Public API,Non-blocking attempt,False,False,False,Attempts to make a new [`MappedMutexGuard`] for a component of the locked data.
tokio,tokio::sync,tokio/src/sync/mutex.rs,959,mutex,"MutexGuard<'a, T>",,Public API,Other / internal logic,False,False,False,Returns a reference to the original `Mutex`.
tokio,tokio::sync,tokio/src/sync/mutex.rs,965,drop,"MutexGuard<'_, T>",Drop,Trait impl,Drop / cleanup,False,False,False,
tokio,tokio::sync,tokio/src/sync/mutex.rs,980,deref,"MutexGuard<'_, T>",Deref,Trait impl,Deref,False,False,False,
tokio,tokio::sync,tokio/src/sync/mutex.rs,986,deref_mut,"MutexGuard<'_, T>",DerefMut,Trait impl,Deref,False,False,False,
tokio,tokio::sync,tokio/src/sync/mutex.rs,992,fmt,"MutexGuard<'_, T>",fmt::Debug,Trait impl,Formatting,False,False,False,
tokio,tokio::sync,tokio/src/sync/mutex.rs,998,fmt,"MutexGuard<'_, T>",fmt::Display,Trait impl,Formatting,False,False,False,
tokio,tokio::sync,tokio/src/sync/mutex.rs,1006,skip_drop,OwnedMutexGuard<T>,,Private helper,Combinator / iteration,False,False,False,
tokio,tokio::sync,tokio/src/sync/mutex.rs,1051,map,OwnedMutexGuard<T>,,Public API,Combinator / iteration,False,False,False,Makes a new [`OwnedMappedMutexGuard`] for a component of the locked data.
tokio,tokio::sync,tokio/src/sync/mutex.rs,1100,try_map,OwnedMutexGuard<T>,,Public API,Non-blocking attempt,False,False,False,Attempts to make a new [`OwnedMappedMutexGuard`] for a component of the locked data.
tokio,tokio::sync,tokio/src/sync/mutex.rs,1141,mutex,OwnedMutexGuard<T>,,Public API,Other / internal logic,False,False,False,Returns a reference to the original `Arc<Mutex>`.
tokio,tokio::sync,tokio/src/sync/mutex.rs,1147,drop,OwnedMutexGuard<T>,Drop,Trait impl,Drop / cleanup,False,False,False,
tokio,tokio::sync,tokio/src/sync/mutex.rs,1162,deref,OwnedMutexGuard<T>,Deref,Trait impl,Deref,False,False,False,
tokio,tokio::sync,tokio/src/sync/mutex.rs,1168,deref_mut,OwnedMutexGuard<T>,DerefMut,Trait impl,Deref,False,False,False,
tokio,tokio::sync,tokio/src/sync/mutex.rs,1174,fmt,OwnedMutexGuard<T>,fmt::Debug,Trait impl,Formatting,False,False,False,
tokio,tokio::sync,tokio/src/sync/mutex.rs,1180,fmt,OwnedMutexGuard<T>,fmt::Display,Trait impl,Formatting,False,False,False,
tokio,tokio::sync,tokio/src/sync/mutex.rs,1188,skip_drop,"MappedMutexGuard<'a, T>",,Private helper,Combinator / iteration,False,False,False,
tokio,tokio::sync,tokio/src/sync/mutex.rs,1207,map,"MappedMutexGuard<'a, T>",,Public API,Combinator / iteration,False,False,False,Makes a new [`MappedMutexGuard`] for a component of the locked data.
tokio,tokio::sync,tokio/src/sync/mutex.rs,1232,try_map,"MappedMutexGuard<'a, T>",,Public API,Non-blocking attempt,False,False,False,Attempts to make a new [`MappedMutexGuard`] for a component of the locked data.
tokio,tokio::sync,tokio/src/sync/mutex.rs,1252,drop,"MappedMutexGuard<'a, T>",Drop,Trait impl,Drop / cleanup,False,False,False,
tokio,tokio::sync,tokio/src/sync/mutex.rs,1267,deref,"MappedMutexGuard<'a, T>",Deref,Trait impl,Deref,False,False,False,
tokio,tokio::sync,tokio/src/sync/mutex.rs,1273,deref_mut,"MappedMutexGuard<'a, T>",DerefMut,Trait impl,Deref,False,False,False,
tokio,tokio::sync,tokio/src/sync/mutex.rs,1279,fmt,"MappedMutexGuard<'a, T>",fmt::Debug,Trait impl,Formatting,False,False,False,
tokio,tokio::sync,tokio/src/sync/mutex.rs,1285,fmt,"MappedMutexGuard<'a, T>",fmt::Display,Trait impl,Formatting,False,False,False,
tokio,tokio::sync,tokio/src/sync/mutex.rs,1293,skip_drop,"OwnedMappedMutexGuard<T, U>",,Private helper,Combinator / iteration,False,False,False,
tokio,tokio::sync,tokio/src/sync/mutex.rs,1316,map,"OwnedMappedMutexGuard<T, U>",,Public API,Combinator / iteration,False,False,False,Makes a new [`OwnedMappedMutexGuard`] for a component of the locked data.
tokio,tokio::sync,tokio/src/sync/mutex.rs,1341,try_map,"OwnedMappedMutexGuard<T, U>",,Public API,Non-blocking attempt,False,False,False,Attempts to make a new [`OwnedMappedMutexGuard`] for a component of the locked data.
tokio,tokio::sync,tokio/src/sync/mutex.rs,1360,drop,"OwnedMappedMutexGuard<T, U>",Drop,Trait impl,Drop / cleanup,False,False,False,
tokio,tokio::sync,tokio/src/sync/mutex.rs,1375,deref,"OwnedMappedMutexGuard<T, U>",Deref,Trait impl,Deref,False,False,False,
tokio,tokio::sync,tokio/src/sync/mutex.rs,1381,deref_mut,"OwnedMappedMutexGuard<T, U>",DerefMut,Trait impl,Deref,False,False,False,
tokio,tokio::sync,tokio/src/sync/mutex.rs,1387,fmt,"OwnedMappedMutexGuard<T, U>",fmt::Debug,Trait impl,Formatting,False,False,False,
tokio,tokio::sync,tokio/src/sync/mutex.rs,1393,fmt,"OwnedMappedMutexGuard<T, U>",fmt::Display,Trait impl,Formatting,False,False,False,
tokio,tokio::sync,tokio/src/sync/notify.rs,237,new,Waiter,,Private helper,Constructor,False,False,False,
tokio,tokio::sync,tokio/src/sync/notify.rs,249,addr_of_pointers,Waiter,,Private helper,Handle / reference plumbing,False,True,False,
tokio,tokio::sync,tokio/src/sync/notify.rs,274,none,AtomicNotification,,Private helper,Other / internal logic,False,False,False,
tokio,tokio::sync,tokio/src/sync/notify.rs,280,store_release,AtomicNotification,,Private helper,Other / internal logic,False,False,False,Store-release a notification.
tokio,tokio::sync,tokio/src/sync/notify.rs,289,load,AtomicNotification,,Private helper,Other / internal logic,False,False,False,
tokio,tokio::sync,tokio/src/sync/notify.rs,304,clear,AtomicNotification,,Private helper,Configuration / setter,False,False,False,Clears the notification.
tokio,tokio::sync,tokio/src/sync/notify.rs,333,new,NotifyWaitersList<'a>,,Private helper,Constructor,False,False,False,
tokio,tokio::sync,tokio/src/sync/notify.rs,349,pop_back_locked,NotifyWaitersList<'a>,,Private helper,Data movement,False,False,False,Removes the last element from the guarded list.
tokio,tokio::sync,tokio/src/sync/notify.rs,361,drop,NotifyWaitersList<'_>,Drop,Trait impl,Drop / cleanup,False,False,False,
tokio,tokio::sync,tokio/src/sync/notify.rs,450,set_state,,,Private helper,State transition,False,False,False,
tokio,tokio::sync,tokio/src/sync/notify.rs,454,get_state,,,Private helper,Accessor / query,False,False,False,
tokio,tokio::sync,tokio/src/sync/notify.rs,458,get_num_notify_waiters_calls,,,Private helper,Accessor / query,False,False,False,
tokio,tokio::sync,tokio/src/sync/notify.rs,462,inc_num_notify_waiters_calls,,,Private helper,Metrics / counters,False,False,False,
tokio,tokio::sync,tokio/src/sync/notify.rs,466,atomic_inc_num_notify_waiters_calls,,,Private helper,Other / internal logic,False,False,False,
tokio,tokio::sync,tokio/src/sync/notify.rs,480,new,Notify,,Public API,Constructor,False,False,False,"Create a new `Notify`, initialized without a permit."
tokio,tokio::sync,tokio/src/sync/notify.rs,505,const_new,Notify,,Public API,Constructor,False,False,True,"Create a new `Notify`, initialized without a permit."
tokio,tokio::sync,tokio/src/sync/notify.rs,562,notified,Notify,,Public API,Other / internal logic,False,False,False,Wait for a notification.
tokio,tokio::sync,tokio/src/sync/notify.rs,610,notified_owned,Notify,,Public API,Other / internal logic,False,False,False,Wait for a notification with an owned `Future`.
tokio,tokio::sync,tokio/src/sync/notify.rs,657,notify_one,Notify,,Public API,Wake / park,False,False,False,
tokio,tokio::sync,tokio/src/sync/notify.rs,670,notify_last,Notify,,Public API,Wake / park,False,False,False,Notifies the last waiting task.
tokio,tokio::sync,tokio/src/sync/notify.rs,674,notify_with_strategy,Notify,,Private helper,Wake / park,False,False,False,
tokio,tokio::sync,tokio/src/sync/notify.rs,740,notify_waiters,Notify,,Public API,Wake / park,False,False,False,Notifies all waiting tasks.
tokio,tokio::sync,tokio/src/sync/notify.rs,744,inner_notify_waiters,Notify,,Private helper,Other / internal logic,False,False,False,
tokio,tokio::sync,tokio/src/sync/notify.rs,817,lock_waiter_list,Notify,,Crate-internal,Locking / permits,False,False,False,
tokio,tokio::sync,tokio/src/sync/notify.rs,833,default,Notify,Default,Trait impl,Constructor,False,False,False,
tokio,tokio::sync,tokio/src/sync/notify.rs,841,notify_locked,,,Private helper,Wake / park,False,False,False,
tokio,tokio::sync,tokio/src/sync/notify.rs,1003,enable,Notified<'_>,,Public API,Configuration / setter,False,False,False,Adds this future to the list of futures that are ready to receive wakeups from calls to [`notify_one`].
tokio,tokio::sync,tokio/src/sync/notify.rs,1007,project,Notified<'_>,,Private helper,Combinator / iteration,False,False,False,
tokio,tokio::sync,tokio/src/sync/notify.rs,1025,poll_notified,Notified<'_>,,Private helper,Poll function,False,False,False,
tokio,tokio::sync,tokio/src/sync/notify.rs,1033,poll,Notified<'_>,Future,Trait impl,Future impl (poll),False,False,False,
tokio,tokio::sync,tokio/src/sync/notify.rs,1039,drop,Notified<'_>,Drop,Trait impl,Drop / cleanup,False,False,False,
tokio,tokio::sync,tokio/src/sync/notify.rs,1056,enable,OwnedNotified,,Public API,Configuration / setter,False,False,False,Adds this future to the list of futures that are ready to receive wakeups from calls to [`notify_one`].
tokio,tokio::sync,tokio/src/sync/notify.rs,1062,project,OwnedNotified,,Private helper,Combinator / iteration,False,False,False,A custom `project` implementation is used in place of `pin-project-lite` as a custom drop implementation is needed.
tokio,tokio::sync,tokio/src/sync/notify.rs,1080,poll_notified,OwnedNotified,,Private helper,Poll function,False,False,False,
tokio,tokio::sync,tokio/src/sync/notify.rs,1088,poll,OwnedNotified,Future,Trait impl,Future impl (poll),False,False,False,
tokio,tokio::sync,tokio/src/sync/notify.rs,1094,drop,OwnedNotified,Drop,Trait impl,Drop / cleanup,False,False,False,
tokio,tokio::sync,tokio/src/sync/notify.rs,1105,poll_notified,NotifiedProject<'_>,,Private helper,Poll function,False,False,False,
tokio,tokio::sync,tokio/src/sync/notify.rs,1329,drop_notified,NotifiedProject<'_>,,Private helper,Lifecycle / ref-count,False,False,False,
tokio,tokio::sync,tokio/src/sync/notify.rs,1382,as_raw,Waiter,linked_list::Link,Trait impl,Intrusive-list link,False,False,False,
tokio,tokio::sync,tokio/src/sync/notify.rs,1386,from_raw,Waiter,linked_list::Link,Trait impl,Intrusive-list link,False,True,False,
tokio,tokio::sync,tokio/src/sync/notify.rs,1390,pointers,Waiter,linked_list::Link,Trait impl,Intrusive-list link,False,True,False,
tokio,tokio::sync,tokio/src/sync/notify.rs,1395,is_unpin,,,Private helper,Accessor / query,False,False,False,
tokio,tokio::sync,tokio/src/sync/notify.rs,1408,notify_waiters,NotifyGuard<'_>,,Crate-internal,Wake / park,False,False,False,
tokio,tokio::sync,tokio/src/sync/once_cell.rs,77,default,OnceCell<T>,Default,Trait impl,Constructor,False,False,False,
tokio,tokio::sync,tokio/src/sync/once_cell.rs,83,fmt,OnceCell<T>,fmt::Debug,Trait impl,Formatting,False,False,False,
tokio,tokio::sync,tokio/src/sync/once_cell.rs,91,clone,OnceCell<T>,Clone,Trait impl,Clone,False,False,False,
tokio,tokio::sync,tokio/src/sync/once_cell.rs,97,eq,OnceCell<T>,PartialEq,Trait impl,Comparison,False,False,False,
tokio,tokio::sync,tokio/src/sync/once_cell.rs,105,drop,OnceCell<T>,Drop,Trait impl,Drop / cleanup,False,False,False,
tokio,tokio::sync,tokio/src/sync/once_cell.rs,116,from,OnceCell<T>,From<T>,Trait impl,Conversion,False,False,False,
tokio,tokio::sync,tokio/src/sync/once_cell.rs,127,new,OnceCell<T>,,Public API,Constructor,False,False,False,Creates a new empty `OnceCell` instance.
tokio,tokio::sync,tokio/src/sync/once_cell.rs,168,const_new,OnceCell<T>,,Public API,Constructor,False,False,True,Creates a new empty `OnceCell` instance.
tokio,tokio::sync,tokio/src/sync/once_cell.rs,185,new_with,OnceCell<T>,,Public API,Constructor,False,False,False,
tokio,tokio::sync,tokio/src/sync/once_cell.rs,223,const_new_with,OnceCell<T>,,Public API,Constructor,False,False,True,Creates a new `OnceCell` that contains the provided value.
tokio,tokio::sync,tokio/src/sync/once_cell.rs,233,initialized,OnceCell<T>,,Public API,Other / internal logic,False,False,False,"Returns `true` if the `OnceCell` currently contains a value, and `false` otherwise."
tokio,tokio::sync,tokio/src/sync/once_cell.rs,241,initialized_mut,OnceCell<T>,,Private helper,Other / internal logic,False,False,False,"Returns `true` if the `OnceCell` currently contains a value, and `false` otherwise."
tokio,tokio::sync,tokio/src/sync/once_cell.rs,246,get_unchecked,OnceCell<T>,,Private helper,Accessor / query,False,True,False,
tokio,tokio::sync,tokio/src/sync/once_cell.rs,251,get_unchecked_mut,OnceCell<T>,,Private helper,Accessor / query,False,True,False,
tokio,tokio::sync,tokio/src/sync/once_cell.rs,259,set_value,OnceCell<T>,,Private helper,Configuration / setter,False,False,False,
tokio,tokio::sync,tokio/src/sync/once_cell.rs,277,get,OnceCell<T>,,Public API,Accessor / query,False,False,False,"Returns a reference to the value currently stored in the `OnceCell`, or `None` if the `OnceCell` is empty."
tokio,tokio::sync,tokio/src/sync/once_cell.rs,291,get_mut,OnceCell<T>,,Public API,Accessor / query,False,False,False,"Returns a mutable reference to the value currently stored in the `OnceCell`, or `None` if the `OnceCell` is empty."
tokio,tokio::sync,tokio/src/sync/once_cell.rs,310,set,OnceCell<T>,,Public API,Configuration / setter,False,False,False,Sets the value of the `OnceCell` to the given value if the `OnceCell` is empty.
tokio,tokio::sync,tokio/src/sync/once_cell.rs,350,get_or_init,OnceCell<T>,,Public API,Accessor / query,True,False,False,"Gets the value currently in the `OnceCell`, or initialize it with the given asynchronous operation."
tokio,tokio::sync,tokio/src/sync/once_cell.rs,400,get_or_try_init,OnceCell<T>,,Public API,Accessor / query,True,False,False,"Gets the value currently in the `OnceCell`, or initialize it with the given asynchronous operation."
tokio,tokio::sync,tokio/src/sync/once_cell.rs,442,into_inner,OnceCell<T>,,Public API,Conversion,False,False,False,"Takes the value from the cell, destroying the cell in the process."
tokio,tokio::sync,tokio/src/sync/once_cell.rs,454,take,OnceCell<T>,,Public API,Data movement,False,False,False,"Takes ownership of the current value, leaving the cell empty."
tokio,tokio::sync,tokio/src/sync/once_cell.rs,486,fmt,SetError<T>,fmt::Display,Trait impl,Formatting,False,False,False,
tokio,tokio::sync,tokio/src/sync/once_cell.rs,498,is_already_init_err,SetError<T>,,Public API,Accessor / query,False,False,False,Whether `SetError` is `SetError::AlreadyInitializedError`.
tokio,tokio::sync,tokio/src/sync/once_cell.rs,506,is_initializing_err,SetError<T>,,Public API,Accessor / query,False,False,False,Whether `SetError` is `SetError::InitializingError`
tokio,tokio::sync,tokio/src/sync/oneshot.rs,363,fmt,RecvError,fmt::Display,Trait impl,Formatting,False,False,False,
tokio,tokio::sync,tokio/src/sync/oneshot.rs,373,fmt,TryRecvError,fmt::Display,Trait impl,Formatting,False,False,False,
tokio,tokio::sync,tokio/src/sync/oneshot.rs,418,will_wake,Task,,Private helper,Other / internal logic,False,True,False,# Safety The caller must do the necessary synchronization to ensure that the [`Self::0`] contains the valid [`Waker`] during the call.
tokio,tokio::sync,tokio/src/sync/oneshot.rs,426,with_task,Task,,Private helper,Constructor,False,True,False,# Safety The caller must do the necessary synchronization to ensure that the [`Self::0`] contains the valid [`Waker`] during the call.
tokio,tokio::sync,tokio/src/sync/oneshot.rs,440,drop_task,Task,,Private helper,Lifecycle / ref-count,False,True,False,# Safety The caller must do the necessary synchronization to ensure that the [`Self::0`] contains the valid [`Waker`] during the call.
tokio,tokio::sync,tokio/src/sync/oneshot.rs,453,set_task,Task,,Private helper,Configuration / setter,False,True,False,# Safety The caller must do the necessary synchronization to ensure that the [`Self::0`] contains the valid [`Waker`] during the call.
tokio,tokio::sync,tokio/src/sync/oneshot.rs,497,channel,,,Public API,Constructor,False,False,False,Creates a new one-shot channel for sending single values across asynchronous tasks.
tokio,tokio::sync,tokio/src/sync/oneshot.rs,622,send,Sender<T>,,Public API,Data movement,False,False,False,"Attempts to send a value on this channel, returning it back if it could not be sent."
tokio,tokio::sync,tokio/src/sync/oneshot.rs,727,closed,Sender<T>,,Public API,Data movement,True,False,False,Waits for the associated [`Receiver`] handle to close.
tokio,tokio::sync,tokio/src/sync/oneshot.rs,773,is_closed,Sender<T>,,Public API,Accessor / query,False,False,False,Returns `true` if the associated [`Receiver`] handle has been dropped.
tokio,tokio::sync,tokio/src/sync/oneshot.rs,820,poll_closed,Sender<T>,,Public API,Poll function,False,False,False,"Checks whether the `oneshot` channel has been closed, and if not, schedules the `Waker` in the provided `Context` to receive a notification when the channel is closed."
tokio,tokio::sync,tokio/src/sync/oneshot.rs,872,drop,Sender<T>,Drop,Trait impl,Drop / cleanup,False,False,False,
tokio,tokio::sync,tokio/src/sync/oneshot.rs,947,close,Receiver<T>,,Public API,Data movement,False,False,False,Prevents the associated [`Sender`] handle from sending a value.
tokio,tokio::sync,tokio/src/sync/oneshot.rs,1015,is_terminated,Receiver<T>,,Public API,Accessor / query,False,False,False,Checks if this receiver is terminated.
tokio,tokio::sync,tokio/src/sync/oneshot.rs,1082,is_empty,Receiver<T>,,Public API,Accessor / query,False,False,False,Checks if a channel is empty.
tokio,tokio::sync,tokio/src/sync/oneshot.rs,1171,try_recv,Receiver<T>,,Public API,Non-blocking attempt,False,False,False,Attempts to receive a value.
tokio,tokio::sync,tokio/src/sync/oneshot.rs,1240,blocking_recv,Receiver<T>,,Public API,Blocking (sync) variant,False,False,False,Blocking receive to call outside of asynchronous contexts.
tokio,tokio::sync,tokio/src/sync/oneshot.rs,1246,drop,Receiver<T>,Drop,Trait impl,Drop / cleanup,False,False,False,
tokio,tokio::sync,tokio/src/sync/oneshot.rs,1271,poll,Receiver<T>,Future,Trait impl,Future impl (poll),False,False,False,
tokio,tokio::sync,tokio/src/sync/oneshot.rs,1300,complete,Inner<T>,,Private helper,Runtime/task control,False,False,False,
tokio,tokio::sync,tokio/src/sync/oneshot.rs,1317,poll_recv,Inner<T>,,Private helper,Poll function,False,False,False,
tokio,tokio::sync,tokio/src/sync/oneshot.rs,1387,close,Inner<T>,,Private helper,Data movement,False,False,False,Called by `Receiver` to indicate that the value will never be received.
tokio,tokio::sync,tokio/src/sync/oneshot.rs,1421,consume_value,Inner<T>,,Private helper,I/O operation,False,True,False,Consumes the value.
tokio,tokio::sync,tokio/src/sync/oneshot.rs,1434,has_value,Inner<T>,,Private helper,Accessor / query,False,True,False,Returns true if there is a value.
tokio,tokio::sync,tokio/src/sync/oneshot.rs,1442,mut_load,,,Private helper,Other / internal logic,False,False,False,
tokio,tokio::sync,tokio/src/sync/oneshot.rs,1447,drop,Inner<T>,Drop,Trait impl,Drop / cleanup,False,False,False,
tokio,tokio::sync,tokio/src/sync/oneshot.rs,1474,fmt,Inner<T>,fmt::Debug,Trait impl,Formatting,False,False,False,
tokio,tokio::sync,tokio/src/sync/oneshot.rs,1508,new,State,,Private helper,Constructor,False,False,False,
tokio,tokio::sync,tokio/src/sync/oneshot.rs,1512,is_complete,State,,Private helper,Accessor / query,False,False,False,
tokio,tokio::sync,tokio/src/sync/oneshot.rs,1516,set_complete,State,,Private helper,Configuration / setter,False,False,False,
tokio,tokio::sync,tokio/src/sync/oneshot.rs,1551,is_rx_task_set,State,,Private helper,Accessor / query,False,False,False,
tokio,tokio::sync,tokio/src/sync/oneshot.rs,1555,set_rx_task,State,,Private helper,Configuration / setter,False,False,False,
tokio,tokio::sync,tokio/src/sync/oneshot.rs,1560,unset_rx_task,State,,Private helper,Configuration / setter,False,False,False,
tokio,tokio::sync,tokio/src/sync/oneshot.rs,1565,is_closed,State,,Private helper,Accessor / query,False,False,False,
tokio,tokio::sync,tokio/src/sync/oneshot.rs,1569,set_closed,State,,Private helper,Configuration / setter,False,False,False,
tokio,tokio::sync,tokio/src/sync/oneshot.rs,1576,set_tx_task,State,,Private helper,Configuration / setter,False,False,False,
tokio,tokio::sync,tokio/src/sync/oneshot.rs,1581,unset_tx_task,State,,Private helper,Configuration / setter,False,False,False,
tokio,tokio::sync,tokio/src/sync/oneshot.rs,1586,is_tx_task_set,State,,Private helper,Accessor / query,False,False,False,
tokio,tokio::sync,tokio/src/sync/oneshot.rs,1590,as_usize,State,,Private helper,Conversion,False,False,False,
tokio,tokio::sync,tokio/src/sync/oneshot.rs,1594,load,State,,Private helper,Other / internal logic,False,False,False,
tokio,tokio::sync,tokio/src/sync/oneshot.rs,1601,fmt,State,fmt::Debug,Trait impl,Formatting,False,False,False,
tokio,tokio::sync,tokio/src/sync/rwlock.rs,103,bounds,,,Private helper,Other / internal logic,False,False,False,
tokio,tokio::sync,tokio/src/sync/rwlock.rs,104,check_send,,,Private helper,Runtime/task control,False,False,False,
tokio,tokio::sync,tokio/src/sync/rwlock.rs,105,check_sync,,,Private helper,Runtime/task control,False,False,False,
tokio,tokio::sync,tokio/src/sync/rwlock.rs,106,check_unpin,,,Private helper,Runtime/task control,False,False,False,
tokio,tokio::sync,tokio/src/sync/rwlock.rs,108,check_send_sync_val,,,Private helper,Runtime/task control,False,False,False,
tokio,tokio::sync,tokio/src/sync/rwlock.rs,203,new,RwLock<T>,,Public API,Constructor,False,False,False,Creates a new instance of an `RwLock<T>` which is unlocked.
tokio,tokio::sync,tokio/src/sync/rwlock.rs,270,with_max_readers,RwLock<T>,,Public API,Constructor,False,False,False,Creates a new instance of an `RwLock<T>` which is unlocked and allows a maximum of `max_reads` concurrent readers.
tokio,tokio::sync,tokio/src/sync/rwlock.rs,347,const_new,RwLock<T>,,Public API,Constructor,False,False,True,Creates a new instance of an `RwLock<T>` which is unlocked.
tokio,tokio::sync,tokio/src/sync/rwlock.rs,375,const_with_max_readers,RwLock<T>,,Public API,Other / internal logic,False,False,True,Creates a new instance of an `RwLock<T>` which is unlocked and allows a maximum of `max_reads` concurrent readers.
tokio,tokio::sync,tokio/src/sync/rwlock.rs,436,read,RwLock<T>,,Public API,I/O operation,True,False,False,"Locks this `RwLock` with shared read access, causing the current task to yield until the lock has been acquired."
tokio,tokio::sync,tokio/src/sync/rwlock.rs,529,blocking_read,RwLock<T>,,Public API,Blocking (sync) variant,False,False,False,Blockingly locks this `RwLock` with shared read access.
tokio,tokio::sync,tokio/src/sync/rwlock.rs,584,read_owned,RwLock<T>,,Public API,I/O operation,True,False,False,"Locks this `RwLock` with shared read access, causing the current task to yield until the lock has been acquired."
tokio,tokio::sync,tokio/src/sync/rwlock.rs,660,try_read,RwLock<T>,,Public API,Non-blocking attempt,False,False,False,Attempts to acquire this `RwLock` with shared read access.
tokio,tokio::sync,tokio/src/sync/rwlock.rs,725,try_read_owned,RwLock<T>,,Public API,Non-blocking attempt,False,False,False,Attempts to acquire this `RwLock` with shared read access.
tokio,tokio::sync,tokio/src/sync/rwlock.rs,780,write,RwLock<T>,,Public API,I/O operation,True,False,False,"Locks this `RwLock` with exclusive write access, causing the current task to yield until the lock has been acquired."
tokio,tokio::sync,tokio/src/sync/rwlock.rs,877,blocking_write,RwLock<T>,,Public API,Blocking (sync) variant,False,False,False,Blockingly locks this `RwLock` with exclusive write access.
tokio,tokio::sync,tokio/src/sync/rwlock.rs,916,write_owned,RwLock<T>,,Public API,I/O operation,True,False,False,"Locks this `RwLock` with exclusive write access, causing the current task to yield until the lock has been acquired."
tokio,tokio::sync,tokio/src/sync/rwlock.rs,985,try_write,RwLock<T>,,Public API,Non-blocking attempt,False,False,False,Attempts to acquire this `RwLock` with exclusive write access.
tokio,tokio::sync,tokio/src/sync/rwlock.rs,1044,try_write_owned,RwLock<T>,,Public API,Non-blocking attempt,False,False,False,Attempts to acquire this `RwLock` with exclusive write access.
tokio,tokio::sync,tokio/src/sync/rwlock.rs,1090,get_mut,RwLock<T>,,Public API,Accessor / query,False,False,False,Returns a mutable reference to the underlying data.
tokio,tokio::sync,tokio/src/sync/rwlock.rs,1095,into_inner,RwLock<T>,,Public API,Conversion,False,False,False,"Consumes the lock, returning the underlying data."
tokio,tokio::sync,tokio/src/sync/rwlock.rs,1104,from,RwLock<T>,From<T>,Trait impl,Conversion,False,False,False,
tokio,tokio::sync,tokio/src/sync/rwlock.rs,1113,default,RwLock<T>,Default,Trait impl,Constructor,False,False,False,
tokio,tokio::sync,tokio/src/sync/rwlock.rs,1122,fmt,RwLock<T>,std::fmt::Debug,Trait impl,Formatting,False,False,False,
tokio,tokio::sync,tokio/src/sync/semaphore.rs,462,bounds,,,Private helper,Other / internal logic,False,False,False,
tokio,tokio::sync,tokio/src/sync/semaphore.rs,463,check_unpin,,,Private helper,Runtime/task control,False,False,False,
tokio,tokio::sync,tokio/src/sync/semaphore.rs,465,check_send_sync_val,,,Private helper,Runtime/task control,False,False,False,
tokio,tokio::sync,tokio/src/sync/semaphore.rs,466,check_send_sync,,,Private helper,Runtime/task control,False,False,False,
tokio,tokio::sync,tokio/src/sync/semaphore.rs,485,new,Semaphore,,Public API,Constructor,False,False,False,Creates a new semaphore with the initial number of permits.
tokio,tokio::sync,tokio/src/sync/semaphore.rs,533,const_new,Semaphore,,Public API,Constructor,False,False,True,Creates a new semaphore with the initial number of permits.
tokio,tokio::sync,tokio/src/sync/semaphore.rs,542,new_closed,Semaphore,,Crate-internal,Constructor,False,False,False,Creates a new closed semaphore with 0 permits.
tokio,tokio::sync,tokio/src/sync/semaphore.rs,552,const_new_closed,Semaphore,,Crate-internal,Constructor,False,False,True,Creates a new closed semaphore with 0 permits.
tokio,tokio::sync,tokio/src/sync/semaphore.rs,561,available_permits,Semaphore,,Public API,Other / internal logic,False,False,False,Returns the current number of available permits.
tokio,tokio::sync,tokio/src/sync/semaphore.rs,568,add_permits,Semaphore,,Public API,Locking / permits,False,False,False,Adds `n` new permits to the semaphore.
tokio,tokio::sync,tokio/src/sync/semaphore.rs,576,forget_permits,Semaphore,,Public API,Locking / permits,False,False,False,Decrease a semaphore's permits by a maximum of `n`.
tokio,tokio::sync,tokio/src/sync/semaphore.rs,614,acquire,Semaphore,,Public API,Locking / permits,True,False,False,Acquires a permit from the semaphore.
tokio,tokio::sync,tokio/src/sync/semaphore.rs,661,acquire_many,Semaphore,,Public API,Locking / permits,True,False,False,Acquires `n` permits from the semaphore.
tokio,tokio::sync,tokio/src/sync/semaphore.rs,709,try_acquire,Semaphore,,Public API,Non-blocking attempt,False,False,False,Tries to acquire a permit from the semaphore.
tokio,tokio::sync,tokio/src/sync/semaphore.rs,744,try_acquire_many,Semaphore,,Public API,Non-blocking attempt,False,False,False,Tries to acquire `n` permits from the semaphore.
tokio,tokio::sync,tokio/src/sync/semaphore.rs,802,blocking_acquire,Semaphore,,Public API,Blocking (sync) variant,False,False,False,"Acquires a permit from the semaphore, blocking the current thread until one is available."
tokio,tokio::sync,tokio/src/sync/semaphore.rs,838,blocking_acquire_many,Semaphore,,Public API,Blocking (sync) variant,False,False,False,"Acquires `n` permits from the semaphore, blocking the current thread until they are available."
tokio,tokio::sync,tokio/src/sync/semaphore.rs,884,acquire_owned,Semaphore,,Public API,Locking / permits,True,False,False,Acquires a permit from the semaphore.
tokio,tokio::sync,tokio/src/sync/semaphore.rs,945,acquire_many_owned,Semaphore,,Public API,Locking / permits,True,False,False,Acquires `n` permits from the semaphore.
tokio,tokio::sync,tokio/src/sync/semaphore.rs,999,try_acquire_owned,Semaphore,,Public API,Non-blocking attempt,False,False,False,Tries to acquire a permit from the semaphore.
tokio,tokio::sync,tokio/src/sync/semaphore.rs,1038,try_acquire_many_owned,Semaphore,,Public API,Non-blocking attempt,False,False,False,Tries to acquire `n` permits from the semaphore.
tokio,tokio::sync,tokio/src/sync/semaphore.rs,1086,blocking_acquire_owned,Semaphore,,Public API,Blocking (sync) variant,False,False,False,"Acquires a permit from the semaphore, blocking the current thread until one is available."
tokio,tokio::sync,tokio/src/sync/semaphore.rs,1125,blocking_acquire_many_owned,Semaphore,,Public API,Blocking (sync) variant,False,False,False,"Acquires `n` permits from the semaphore, blocking the current thread until they are available."
tokio,tokio::sync,tokio/src/sync/semaphore.rs,1161,close,Semaphore,,Public API,Data movement,False,False,False,Closes the semaphore.
tokio,tokio::sync,tokio/src/sync/semaphore.rs,1166,is_closed,Semaphore,,Public API,Accessor / query,False,False,False,Returns true if the semaphore is closed
tokio,tokio::sync,tokio/src/sync/semaphore.rs,1193,forget,SemaphorePermit<'a>,,Public API,Locking / permits,False,False,False,Forgets the permit **without** releasing it back to the semaphore.
tokio,tokio::sync,tokio/src/sync/semaphore.rs,1230,merge,SemaphorePermit<'a>,,Public API,Combinator / iteration,False,False,False,"Merge two [`SemaphorePermit`] instances together, consuming `other` without releasing the permits it holds."
tokio,tokio::sync,tokio/src/sync/semaphore.rs,1260,split,SemaphorePermit<'a>,,Public API,Combinator / iteration,False,False,False,Splits `n` permits from `self` and returns a new [`SemaphorePermit`] instance that holds `n` permits.
tokio,tokio::sync,tokio/src/sync/semaphore.rs,1274,semaphore,SemaphorePermit<'a>,,Public API,Handle / reference plumbing,False,False,False,Returns the [`Semaphore`] from which this permit was acquired.
tokio,tokio::sync,tokio/src/sync/semaphore.rs,1279,num_permits,SemaphorePermit<'a>,,Public API,Accessor / query,False,False,False,Returns the number of permits held by `self`.
tokio,tokio::sync,tokio/src/sync/semaphore.rs,1306,forget,OwnedSemaphorePermit,,Public API,Locking / permits,False,False,False,Forgets the permit **without** releasing it back to the semaphore.
tokio,tokio::sync,tokio/src/sync/semaphore.rs,1343,merge,OwnedSemaphorePermit,,Public API,Combinator / iteration,False,False,False,"Merge two [`OwnedSemaphorePermit`] instances together, consuming `other` without releasing the permits it holds."
tokio,tokio::sync,tokio/src/sync/semaphore.rs,1377,split,OwnedSemaphorePermit,,Public API,Combinator / iteration,False,False,False,Splits `n` permits from `self` and returns a new [`OwnedSemaphorePermit`] instance that holds `n` permits.
tokio,tokio::sync,tokio/src/sync/semaphore.rs,1391,semaphore,OwnedSemaphorePermit,,Public API,Handle / reference plumbing,False,False,False,Returns the [`Semaphore`] from which this permit was acquired.
tokio,tokio::sync,tokio/src/sync/semaphore.rs,1396,num_permits,OwnedSemaphorePermit,,Public API,Accessor / query,False,False,False,Returns the number of permits held by `self`.
tokio,tokio::sync,tokio/src/sync/semaphore.rs,1402,drop,SemaphorePermit<'_>,Drop,Trait impl,Drop / cleanup,False,False,False,
tokio,tokio::sync,tokio/src/sync/semaphore.rs,1408,drop,OwnedSemaphorePermit,Drop,Trait impl,Drop / cleanup,False,False,False,
tokio,tokio::sync,tokio/src/sync/set_once.rs,98,default,SetOnce<T>,Default,Trait impl,Constructor,False,False,False,
tokio,tokio::sync,tokio/src/sync/set_once.rs,104,fmt,SetOnce<T>,fmt::Debug,Trait impl,Formatting,False,False,False,
tokio,tokio::sync,tokio/src/sync/set_once.rs,112,clone,SetOnce<T>,Clone,Trait impl,Clone,False,False,False,
tokio,tokio::sync,tokio/src/sync/set_once.rs,118,eq,SetOnce<T>,PartialEq,Trait impl,Comparison,False,False,False,
tokio,tokio::sync,tokio/src/sync/set_once.rs,126,drop,SetOnce<T>,Drop,Trait impl,Drop / cleanup,False,False,False,
tokio,tokio::sync,tokio/src/sync/set_once.rs,137,from,SetOnce<T>,From<T>,Trait impl,Conversion,False,False,False,
tokio,tokio::sync,tokio/src/sync/set_once.rs,148,new,SetOnce<T>,,Public API,Constructor,False,False,False,Creates a new empty `SetOnce` instance.
tokio,tokio::sync,tokio/src/sync/set_once.rs,190,const_new,SetOnce<T>,,Public API,Constructor,False,False,True,Creates a new empty `SetOnce` instance.
tokio,tokio::sync,tokio/src/sync/set_once.rs,203,new_with,SetOnce<T>,,Public API,Constructor,False,False,False,"Creates a new `SetOnce` that contains the provided value, if any."
tokio,tokio::sync,tokio/src/sync/set_once.rs,240,const_new_with,SetOnce<T>,,Public API,Constructor,False,False,True,Creates a new `SetOnce` that contains the provided value.
tokio,tokio::sync,tokio/src/sync/set_once.rs,250,initialized,SetOnce<T>,,Public API,Other / internal logic,False,False,False,"Returns `true` if the `SetOnce` currently contains a value, and `false` otherwise."
tokio,tokio::sync,tokio/src/sync/set_once.rs,257,get_unchecked,SetOnce<T>,,Private helper,Accessor / query,False,True,False,
tokio,tokio::sync,tokio/src/sync/set_once.rs,263,get,SetOnce<T>,,Public API,Accessor / query,False,False,False,"Returns a reference to the value currently stored in the `SetOnce`, or `None` if the `SetOnce` is empty."
tokio,tokio::sync,tokio/src/sync/set_once.rs,280,set,SetOnce<T>,,Public API,Configuration / setter,False,False,False,Sets the value of the `SetOnce` to the given value if the `SetOnce` is empty.
tokio,tokio::sync,tokio/src/sync/set_once.rs,311,into_inner,SetOnce<T>,,Public API,Conversion,False,False,False,"Takes the value from the cell, destroying the cell in the process."
tokio,tokio::sync,tokio/src/sync/set_once.rs,339,wait,SetOnce<T>,,Public API,Runtime/task control,True,False,False,Waits until the value is set.
tokio,tokio::sync,tokio/src/sync/set_once.rs,383,fmt,SetOnceError<T>,fmt::Display,Trait impl,Formatting,False,False,False,
tokio,tokio::sync,tokio/src/sync/watch.rs,202,clone,Sender<T>,Clone,Trait impl,Clone,False,False,False,
tokio,tokio::sync,tokio/src/sync/watch.rs,212,default,Sender<T>,Default,Trait impl,Constructor,False,False,False,
tokio,tokio::sync,tokio/src/sync/watch.rs,291,has_changed,"Ref<'a, T>",,Public API,Accessor / query,False,False,False,Indicates if the borrowed value is considered as _changed_ since the last time it has been marked as seen.
tokio,tokio::sync,tokio/src/sync/watch.rs,320,fmt,Shared<T>,fmt::Debug,Trait impl,Formatting,False,False,False,
tokio,tokio::sync,tokio/src/sync/watch.rs,344,fmt,SendError<T>,fmt::Debug,Trait impl,Formatting,False,False,False,
tokio,tokio::sync,tokio/src/sync/watch.rs,350,fmt,SendError<T>,fmt::Display,Trait impl,Formatting,False,False,False,
tokio,tokio::sync,tokio/src/sync/watch.rs,364,fmt,RecvError,fmt::Display,Trait impl,Formatting,False,False,False,
tokio,tokio::sync,tokio/src/sync/watch.rs,394,new,BigNotify,,Crate-internal,Constructor,False,False,False,
tokio,tokio::sync,tokio/src/sync/watch.rs,406,notify_waiters,BigNotify,,Crate-internal,Wake / park,False,False,False,
tokio,tokio::sync,tokio/src/sync/watch.rs,414,notified,BigNotify,,Crate-internal,Other / internal logic,False,False,False,This function implements the case where randomness is not available.
tokio,tokio::sync,tokio/src/sync/watch.rs,421,notified,BigNotify,,Crate-internal,Other / internal logic,False,False,False,This function implements the case where randomness is available.
tokio,tokio::sync,tokio/src/sync/watch.rs,461,decrement,Version,,Crate-internal,Other / internal logic,False,False,False,Decrements the version.
tokio,tokio::sync,tokio/src/sync/watch.rs,473,version,StateSnapshot,,Crate-internal,Other / internal logic,False,False,False,Extract the version from the state.
tokio,tokio::sync,tokio/src/sync/watch.rs,478,is_closed,StateSnapshot,,Crate-internal,Accessor / query,False,False,False,Is the closed bit set?
tokio,tokio::sync,tokio/src/sync/watch.rs,486,new,AtomicState,,Crate-internal,Constructor,False,False,False,Create a new `AtomicState` that is not closed and which has the version set to `Version::INITIAL`.
tokio,tokio::sync,tokio/src/sync/watch.rs,498,load,AtomicState,,Crate-internal,Other / internal logic,False,False,False,Load the current value of the state.
tokio,tokio::sync,tokio/src/sync/watch.rs,503,increment_version_while_locked,AtomicState,,Crate-internal,Other / internal logic,False,False,False,Increment the version counter.
tokio,tokio::sync,tokio/src/sync/watch.rs,512,set_closed,AtomicState,,Crate-internal,Configuration / setter,False,False,False,Set the closed bit in the state.
tokio,tokio::sync,tokio/src/sync/watch.rs,554,channel,,,Public API,Constructor,False,False,False,"Creates a new watch channel, returning the ""send"" and ""receive"" handles."
tokio,tokio::sync,tokio/src/sync/watch.rs,577,from_shared,Receiver<T>,,Private helper,Conversion,False,False,False,
tokio,tokio::sync,tokio/src/sync/watch.rs,629,borrow,Receiver<T>,,Public API,Combinator / iteration,False,False,False,Returns a reference to the most recently sent value.
tokio,tokio::sync,tokio/src/sync/watch.rs,676,borrow_and_update,Receiver<T>,,Public API,Combinator / iteration,False,False,False,Returns a reference to the most recently sent value and marks that value as seen.
tokio,tokio::sync,tokio/src/sync/watch.rs,738,has_changed,Receiver<T>,,Public API,Accessor / query,False,False,False,Checks if this channel contains a message that this receiver has not yet seen.
tokio,tokio::sync,tokio/src/sync/watch.rs,764,is_closed,Receiver<T>,,Public API,Accessor / query,False,False,False,Checks if the channel has been closed.
tokio,tokio::sync,tokio/src/sync/watch.rs,776,mark_changed,Receiver<T>,,Public API,Other / internal logic,False,False,False,Marks the state as changed.
tokio,tokio::sync,tokio/src/sync/watch.rs,786,mark_unchanged,Receiver<T>,,Public API,Other / internal logic,False,False,False,Marks the state as unchanged.
tokio,tokio::sync,tokio/src/sync/watch.rs,836,changed,Receiver<T>,,Public API,Async operation,True,False,False,"Waits for a change notification, then marks the current value as seen."
tokio,tokio::sync,tokio/src/sync/watch.rs,907,wait_for,Receiver<T>,,Public API,Runtime/task control,True,False,False,Waits for a value that satisfies the provided condition.
tokio,tokio::sync,tokio/src/sync/watch.rs,914,wait_for_inner,Receiver<T>,,Private helper,Runtime/task control,True,False,False,
tokio,tokio::sync,tokio/src/sync/watch.rs,968,same_channel,Receiver<T>,,Public API,Handle / reference plumbing,False,False,False,Returns `true` if receivers belong to the same channel.
tokio,tokio::sync,tokio/src/sync/watch.rs,973,try_has_changed,Receiver<T>,,Crate-internal,Non-blocking attempt,False,False,False,
tokio,tokio::sync,tokio/src/sync/watch.rs,979,maybe_changed,,,Private helper,Other / internal logic,False,False,False,
tokio,tokio::sync,tokio/src/sync/watch.rs,1001,changed_impl,,,Private helper,Async operation,True,False,False,
tokio,tokio::sync,tokio/src/sync/watch.rs,1023,clone,Receiver<T>,Clone,Trait impl,Clone,False,False,False,
tokio,tokio::sync,tokio/src/sync/watch.rs,1032,drop,Receiver<T>,Drop,Trait impl,Drop / cleanup,False,False,False,
tokio,tokio::sync,tokio/src/sync/watch.rs,1059,new,Sender<T>,,Public API,Constructor,False,False,False,Creates the sending-half of the [`watch`] channel.
tokio,tokio::sync,tokio/src/sync/watch.rs,1082,send,Sender<T>,,Public API,Data movement,False,False,False,"Sends a new value via the channel, notifying all receivers."
tokio,tokio::sync,tokio/src/sync/watch.rs,1122,send_modify,Sender<T>,,Public API,Data movement,False,False,False,"Modifies the watched value **unconditionally** in-place, notifying all receivers."
tokio,tokio::sync,tokio/src/sync/watch.rs,1189,send_if_modified,Sender<T>,,Public API,Data movement,False,False,False,"Modifies the watched value **conditionally** in-place, notifying all receivers only if modified."
tokio,tokio::sync,tokio/src/sync/watch.rs,1247,send_replace,Sender<T>,,Public API,Data movement,False,False,False,"Sends a new value via the channel, notifying all receivers and returning the previous value in the channel."
tokio,tokio::sync,tokio/src/sync/watch.rs,1271,borrow,Sender<T>,,Public API,Combinator / iteration,False,False,False,Returns a reference to the most recently sent value Outstanding borrows hold a read lock on the inner value.
tokio,tokio::sync,tokio/src/sync/watch.rs,1292,is_closed,Sender<T>,,Public API,Accessor / query,False,False,False,Checks if the channel has been closed.
tokio,tokio::sync,tokio/src/sync/watch.rs,1331,closed,Sender<T>,,Public API,Data movement,True,False,False,Completes when all receivers have dropped.
tokio,tokio::sync,tokio/src/sync/watch.rs,1405,subscribe,Sender<T>,,Public API,Data movement,False,False,False,Creates a new [`Receiver`] connected to this `Sender`.
tokio,tokio::sync,tokio/src/sync/watch.rs,1432,receiver_count,Sender<T>,,Public API,Data movement,False,False,False,Returns the number of receivers that currently exist.
tokio,tokio::sync,tokio/src/sync/watch.rs,1455,sender_count,Sender<T>,,Public API,Data movement,False,False,False,Returns the number of senders that currently exist.
tokio,tokio::sync,tokio/src/sync/watch.rs,1471,same_channel,Sender<T>,,Public API,Handle / reference plumbing,False,False,False,Returns `true` if senders belong to the same channel.
tokio,tokio::sync,tokio/src/sync/watch.rs,1477,drop,Sender<T>,Drop,Trait impl,Drop / cleanup,False,False,False,
tokio,tokio::sync,tokio/src/sync/watch.rs,1490,deref,"Ref<'_, T>",ops::Deref,Trait impl,Deref,False,False,False,
tokio,tokio::sync,tokio/src/sync/watch.rs,1502,watch_spurious_wakeup,,,Test,Other / internal logic,False,False,False,
tokio,tokio::sync,tokio/src/sync/watch.rs,1536,watch_borrow,,,Test,Other / internal logic,False,False,False,
tokio,tokio::sync::mpsc,tokio/src/sync/mpsc/block.rs,72,start_index,,,Crate-internal,Runtime/task control,False,False,False,Returns the index of the first slot in the block referenced by `slot_index`.
tokio,tokio::sync::mpsc,tokio/src/sync/mpsc/block.rs,78,offset,,,Crate-internal,Other / internal logic,False,False,False,Returns the offset into the block referenced by `slot_index`.
tokio,tokio::sync::mpsc,tokio/src/sync/mpsc/block.rs,84,addr_of_header,Block<T>,,Private helper,Handle / reference plumbing,False,True,False,
tokio,tokio::sync::mpsc,tokio/src/sync/mpsc/block.rs,88,addr_of_values,Block<T>,,Private helper,Handle / reference plumbing,False,True,False,
tokio,tokio::sync::mpsc,tokio/src/sync/mpsc/block.rs,95,new,Block<T>,,Crate-internal,Constructor,False,False,False,
tokio,tokio::sync::mpsc,tokio/src/sync/mpsc/block.rs,129,is_at_index,Block<T>,,Crate-internal,Accessor / query,False,False,False,Returns `true` if the block matches the given index.
tokio,tokio::sync::mpsc,tokio/src/sync/mpsc/block.rs,138,distance,Block<T>,,Crate-internal,Other / internal logic,False,False,False,Returns the number of blocks between `self` and the block at the specified index.
tokio,tokio::sync::mpsc,tokio/src/sync/mpsc/block.rs,152,read,Block<T>,,Crate-internal,I/O operation,False,True,False,Reads the value at the given offset.
tokio,tokio::sync::mpsc,tokio/src/sync/mpsc/block.rs,180,has_value,Block<T>,,Crate-internal,Accessor / query,False,False,False,Returns true if *this* block has a value in the given slot.
tokio,tokio::sync::mpsc,tokio/src/sync/mpsc/block.rs,201,write,Block<T>,,Crate-internal,I/O operation,False,True,False,Writes a value to the block at the given offset.
tokio,tokio::sync::mpsc,tokio/src/sync/mpsc/block.rs,219,tx_close,Block<T>,,Crate-internal,Other / internal logic,False,True,False,Signal to the receiver that the sender half of the list is closed.
tokio,tokio::sync::mpsc,tokio/src/sync/mpsc/block.rs,232,reclaim,Block<T>,,Crate-internal,Other / internal logic,False,True,False,Resets the block to a blank state.
tokio,tokio::sync::mpsc,tokio/src/sync/mpsc/block.rs,248,tx_release,Block<T>,,Crate-internal,Other / internal logic,False,True,False,Releases the block to the rx half for freeing.
tokio,tokio::sync::mpsc,tokio/src/sync/mpsc/block.rs,266,set_ready,Block<T>,,Private helper,Configuration / setter,False,False,False,Mark a slot as ready
tokio,tokio::sync::mpsc,tokio/src/sync/mpsc/block.rs,275,is_final,Block<T>,,Crate-internal,Accessor / query,False,False,False,Returns `true` when all slots have their `ready` bits set.
tokio,tokio::sync::mpsc,tokio/src/sync/mpsc/block.rs,280,observed_tail_position,Block<T>,,Crate-internal,Other / internal logic,False,False,False,"Returns the `observed_tail_position` value, if set"
tokio,tokio::sync::mpsc,tokio/src/sync/mpsc/block.rs,293,load_next,Block<T>,,Crate-internal,Other / internal logic,False,False,False,Loads the next block
tokio,tokio::sync::mpsc,tokio/src/sync/mpsc/block.rs,321,try_push,Block<T>,,Crate-internal,Non-blocking attempt,False,True,False,Pushes `block` as the next block in the link.
tokio,tokio::sync::mpsc,tokio/src/sync/mpsc/block.rs,357,grow,Block<T>,,Crate-internal,Other / internal logic,False,False,False,Grows the `Block` linked list by allocating and appending a new block.
tokio,tokio::sync::mpsc,tokio/src/sync/mpsc/block.rs,420,is_ready,,,Private helper,Accessor / query,False,False,False,Returns `true` if the specified slot has a value ready to be consumed.
tokio,tokio::sync::mpsc,tokio/src/sync/mpsc/block.rs,426,is_tx_closed,,,Private helper,Accessor / query,False,False,False,Returns `true` if the closed flag has been set.
tokio,tokio::sync::mpsc,tokio/src/sync/mpsc/block.rs,436,initialize,Values<T>,,Private helper,Runtime/task control,False,True,False,Initialize a `Values` struct from a pointer.
tokio,tokio::sync::mpsc,tokio/src/sync/mpsc/block.rs,452,index,Values<T>,ops::Index<usize>,Trait impl,Other / internal logic,False,False,False,
tokio,tokio::sync::mpsc,tokio/src/sync/mpsc/block.rs,459,assert_no_stack_overflow,,,Test,Debugging / tracing,False,False,False,
tokio,tokio::sync::mpsc,tokio/src/sync/mpsc/bounded.rs,159,channel,,,Public API,Constructor,False,False,False,Creates a bounded mpsc channel for communicating between asynchronous tasks with backpressure.
tokio,tokio::sync::mpsc,tokio/src/sync/mpsc/bounded.rs,182,new,Receiver<T>,,Crate-internal,Constructor,False,False,False,
tokio,tokio::sync::mpsc,tokio/src/sync/mpsc/bounded.rs,243,recv,Receiver<T>,,Public API,Data movement,True,False,False,Receives the next value for this receiver.
tokio,tokio::sync::mpsc,tokio/src/sync/mpsc/bounded.rs,319,recv_many,Receiver<T>,,Public API,Data movement,True,False,False,Receives the next values for this receiver and extends `buffer`.
tokio,tokio::sync::mpsc,tokio/src/sync/mpsc/bounded.rs,364,try_recv,Receiver<T>,,Public API,Non-blocking attempt,False,False,False,Tries to receive the next value for this receiver.
tokio,tokio::sync::mpsc,tokio/src/sync/mpsc/bounded.rs,424,blocking_recv,Receiver<T>,,Public API,Blocking (sync) variant,False,False,False,Blocking receive to call outside of asynchronous contexts.
tokio,tokio::sync::mpsc,tokio/src/sync/mpsc/bounded.rs,434,blocking_recv_many,Receiver<T>,,Public API,Blocking (sync) variant,False,False,False,Variant of [`Self::recv_many`] for blocking contexts.
tokio,tokio::sync::mpsc,tokio/src/sync/mpsc/bounded.rs,478,close,Receiver<T>,,Public API,Data movement,False,False,False,Closes the receiving half of a channel without dropping it.
tokio,tokio::sync::mpsc,tokio/src/sync/mpsc/bounded.rs,504,is_closed,Receiver<T>,,Public API,Accessor / query,False,False,False,Checks if a channel is closed.
tokio,tokio::sync::mpsc,tokio/src/sync/mpsc/bounded.rs,526,is_empty,Receiver<T>,,Public API,Accessor / query,False,False,False,Checks if a channel is empty.
tokio,tokio::sync::mpsc,tokio/src/sync/mpsc/bounded.rs,545,len,Receiver<T>,,Public API,Accessor / query,False,False,False,Returns the number of messages in the channel.
tokio,tokio::sync::mpsc,tokio/src/sync/mpsc/bounded.rs,591,capacity,Receiver<T>,,Public API,Accessor / query,False,False,False,Returns the current capacity of the channel.
tokio,tokio::sync::mpsc,tokio/src/sync/mpsc/bounded.rs,625,max_capacity,Receiver<T>,,Public API,Configuration / setter,False,False,False,Returns the maximum buffer capacity of the channel.
tokio,tokio::sync::mpsc,tokio/src/sync/mpsc/bounded.rs,650,poll_recv,Receiver<T>,,Public API,Poll function,False,False,False,Polls to receive the next message on this channel.
tokio,tokio::sync::mpsc,tokio/src/sync/mpsc/bounded.rs,722,poll_recv_many,Receiver<T>,,Public API,Poll function,False,False,False,"Polls to receive multiple messages on this channel, extending the provided buffer."
tokio,tokio::sync::mpsc,tokio/src/sync/mpsc/bounded.rs,732,sender_strong_count,Receiver<T>,,Public API,Data movement,False,False,False,Returns the number of [`Sender`] handles.
tokio,tokio::sync::mpsc,tokio/src/sync/mpsc/bounded.rs,737,sender_weak_count,Receiver<T>,,Public API,Data movement,False,False,False,Returns the number of [`WeakSender`] handles.
tokio,tokio::sync::mpsc,tokio/src/sync/mpsc/bounded.rs,743,fmt,Receiver<T>,fmt::Debug,Trait impl,Formatting,False,False,False,
tokio,tokio::sync::mpsc,tokio/src/sync/mpsc/bounded.rs,753,new,Sender<T>,,Crate-internal,Constructor,False,False,False,
tokio,tokio::sync::mpsc,tokio/src/sync/mpsc/bounded.rs,816,send,Sender<T>,,Public API,Data movement,True,False,False,"Sends a value, waiting until there is capacity."
tokio,tokio::sync::mpsc,tokio/src/sync/mpsc/bounded.rs,862,closed,Sender<T>,,Public API,Data movement,True,False,False,Completes when the receiver has dropped.
tokio,tokio::sync::mpsc,tokio/src/sync/mpsc/bounded.rs,924,try_send,Sender<T>,,Public API,Non-blocking attempt,False,False,False,Attempts to immediately send a message on this `Sender`.
tokio,tokio::sync::mpsc,tokio/src/sync/mpsc/bounded.rs,988,send_timeout,Sender<T>,,Public API,Data movement,True,False,False,"Sends a value, waiting until there is capacity, but only for a limited time."
tokio,tokio::sync::mpsc,tokio/src/sync/mpsc/bounded.rs,1046,blocking_send,Sender<T>,,Public API,Blocking (sync) variant,False,False,False,Blocking send to call outside of asynchronous contexts.
tokio,tokio::sync::mpsc,tokio/src/sync/mpsc/bounded.rs,1068,is_closed,Sender<T>,,Public API,Accessor / query,False,False,False,Checks if the channel has been closed.
tokio,tokio::sync::mpsc,tokio/src/sync/mpsc/bounded.rs,1116,reserve,Sender<T>,,Public API,Async operation,True,False,False,Waits for channel capacity.
tokio,tokio::sync::mpsc,tokio/src/sync/mpsc/bounded.rs,1177,reserve_many,Sender<T>,,Public API,Async operation,True,False,False,Waits for channel capacity.
tokio,tokio::sync::mpsc,tokio/src/sync/mpsc/bounded.rs,1265,reserve_owned,Sender<T>,,Public API,Async operation,True,False,False,"Waits for channel capacity, moving the `Sender` and returning an owned permit."
tokio,tokio::sync::mpsc,tokio/src/sync/mpsc/bounded.rs,1272,reserve_inner,Sender<T>,,Private helper,Async operation,True,False,False,
tokio,tokio::sync::mpsc,tokio/src/sync/mpsc/bounded.rs,1291,drop,"WakeReceiverOnDrop<'_, T>",Drop,Trait impl,Drop / cleanup,False,False,False,
tokio,tokio::sync::mpsc,tokio/src/sync/mpsc/bounded.rs,1356,try_reserve,Sender<T>,,Public API,Non-blocking attempt,False,False,False,Tries to acquire a slot in the channel without waiting for the slot to become available.
tokio,tokio::sync::mpsc,tokio/src/sync/mpsc/bounded.rs,1434,try_reserve_many,Sender<T>,,Public API,Non-blocking attempt,False,False,False,Tries to acquire `n` slots in the channel without waiting for the slot to become available.
tokio,tokio::sync::mpsc,tokio/src/sync/mpsc/bounded.rs,1506,try_reserve_owned,Sender<T>,,Public API,Non-blocking attempt,False,False,False,"Tries to acquire a slot in the channel without waiting for the slot to become available, returning an owned permit."
tokio,tokio::sync::mpsc,tokio/src/sync/mpsc/bounded.rs,1530,same_channel,Sender<T>,,Public API,Handle / reference plumbing,False,False,False,Returns `true` if senders belong to the same channel.
tokio,tokio::sync::mpsc,tokio/src/sync/mpsc/bounded.rs,1567,capacity,Sender<T>,,Public API,Accessor / query,False,False,False,Returns the current capacity of the channel.
tokio,tokio::sync::mpsc,tokio/src/sync/mpsc/bounded.rs,1576,downgrade,Sender<T>,,Public API,Handle / reference plumbing,False,False,False,"Converts the `Sender` to a [`WeakSender`] that does not count towards RAII semantics, i.e."
tokio,tokio::sync::mpsc,tokio/src/sync/mpsc/bounded.rs,1614,max_capacity,Sender<T>,,Public API,Configuration / setter,False,False,False,Returns the maximum buffer capacity of the channel.
tokio,tokio::sync::mpsc,tokio/src/sync/mpsc/bounded.rs,1619,strong_count,Sender<T>,,Public API,Metrics / counters,False,False,False,Returns the number of [`Sender`] handles.
tokio,tokio::sync::mpsc,tokio/src/sync/mpsc/bounded.rs,1624,weak_count,Sender<T>,,Public API,Metrics / counters,False,False,False,Returns the number of [`WeakSender`] handles.
tokio,tokio::sync::mpsc,tokio/src/sync/mpsc/bounded.rs,1630,clone,Sender<T>,Clone,Trait impl,Clone,False,False,False,
tokio,tokio::sync::mpsc,tokio/src/sync/mpsc/bounded.rs,1638,fmt,Sender<T>,fmt::Debug,Trait impl,Formatting,False,False,False,
tokio,tokio::sync::mpsc,tokio/src/sync/mpsc/bounded.rs,1646,clone,WeakSender<T>,Clone,Trait impl,Clone,False,False,False,
tokio,tokio::sync::mpsc,tokio/src/sync/mpsc/bounded.rs,1656,drop,WeakSender<T>,Drop,Trait impl,Drop / cleanup,False,False,False,
tokio,tokio::sync::mpsc,tokio/src/sync/mpsc/bounded.rs,1665,upgrade,WeakSender<T>,,Public API,Handle / reference plumbing,False,False,False,Tries to convert a `WeakSender` into a [`Sender`].
tokio,tokio::sync::mpsc,tokio/src/sync/mpsc/bounded.rs,1670,strong_count,WeakSender<T>,,Public API,Metrics / counters,False,False,False,Returns the number of [`Sender`] handles.
tokio,tokio::sync::mpsc,tokio/src/sync/mpsc/bounded.rs,1675,weak_count,WeakSender<T>,,Public API,Metrics / counters,False,False,False,Returns the number of [`WeakSender`] handles.
tokio,tokio::sync::mpsc,tokio/src/sync/mpsc/bounded.rs,1681,fmt,WeakSender<T>,fmt::Debug,Trait impl,Formatting,False,False,False,
tokio,tokio::sync::mpsc,tokio/src/sync/mpsc/bounded.rs,1721,send,"Permit<'_, T>",,Public API,Data movement,False,False,False,Sends a value using the reserved capacity.
tokio,tokio::sync::mpsc,tokio/src/sync/mpsc/bounded.rs,1732,drop,"Permit<'_, T>",Drop,Trait impl,Drop / cleanup,False,False,False,
tokio,tokio::sync::mpsc,tokio/src/sync/mpsc/bounded.rs,1749,fmt,"Permit<'_, T>",fmt::Debug,Trait impl,Formatting,False,False,False,
tokio,tokio::sync::mpsc,tokio/src/sync/mpsc/bounded.rs,1761,next,"PermitIterator<'a, T>",Iterator,Trait impl,Iterator,False,False,False,
tokio,tokio::sync::mpsc,tokio/src/sync/mpsc/bounded.rs,1770,size_hint,"PermitIterator<'a, T>",Iterator,Trait impl,Iterator,False,False,False,
tokio,tokio::sync::mpsc,tokio/src/sync/mpsc/bounded.rs,1779,drop,"PermitIterator<'_, T>",Drop,Trait impl,Drop / cleanup,False,False,False,
tokio,tokio::sync::mpsc,tokio/src/sync/mpsc/bounded.rs,1800,fmt,"PermitIterator<'_, T>",fmt::Debug,Trait impl,Formatting,False,False,False,
tokio,tokio::sync::mpsc,tokio/src/sync/mpsc/bounded.rs,1845,send,OwnedPermit<T>,,Public API,Data movement,False,False,False,Sends a value using the reserved capacity.
tokio,tokio::sync::mpsc,tokio/src/sync/mpsc/bounded.rs,1884,release,OwnedPermit<T>,,Public API,Locking / permits,False,False,False,"Releases the reserved capacity *without* sending a message, returning the [`Sender`]."
tokio,tokio::sync::mpsc,tokio/src/sync/mpsc/bounded.rs,1915,same_channel,OwnedPermit<T>,,Public API,Handle / reference plumbing,False,False,False,Returns `true` if permits belong to the same channel.
tokio,tokio::sync::mpsc,tokio/src/sync/mpsc/bounded.rs,1940,same_channel_as_sender,OwnedPermit<T>,,Public API,Other / internal logic,False,False,False,Returns `true` if this permit belongs to the same channel as the given [`Sender`].
tokio,tokio::sync::mpsc,tokio/src/sync/mpsc/bounded.rs,1948,drop,OwnedPermit<T>,Drop,Trait impl,Drop / cleanup,False,False,False,
tokio,tokio::sync::mpsc,tokio/src/sync/mpsc/bounded.rs,1960,fmt,OwnedPermit<T>,fmt::Debug,Trait impl,Formatting,False,False,False,
tokio,tokio::sync::mpsc,tokio/src/sync/mpsc/chan.rs,24,fmt,"Tx<T, S>",fmt::Debug,Trait impl,Formatting,False,False,False,
tokio,tokio::sync::mpsc,tokio/src/sync/mpsc/chan.rs,35,fmt,"Rx<T, S>",fmt::Debug,Trait impl,Formatting,False,False,False,
tokio,tokio::sync::mpsc,tokio/src/sync/mpsc/chan.rs,41,is_idle,trait Semaphore,,Trait method (declaration/default),Accessor / query,False,False,False,
tokio,tokio::sync::mpsc,tokio/src/sync/mpsc/chan.rs,43,add_permit,trait Semaphore,,Trait method (declaration/default),Other / internal logic,False,False,False,
tokio,tokio::sync::mpsc,tokio/src/sync/mpsc/chan.rs,45,add_permits,trait Semaphore,,Trait method (declaration/default),Locking / permits,False,False,False,
tokio,tokio::sync::mpsc,tokio/src/sync/mpsc/chan.rs,47,close,trait Semaphore,,Trait method (declaration/default),Data movement,False,False,False,
tokio,tokio::sync::mpsc,tokio/src/sync/mpsc/chan.rs,49,is_closed,trait Semaphore,,Trait method (declaration/default),Accessor / query,False,False,False,
tokio,tokio::sync::mpsc,tokio/src/sync/mpsc/chan.rs,81,fmt,"Chan<T, S>",fmt::Debug,Trait impl,Formatting,False,False,False,
tokio,tokio::sync::mpsc,tokio/src/sync/mpsc/chan.rs,102,fmt,RxFields<T>,fmt::Debug,Trait impl,Formatting,False,False,False,
tokio,tokio::sync::mpsc,tokio/src/sync/mpsc/chan.rs,115,channel,,,Crate-internal,Constructor,False,False,False,
tokio,tokio::sync::mpsc,tokio/src/sync/mpsc/chan.rs,137,new,"Tx<T, S>",,Private helper,Constructor,False,False,False,
tokio,tokio::sync::mpsc,tokio/src/sync/mpsc/chan.rs,141,strong_count,"Tx<T, S>",,Crate-internal,Metrics / counters,False,False,False,
tokio,tokio::sync::mpsc,tokio/src/sync/mpsc/chan.rs,145,weak_count,"Tx<T, S>",,Crate-internal,Metrics / counters,False,False,False,
tokio,tokio::sync::mpsc,tokio/src/sync/mpsc/chan.rs,149,downgrade,"Tx<T, S>",,Crate-internal,Handle / reference plumbing,False,False,False,
tokio,tokio::sync::mpsc,tokio/src/sync/mpsc/chan.rs,156,upgrade,"Tx<T, S>",,Crate-internal,Handle / reference plumbing,False,False,False,
tokio,tokio::sync::mpsc,tokio/src/sync/mpsc/chan.rs,175,semaphore,"Tx<T, S>",,Crate-internal,Handle / reference plumbing,False,False,False,
tokio,tokio::sync::mpsc,tokio/src/sync/mpsc/chan.rs,180,send,"Tx<T, S>",,Crate-internal,Data movement,False,False,False,Send a message and notify the receiver.
tokio,tokio::sync::mpsc,tokio/src/sync/mpsc/chan.rs,185,wake_rx,"Tx<T, S>",,Crate-internal,Wake / park,False,False,False,Wake the receive half
tokio,tokio::sync::mpsc,tokio/src/sync/mpsc/chan.rs,190,same_channel,"Tx<T, S>",,Crate-internal,Handle / reference plumbing,False,False,False,Returns `true` if senders belong to the same channel.
tokio,tokio::sync::mpsc,tokio/src/sync/mpsc/chan.rs,196,is_closed,"Tx<T, S>",,Crate-internal,Accessor / query,False,False,False,
tokio,tokio::sync::mpsc,tokio/src/sync/mpsc/chan.rs,200,closed,"Tx<T, S>",,Crate-internal,Data movement,True,False,False,
tokio,tokio::sync::mpsc,tokio/src/sync/mpsc/chan.rs,214,clone,"Tx<T, S>",Clone,Trait impl,Clone,False,False,False,
tokio,tokio::sync::mpsc,tokio/src/sync/mpsc/chan.rs,226,drop,"Tx<T, S>",Drop,Trait impl,Drop / cleanup,False,False,False,
tokio,tokio::sync::mpsc,tokio/src/sync/mpsc/chan.rs,242,new,"Rx<T, S>",,Private helper,Constructor,False,False,False,
tokio,tokio::sync::mpsc,tokio/src/sync/mpsc/chan.rs,246,close,"Rx<T, S>",,Crate-internal,Data movement,False,False,False,
tokio,tokio::sync::mpsc,tokio/src/sync/mpsc/chan.rs,261,is_closed,"Rx<T, S>",,Crate-internal,Accessor / query,False,False,False,
tokio,tokio::sync::mpsc,tokio/src/sync/mpsc/chan.rs,274,is_empty,"Rx<T, S>",,Crate-internal,Accessor / query,False,False,False,
tokio,tokio::sync::mpsc,tokio/src/sync/mpsc/chan.rs,281,len,"Rx<T, S>",,Crate-internal,Accessor / query,False,False,False,
tokio,tokio::sync::mpsc,tokio/src/sync/mpsc/chan.rs,289,recv,"Rx<T, S>",,Crate-internal,Data movement,False,False,False,Receive the next value
tokio,tokio::sync::mpsc,tokio/src/sync/mpsc/chan.rs,344,recv_many,"Rx<T, S>",,Crate-internal,Data movement,False,False,False,"Receives up to `limit` values into `buffer` For `limit > 0`, receives up to limit values into `buffer`."
tokio,tokio::sync::mpsc,tokio/src/sync/mpsc/chan.rs,424,try_recv,"Rx<T, S>",,Crate-internal,Non-blocking attempt,False,False,False,Try to receive the next value.
tokio,tokio::sync::mpsc,tokio/src/sync/mpsc/chan.rs,474,semaphore,"Rx<T, S>",,Crate-internal,Handle / reference plumbing,False,False,False,
tokio,tokio::sync::mpsc,tokio/src/sync/mpsc/chan.rs,478,sender_strong_count,"Rx<T, S>",,Crate-internal,Data movement,False,False,False,
tokio,tokio::sync::mpsc,tokio/src/sync/mpsc/chan.rs,482,sender_weak_count,"Rx<T, S>",,Crate-internal,Data movement,False,False,False,
tokio,tokio::sync::mpsc,tokio/src/sync/mpsc/chan.rs,488,drop,"Rx<T, S>",Drop,Trait impl,Drop / cleanup,False,False,False,
tokio,tokio::sync::mpsc,tokio/src/sync/mpsc/chan.rs,502,drain,"Guard<'a, T, S>",,Private helper,Combinator / iteration,False,False,False,
tokio,tokio::sync::mpsc,tokio/src/sync/mpsc/chan.rs,511,drop,"Guard<'a, T, S>",Drop,Trait impl,Drop / cleanup,False,False,False,
tokio,tokio::sync::mpsc,tokio/src/sync/mpsc/chan.rs,535,send,"Chan<T, S>",,Private helper,Data movement,False,False,False,
tokio,tokio::sync::mpsc,tokio/src/sync/mpsc/chan.rs,543,decrement_weak_count,"Chan<T, S>",,Crate-internal,Metrics / counters,False,False,False,
tokio,tokio::sync::mpsc,tokio/src/sync/mpsc/chan.rs,547,increment_weak_count,"Chan<T, S>",,Crate-internal,Metrics / counters,False,False,False,
tokio,tokio::sync::mpsc,tokio/src/sync/mpsc/chan.rs,551,strong_count,"Chan<T, S>",,Crate-internal,Metrics / counters,False,False,False,
tokio,tokio::sync::mpsc,tokio/src/sync/mpsc/chan.rs,555,weak_count,"Chan<T, S>",,Crate-internal,Metrics / counters,False,False,False,
tokio,tokio::sync::mpsc,tokio/src/sync/mpsc/chan.rs,561,drop,"Chan<T, S>",Drop,Trait impl,Drop / cleanup,False,False,False,
tokio,tokio::sync::mpsc,tokio/src/sync/mpsc/chan.rs,578,add_permit,bounded::Semaphore,Semaphore,Trait impl,Other / internal logic,False,False,False,
tokio,tokio::sync::mpsc,tokio/src/sync/mpsc/chan.rs,582,add_permits,bounded::Semaphore,Semaphore,Trait impl,Locking / permits,False,False,False,
tokio,tokio::sync::mpsc,tokio/src/sync/mpsc/chan.rs,586,is_idle,bounded::Semaphore,Semaphore,Trait impl,Accessor / query,False,False,False,
tokio,tokio::sync::mpsc,tokio/src/sync/mpsc/chan.rs,590,close,bounded::Semaphore,Semaphore,Trait impl,Data movement,False,False,False,
tokio,tokio::sync::mpsc,tokio/src/sync/mpsc/chan.rs,594,is_closed,bounded::Semaphore,Semaphore,Trait impl,Accessor / query,False,False,False,
tokio,tokio::sync::mpsc,tokio/src/sync/mpsc/chan.rs,602,add_permit,unbounded::Semaphore,Semaphore,Trait impl,Other / internal logic,False,False,False,
tokio,tokio::sync::mpsc,tokio/src/sync/mpsc/chan.rs,611,add_permits,unbounded::Semaphore,Semaphore,Trait impl,Locking / permits,False,False,False,
tokio,tokio::sync::mpsc,tokio/src/sync/mpsc/chan.rs,620,is_idle,unbounded::Semaphore,Semaphore,Trait impl,Accessor / query,False,False,False,
tokio,tokio::sync::mpsc,tokio/src/sync/mpsc/chan.rs,624,close,unbounded::Semaphore,Semaphore,Trait impl,Data movement,False,False,False,
tokio,tokio::sync::mpsc,tokio/src/sync/mpsc/chan.rs,628,is_closed,unbounded::Semaphore,Semaphore,Trait impl,Accessor / query,False,False,False,
tokio,tokio::sync::mpsc,tokio/src/sync/mpsc/error.rs,11,fmt,SendError<T>,fmt::Debug,Trait impl,Formatting,False,False,False,
tokio,tokio::sync::mpsc,tokio/src/sync/mpsc/error.rs,17,fmt,SendError<T>,fmt::Display,Trait impl,Formatting,False,False,False,
tokio,tokio::sync::mpsc,tokio/src/sync/mpsc/error.rs,40,into_inner,TrySendError<T>,,Public API,Conversion,False,False,False,"Consume the `TrySendError`, returning the unsent value."
tokio,tokio::sync::mpsc,tokio/src/sync/mpsc/error.rs,49,fmt,TrySendError<T>,fmt::Debug,Trait impl,Formatting,False,False,False,
tokio,tokio::sync::mpsc,tokio/src/sync/mpsc/error.rs,58,fmt,TrySendError<T>,fmt::Display,Trait impl,Formatting,False,False,False,
tokio,tokio::sync::mpsc,tokio/src/sync/mpsc/error.rs,73,from,TrySendError<T>,From<SendError<T>>,Trait impl,Conversion,False,False,False,
tokio,tokio::sync::mpsc,tokio/src/sync/mpsc/error.rs,92,fmt,TryRecvError,fmt::Display,Trait impl,Formatting,False,False,False,
tokio,tokio::sync::mpsc,tokio/src/sync/mpsc/error.rs,112,fmt,RecvError,fmt::Display,Trait impl,Formatting,False,False,False,
tokio,tokio::sync::mpsc,tokio/src/sync/mpsc/error.rs,137,into_inner,SendTimeoutError<T>,,Public API,Conversion,False,False,False,"Consume the `SendTimeoutError`, returning the unsent value."
tokio,tokio::sync::mpsc,tokio/src/sync/mpsc/error.rs,146,fmt,SendTimeoutError<T>,fmt::Debug,Trait impl,Formatting,False,False,False,
tokio,tokio::sync::mpsc,tokio/src/sync/mpsc/error.rs,155,fmt,SendTimeoutError<T>,fmt::Display,Trait impl,Formatting,False,False,False,
tokio,tokio::sync::mpsc,tokio/src/sync/mpsc/list.rs,51,channel,,,Crate-internal,Constructor,False,False,False,
tokio,tokio::sync::mpsc,tokio/src/sync/mpsc/list.rs,74,push,Tx<T>,,Crate-internal,Data movement,False,False,False,Pushes a value into the list.
tokio,tokio::sync::mpsc,tokio/src/sync/mpsc/list.rs,92,close,Tx<T>,,Crate-internal,Data movement,False,False,False,Closes the send half of the list.
tokio,tokio::sync::mpsc,tokio/src/sync/mpsc/list.rs,102,find_block,Tx<T>,,Private helper,Other / internal logic,False,False,False,
tokio,tokio::sync::mpsc,tokio/src/sync/mpsc/list.rs,194,reclaim_block,Tx<T>,,Crate-internal,Other / internal logic,False,True,False,# Safety Behavior is undefined if any of the following conditions are violated: - The `block` was created by [`Box::into_raw`].
tokio,tokio::sync::mpsc,tokio/src/sync/mpsc/list.rs,245,fmt,Tx<T>,fmt::Debug,Trait impl,Formatting,False,False,False,
tokio,tokio::sync::mpsc,tokio/src/sync/mpsc/list.rs,254,is_empty,Rx<T>,,Crate-internal,Accessor / query,False,False,False,
tokio,tokio::sync::mpsc,tokio/src/sync/mpsc/list.rs,269,is_maybe_closed,Rx<T>,,Private helper,Accessor / query,False,False,False,
tokio,tokio::sync::mpsc,tokio/src/sync/mpsc/list.rs,298,len,Rx<T>,,Crate-internal,Accessor / query,False,False,False,
tokio,tokio::sync::mpsc,tokio/src/sync/mpsc/list.rs,320,pop,Rx<T>,,Crate-internal,Data movement,False,False,False,Pops the next value off the queue.
tokio,tokio::sync::mpsc,tokio/src/sync/mpsc/list.rs,349,try_pop,Rx<T>,,Crate-internal,Non-blocking attempt,False,False,False,"Pops the next value off the queue, detecting whether the block is busy or empty on failure."
tokio,tokio::sync::mpsc,tokio/src/sync/mpsc/list.rs,364,try_advancing_head,Rx<T>,,Private helper,Non-blocking attempt,False,False,False,Tries advancing the block pointer to the block referenced by `self.index`.
tokio,tokio::sync::mpsc,tokio/src/sync/mpsc/list.rs,391,reclaim_blocks,Rx<T>,,Private helper,Other / internal logic,False,False,False,
tokio,tokio::sync::mpsc,tokio/src/sync/mpsc/list.rs,429,free_blocks,Rx<T>,,Crate-internal,Other / internal logic,False,True,False,Effectively `Drop` all the blocks.
tokio,tokio::sync::mpsc,tokio/src/sync/mpsc/list.rs,450,fmt,Rx<T>,fmt::Debug,Trait impl,Formatting,False,False,False,
tokio,tokio::sync::mpsc,tokio/src/sync/mpsc/unbounded.rs,50,clone,UnboundedSender<T>,Clone,Trait impl,Clone,False,False,False,
tokio,tokio::sync::mpsc,tokio/src/sync/mpsc/unbounded.rs,58,fmt,UnboundedSender<T>,fmt::Debug,Trait impl,Formatting,False,False,False,
tokio,tokio::sync::mpsc,tokio/src/sync/mpsc/unbounded.rs,78,fmt,UnboundedReceiver<T>,fmt::Debug,Trait impl,Formatting,False,False,False,
tokio,tokio::sync::mpsc,tokio/src/sync/mpsc/unbounded.rs,95,unbounded_channel,,,Public API,Constructor,False,False,False,Creates an unbounded mpsc channel for communicating between asynchronous tasks without backpressure.
tokio,tokio::sync::mpsc,tokio/src/sync/mpsc/unbounded.rs,109,new,UnboundedReceiver<T>,,Crate-internal,Constructor,False,False,False,
tokio,tokio::sync::mpsc,tokio/src/sync/mpsc/unbounded.rs,167,recv,UnboundedReceiver<T>,,Public API,Data movement,True,False,False,Receives the next value for this receiver.
tokio,tokio::sync::mpsc,tokio/src/sync/mpsc/unbounded.rs,241,recv_many,UnboundedReceiver<T>,,Public API,Data movement,True,False,False,Receives the next values for this receiver and extends `buffer`.
tokio,tokio::sync::mpsc,tokio/src/sync/mpsc/unbounded.rs,286,try_recv,UnboundedReceiver<T>,,Public API,Non-blocking attempt,False,False,False,Tries to receive the next value for this receiver.
tokio,tokio::sync::mpsc,tokio/src/sync/mpsc/unbounded.rs,321,blocking_recv,UnboundedReceiver<T>,,Public API,Blocking (sync) variant,False,False,False,Blocking receive to call outside of asynchronous contexts.
tokio,tokio::sync::mpsc,tokio/src/sync/mpsc/unbounded.rs,331,blocking_recv_many,UnboundedReceiver<T>,,Public API,Blocking (sync) variant,False,False,False,Variant of [`Self::recv_many`] for blocking contexts.
tokio,tokio::sync::mpsc,tokio/src/sync/mpsc/unbounded.rs,342,close,UnboundedReceiver<T>,,Public API,Data movement,False,False,False,"Closes the receiving half of a channel, without dropping it."
tokio,tokio::sync::mpsc,tokio/src/sync/mpsc/unbounded.rs,368,is_closed,UnboundedReceiver<T>,,Public API,Accessor / query,False,False,False,Checks if a channel is closed.
tokio,tokio::sync::mpsc,tokio/src/sync/mpsc/unbounded.rs,390,is_empty,UnboundedReceiver<T>,,Public API,Accessor / query,False,False,False,Checks if a channel is empty.
tokio,tokio::sync::mpsc,tokio/src/sync/mpsc/unbounded.rs,409,len,UnboundedReceiver<T>,,Public API,Accessor / query,False,False,False,Returns the number of messages in the channel.
tokio,tokio::sync::mpsc,tokio/src/sync/mpsc/unbounded.rs,434,poll_recv,UnboundedReceiver<T>,,Public API,Poll function,False,False,False,Polls to receive the next message on this channel.
tokio,tokio::sync::mpsc,tokio/src/sync/mpsc/unbounded.rs,509,poll_recv_many,UnboundedReceiver<T>,,Public API,Poll function,False,False,False,"Polls to receive multiple messages on this channel, extending the provided buffer."
tokio,tokio::sync::mpsc,tokio/src/sync/mpsc/unbounded.rs,519,sender_strong_count,UnboundedReceiver<T>,,Public API,Data movement,False,False,False,Returns the number of [`UnboundedSender`] handles.
tokio,tokio::sync::mpsc,tokio/src/sync/mpsc/unbounded.rs,524,sender_weak_count,UnboundedReceiver<T>,,Public API,Data movement,False,False,False,Returns the number of [`WeakUnboundedSender`] handles.
tokio,tokio::sync::mpsc,tokio/src/sync/mpsc/unbounded.rs,530,new,UnboundedSender<T>,,Crate-internal,Constructor,False,False,False,
tokio,tokio::sync::mpsc,tokio/src/sync/mpsc/unbounded.rs,547,send,UnboundedSender<T>,,Public API,Data movement,False,False,False,Attempts to send a message on this `UnboundedSender` without blocking.
tokio,tokio::sync::mpsc,tokio/src/sync/mpsc/unbounded.rs,556,inc_num_messages,UnboundedSender<T>,,Private helper,Metrics / counters,False,False,False,
tokio,tokio::sync::mpsc,tokio/src/sync/mpsc/unbounded.rs,623,closed,UnboundedSender<T>,,Public API,Data movement,True,False,False,Completes when the receiver has dropped.
tokio,tokio::sync::mpsc,tokio/src/sync/mpsc/unbounded.rs,645,is_closed,UnboundedSender<T>,,Public API,Accessor / query,False,False,False,Checks if the channel has been closed.
tokio,tokio::sync::mpsc,tokio/src/sync/mpsc/unbounded.rs,661,same_channel,UnboundedSender<T>,,Public API,Handle / reference plumbing,False,False,False,Returns `true` if senders belong to the same channel.
tokio,tokio::sync::mpsc,tokio/src/sync/mpsc/unbounded.rs,670,downgrade,UnboundedSender<T>,,Public API,Handle / reference plumbing,False,False,False,"Converts the `UnboundedSender` to a [`WeakUnboundedSender`] that does not count towards RAII semantics, i.e."
tokio,tokio::sync::mpsc,tokio/src/sync/mpsc/unbounded.rs,677,strong_count,UnboundedSender<T>,,Public API,Metrics / counters,False,False,False,Returns the number of [`UnboundedSender`] handles.
tokio,tokio::sync::mpsc,tokio/src/sync/mpsc/unbounded.rs,682,weak_count,UnboundedSender<T>,,Public API,Metrics / counters,False,False,False,Returns the number of [`WeakUnboundedSender`] handles.
tokio,tokio::sync::mpsc,tokio/src/sync/mpsc/unbounded.rs,688,clone,WeakUnboundedSender<T>,Clone,Trait impl,Clone,False,False,False,
tokio,tokio::sync::mpsc,tokio/src/sync/mpsc/unbounded.rs,698,drop,WeakUnboundedSender<T>,Drop,Trait impl,Drop / cleanup,False,False,False,
tokio,tokio::sync::mpsc,tokio/src/sync/mpsc/unbounded.rs,707,upgrade,WeakUnboundedSender<T>,,Public API,Handle / reference plumbing,False,False,False,Tries to convert a `WeakUnboundedSender` into an [`UnboundedSender`].
tokio,tokio::sync::mpsc,tokio/src/sync/mpsc/unbounded.rs,712,strong_count,WeakUnboundedSender<T>,,Public API,Metrics / counters,False,False,False,Returns the number of [`UnboundedSender`] handles.
tokio,tokio::sync::mpsc,tokio/src/sync/mpsc/unbounded.rs,717,weak_count,WeakUnboundedSender<T>,,Public API,Metrics / counters,False,False,False,Returns the number of [`WeakUnboundedSender`] handles.
tokio,tokio::sync::mpsc,tokio/src/sync/mpsc/unbounded.rs,723,fmt,WeakUnboundedSender<T>,fmt::Debug,Trait impl,Formatting,False,False,False,
tokio,tokio::sync::rwlock,tokio/src/sync/rwlock/owned_read_guard.rs,34,skip_drop,"OwnedRwLockReadGuard<T, U>",,Private helper,Combinator / iteration,False,False,False,
tokio,tokio::sync::rwlock,tokio/src/sync/rwlock/owned_read_guard.rs,76,map,"OwnedRwLockReadGuard<T, U>",,Public API,Combinator / iteration,False,False,False,Makes a new `OwnedRwLockReadGuard` for a component of the locked data.
tokio,tokio::sync::rwlock,tokio/src/sync/rwlock/owned_read_guard.rs,123,try_map,"OwnedRwLockReadGuard<T, U>",,Public API,Non-blocking attempt,False,False,False,Attempts to make a new [`OwnedRwLockReadGuard`] for a component of the locked data.
tokio,tokio::sync::rwlock,tokio/src/sync/rwlock/owned_read_guard.rs,164,rwlock,"OwnedRwLockReadGuard<T, U>",,Public API,Other / internal logic,False,False,False,Returns a reference to the original `Arc<RwLock>`.
tokio,tokio::sync::rwlock,tokio/src/sync/rwlock/owned_read_guard.rs,172,deref,"OwnedRwLockReadGuard<T, U>",ops::Deref,Trait impl,Deref,False,False,False,
tokio,tokio::sync::rwlock,tokio/src/sync/rwlock/owned_read_guard.rs,181,fmt,"OwnedRwLockReadGuard<T, U>",fmt::Debug,Trait impl,Formatting,False,False,False,
tokio,tokio::sync::rwlock,tokio/src/sync/rwlock/owned_read_guard.rs,190,fmt,"OwnedRwLockReadGuard<T, U>",fmt::Display,Trait impl,Formatting,False,False,False,
tokio,tokio::sync::rwlock,tokio/src/sync/rwlock/owned_read_guard.rs,196,drop,"OwnedRwLockReadGuard<T, U>",Drop,Trait impl,Drop / cleanup,False,False,False,
tokio,tokio::sync::rwlock,tokio/src/sync/rwlock/owned_write_guard.rs,38,skip_drop,OwnedRwLockWriteGuard<T>,,Private helper,Combinator / iteration,False,False,False,
tokio,tokio::sync::rwlock,tokio/src/sync/rwlock/owned_write_guard.rs,86,map,OwnedRwLockWriteGuard<T>,,Public API,Combinator / iteration,False,False,False,Makes a new [`OwnedRwLockMappedWriteGuard`] for a component of the locked data.
tokio,tokio::sync::rwlock,tokio/src/sync/rwlock/owned_write_guard.rs,135,downgrade_map,OwnedRwLockWriteGuard<T>,,Public API,Other / internal logic,False,False,False,Makes a new [`OwnedRwLockReadGuard`] for a component of the locked data.
tokio,tokio::sync::rwlock,tokio/src/sync/rwlock/owned_write_guard.rs,210,try_map,OwnedRwLockWriteGuard<T>,,Public API,Non-blocking attempt,False,False,False,Attempts to make a new [`OwnedRwLockMappedWriteGuard`] for a component of the locked data.
tokio,tokio::sync::rwlock,tokio/src/sync/rwlock/owned_write_guard.rs,269,try_downgrade_map,OwnedRwLockWriteGuard<T>,,Public API,Non-blocking attempt,False,False,False,Attempts to make a new [`OwnedRwLockReadGuard`] for a component of the locked data.
tokio,tokio::sync::rwlock,tokio/src/sync/rwlock/owned_write_guard.rs,320,into_mapped,OwnedRwLockWriteGuard<T>,,Public API,Conversion,False,False,False,Converts this `OwnedRwLockWriteGuard` into an `OwnedRwLockMappedWriteGuard`.
tokio,tokio::sync::rwlock,tokio/src/sync/rwlock/owned_write_guard.rs,359,downgrade,OwnedRwLockWriteGuard<T>,,Public API,Handle / reference plumbing,False,False,False,Atomically downgrades a write lock into a read lock without allowing any writers to take exclusive access of the lock in the meantime.
tokio,tokio::sync::rwlock,tokio/src/sync/rwlock/owned_write_guard.rs,410,rwlock,OwnedRwLockWriteGuard<T>,,Public API,Other / internal logic,False,False,False,Returns a reference to the original `Arc<RwLock>`.
tokio,tokio::sync::rwlock,tokio/src/sync/rwlock/owned_write_guard.rs,418,deref,OwnedRwLockWriteGuard<T>,ops::Deref,Trait impl,Deref,False,False,False,
tokio,tokio::sync::rwlock,tokio/src/sync/rwlock/owned_write_guard.rs,424,deref_mut,OwnedRwLockWriteGuard<T>,ops::DerefMut,Trait impl,Deref,False,False,False,
tokio,tokio::sync::rwlock,tokio/src/sync/rwlock/owned_write_guard.rs,433,fmt,OwnedRwLockWriteGuard<T>,fmt::Debug,Trait impl,Formatting,False,False,False,
tokio,tokio::sync::rwlock,tokio/src/sync/rwlock/owned_write_guard.rs,442,fmt,OwnedRwLockWriteGuard<T>,fmt::Display,Trait impl,Formatting,False,False,False,
tokio,tokio::sync::rwlock,tokio/src/sync/rwlock/owned_write_guard.rs,448,drop,OwnedRwLockWriteGuard<T>,Drop,Trait impl,Drop / cleanup,False,False,False,
tokio,tokio::sync::rwlock,tokio/src/sync/rwlock/owned_write_guard_mapped.rs,37,skip_drop,"OwnedRwLockMappedWriteGuard<T, U>",,Private helper,Combinator / iteration,False,False,False,
tokio,tokio::sync::rwlock,tokio/src/sync/rwlock/owned_write_guard_mapped.rs,85,map,"OwnedRwLockMappedWriteGuard<T, U>",,Public API,Combinator / iteration,False,False,False,Makes a new `OwnedRwLockMappedWriteGuard` for a component of the locked data.
tokio,tokio::sync::rwlock,tokio/src/sync/rwlock/owned_write_guard_mapped.rs,136,try_map,"OwnedRwLockMappedWriteGuard<T, U>",,Public API,Non-blocking attempt,False,False,False,Attempts to make a new `OwnedRwLockMappedWriteGuard` for a component of the locked data.
tokio,tokio::sync::rwlock,tokio/src/sync/rwlock/owned_write_guard_mapped.rs,180,rwlock,"OwnedRwLockMappedWriteGuard<T, U>",,Public API,Other / internal logic,False,False,False,Returns a reference to the original `Arc<RwLock>`.
tokio,tokio::sync::rwlock,tokio/src/sync/rwlock/owned_write_guard_mapped.rs,188,deref,"OwnedRwLockMappedWriteGuard<T, U>",ops::Deref,Trait impl,Deref,False,False,False,
tokio,tokio::sync::rwlock,tokio/src/sync/rwlock/owned_write_guard_mapped.rs,194,deref_mut,"OwnedRwLockMappedWriteGuard<T, U>",ops::DerefMut,Trait impl,Deref,False,False,False,
tokio,tokio::sync::rwlock,tokio/src/sync/rwlock/owned_write_guard_mapped.rs,203,fmt,"OwnedRwLockMappedWriteGuard<T, U>",fmt::Debug,Trait impl,Formatting,False,False,False,
tokio,tokio::sync::rwlock,tokio/src/sync/rwlock/owned_write_guard_mapped.rs,212,fmt,"OwnedRwLockMappedWriteGuard<T, U>",fmt::Display,Trait impl,Formatting,False,False,False,
tokio,tokio::sync::rwlock,tokio/src/sync/rwlock/owned_write_guard_mapped.rs,218,drop,"OwnedRwLockMappedWriteGuard<T, U>",Drop,Trait impl,Drop / cleanup,False,False,False,
tokio,tokio::sync::rwlock,tokio/src/sync/rwlock/read_guard.rs,34,skip_drop,"RwLockReadGuard<'a, T>",,Private helper,Combinator / iteration,False,False,False,
tokio,tokio::sync::rwlock,tokio/src/sync/rwlock/read_guard.rs,80,map,"RwLockReadGuard<'a, T>",,Public API,Combinator / iteration,False,False,False,Makes a new `RwLockReadGuard` for a component of the locked data.
tokio,tokio::sync::rwlock,tokio/src/sync/rwlock/read_guard.rs,132,try_map,"RwLockReadGuard<'a, T>",,Public API,Non-blocking attempt,False,False,False,Attempts to make a new [`RwLockReadGuard`] for a component of the locked data.
tokio,tokio::sync::rwlock,tokio/src/sync/rwlock/read_guard.rs,155,deref,"RwLockReadGuard<'_, T>",ops::Deref,Trait impl,Deref,False,False,False,
tokio,tokio::sync::rwlock,tokio/src/sync/rwlock/read_guard.rs,164,fmt,"RwLockReadGuard<'a, T>",fmt::Debug,Trait impl,Formatting,False,False,False,
tokio,tokio::sync::rwlock,tokio/src/sync/rwlock/read_guard.rs,173,fmt,"RwLockReadGuard<'a, T>",fmt::Display,Trait impl,Formatting,False,False,False,
tokio,tokio::sync::rwlock,tokio/src/sync/rwlock/read_guard.rs,179,drop,"RwLockReadGuard<'a, T>",Drop,Trait impl,Drop / cleanup,False,False,False,
tokio,tokio::sync::rwlock,tokio/src/sync/rwlock/write_guard.rs,38,skip_drop,"RwLockWriteGuard<'a, T>",,Private helper,Combinator / iteration,False,False,False,
tokio,tokio::sync::rwlock,tokio/src/sync/rwlock/write_guard.rs,88,map,"RwLockWriteGuard<'a, T>",,Public API,Combinator / iteration,False,False,False,Makes a new [`RwLockMappedWriteGuard`] for a component of the locked data.
tokio,tokio::sync::rwlock,tokio/src/sync/rwlock/write_guard.rs,143,downgrade_map,"RwLockWriteGuard<'a, T>",,Public API,Other / internal logic,False,False,False,Makes a new [`RwLockReadGuard`] for a component of the locked data.
tokio,tokio::sync::rwlock,tokio/src/sync/rwlock/write_guard.rs,222,try_map,"RwLockWriteGuard<'a, T>",,Public API,Non-blocking attempt,False,False,False,Attempts to make a new [`RwLockMappedWriteGuard`] for a component of the locked data.
tokio,tokio::sync::rwlock,tokio/src/sync/rwlock/write_guard.rs,287,try_downgrade_map,"RwLockWriteGuard<'a, T>",,Public API,Non-blocking attempt,False,False,False,Attempts to make a new [`RwLockReadGuard`] for a component of the locked data.
tokio,tokio::sync::rwlock,tokio/src/sync/rwlock/write_guard.rs,335,into_mapped,"RwLockWriteGuard<'a, T>",,Public API,Conversion,False,False,False,Converts this `RwLockWriteGuard` into an `RwLockMappedWriteGuard`.
tokio,tokio::sync::rwlock,tokio/src/sync/rwlock/write_guard.rs,376,downgrade,"RwLockWriteGuard<'a, T>",,Public API,Handle / reference plumbing,False,False,False,Atomically downgrades a write lock into a read lock without allowing any writers to take exclusive access of the lock in the meantime.
tokio,tokio::sync::rwlock,tokio/src/sync/rwlock/write_guard.rs,415,deref,"RwLockWriteGuard<'_, T>",ops::Deref,Trait impl,Deref,False,False,False,
tokio,tokio::sync::rwlock,tokio/src/sync/rwlock/write_guard.rs,421,deref_mut,"RwLockWriteGuard<'_, T>",ops::DerefMut,Trait impl,Deref,False,False,False,
tokio,tokio::sync::rwlock,tokio/src/sync/rwlock/write_guard.rs,430,fmt,"RwLockWriteGuard<'a, T>",fmt::Debug,Trait impl,Formatting,False,False,False,
tokio,tokio::sync::rwlock,tokio/src/sync/rwlock/write_guard.rs,439,fmt,"RwLockWriteGuard<'a, T>",fmt::Display,Trait impl,Formatting,False,False,False,
tokio,tokio::sync::rwlock,tokio/src/sync/rwlock/write_guard.rs,445,drop,"RwLockWriteGuard<'a, T>",Drop,Trait impl,Drop / cleanup,False,False,False,
tokio,tokio::sync::rwlock,tokio/src/sync/rwlock/write_guard_mapped.rs,36,skip_drop,"RwLockMappedWriteGuard<'a, T>",,Private helper,Combinator / iteration,False,False,False,
tokio,tokio::sync::rwlock,tokio/src/sync/rwlock/write_guard_mapped.rs,85,map,"RwLockMappedWriteGuard<'a, T>",,Public API,Combinator / iteration,False,False,False,Makes a new `RwLockMappedWriteGuard` for a component of the locked data.
tokio,tokio::sync::rwlock,tokio/src/sync/rwlock/write_guard_mapped.rs,141,try_map,"RwLockMappedWriteGuard<'a, T>",,Public API,Non-blocking attempt,False,False,False,Attempts to make a new [`RwLockMappedWriteGuard`] for a component of the locked data.
tokio,tokio::sync::rwlock,tokio/src/sync/rwlock/write_guard_mapped.rs,171,deref,"RwLockMappedWriteGuard<'_, T>",ops::Deref,Trait impl,Deref,False,False,False,
tokio,tokio::sync::rwlock,tokio/src/sync/rwlock/write_guard_mapped.rs,177,deref_mut,"RwLockMappedWriteGuard<'_, T>",ops::DerefMut,Trait impl,Deref,False,False,False,
tokio,tokio::sync::rwlock,tokio/src/sync/rwlock/write_guard_mapped.rs,186,fmt,"RwLockMappedWriteGuard<'a, T>",fmt::Debug,Trait impl,Formatting,False,False,False,
tokio,tokio::sync::rwlock,tokio/src/sync/rwlock/write_guard_mapped.rs,195,fmt,"RwLockMappedWriteGuard<'a, T>",fmt::Display,Trait impl,Formatting,False,False,False,
tokio,tokio::sync::rwlock,tokio/src/sync/rwlock/write_guard_mapped.rs,201,drop,"RwLockMappedWriteGuard<'a, T>",Drop,Trait impl,Drop / cleanup,False,False,False,
tokio,tokio::sync::task,tokio/src/sync/task/atomic_waker.rs,142,new,AtomicWaker,,Crate-internal,Constructor,False,False,False,Create an `AtomicWaker`
tokio,tokio::sync::task,tokio/src/sync/task/atomic_waker.rs,171,register_by_ref,AtomicWaker,,Crate-internal,I/O registration,False,False,False,Registers the provided waker to be notified on calls to `wake`.
tokio,tokio::sync::task,tokio/src/sync/task/atomic_waker.rs,175,do_register,AtomicWaker,,Private helper,Other / internal logic,False,False,False,
tokio,tokio::sync::task,tokio/src/sync/task/atomic_waker.rs,179,catch_unwind,,,Private helper,Other / internal logic,False,False,False,
tokio,tokio::sync::task,tokio/src/sync/task/atomic_waker.rs,303,wake,AtomicWaker,,Crate-internal,Wake / park,False,False,False,Wakes the task that last called `register`.
tokio,tokio::sync::task,tokio/src/sync/task/atomic_waker.rs,313,take_waker,AtomicWaker,,Crate-internal,Data movement,False,False,False,Attempts to take the `Waker` value out of the `AtomicWaker` with the intention that the caller will wake the task later.
tokio,tokio::sync::task,tokio/src/sync/task/atomic_waker.rs,346,default,AtomicWaker,Default,Trait impl,Constructor,False,False,False,
tokio,tokio::sync::task,tokio/src/sync/task/atomic_waker.rs,352,fmt,AtomicWaker,fmt::Debug,Trait impl,Formatting,False,False,False,
tokio,tokio::sync::task,tokio/src/sync/task/atomic_waker.rs,361,wake,trait WakerRef,,Trait method (declaration/default),Wake / park,False,False,False,
tokio,tokio::sync::task,tokio/src/sync/task/atomic_waker.rs,362,into_waker,trait WakerRef,,Trait method (declaration/default),Conversion,False,False,False,
tokio,tokio::sync::task,tokio/src/sync/task/atomic_waker.rs,366,wake,Waker,WakerRef,Trait impl,Wake / park,False,False,False,
tokio,tokio::sync::task,tokio/src/sync/task/atomic_waker.rs,370,into_waker,Waker,WakerRef,Trait impl,Conversion,False,False,False,
tokio,tokio::sync::task,tokio/src/sync/task/atomic_waker.rs,376,wake,&Waker,WakerRef,Trait impl,Wake / park,False,False,False,
tokio,tokio::sync::task,tokio/src/sync/task/atomic_waker.rs,380,into_waker,&Waker,WakerRef,Trait impl,Conversion,False,False,False,
tokio,tokio::sync::tests,tokio/src/sync/tests/atomic_waker.rs,22,basic_usage,,,Test,Other / internal logic,False,False,False,
tokio,tokio::sync::tests,tokio/src/sync/tests/atomic_waker.rs,32,wake_without_register,,,Test,Wake / park,False,False,False,
tokio,tokio::sync::tests,tokio/src/sync/tests/atomic_waker.rs,44,failed_wake_synchronizes,,,Test,Other / internal logic,False,False,False,
tokio,tokio::sync::tests,tokio/src/sync/tests/atomic_waker.rs,50,failed_wake_synchronizes_inner,,,Test,Other / internal logic,False,False,False,
tokio,tokio::sync::tests,tokio/src/sync/tests/atomic_waker.rs,77,atomic_waker_panic_safe,,,Test,Other / internal logic,False,False,False,
tokio,tokio::sync::tests,tokio/src/sync/tests/loom_atomic_waker.rs,17,basic_notification,,,Test,Other / internal logic,False,False,False,
tokio,tokio::sync::tests,tokio/src/sync/tests/loom_atomic_waker.rs,48,test_panicky_waker,,,Test,Other / internal logic,False,False,False,
tokio,tokio::sync::tests,tokio/src/sync/tests/loom_broadcast.rs,10,broadcast_send,,,Test,Data movement,False,False,False,
tokio,tokio::sync::tests,tokio/src/sync/tests/loom_broadcast.rs,51,broadcast_two,,,Test,Data movement,False,False,False,
tokio,tokio::sync::tests,tokio/src/sync/tests/loom_broadcast.rs,96,broadcast_wrap,,,Test,Data movement,False,False,False,
tokio,tokio::sync::tests,tokio/src/sync/tests/loom_broadcast.rs,145,drop_rx,,,Test,Lifecycle / ref-count,False,False,False,
tokio,tokio::sync::tests,tokio/src/sync/tests/loom_broadcast.rs,183,drop_multiple_rx_with_overflow,,,Test,Lifecycle / ref-count,False,False,False,
tokio,tokio::sync::tests,tokio/src/sync/tests/loom_list.rs,7,smoke,,,Test,Other / internal logic,False,False,False,
tokio,tokio::sync::tests,tokio/src/sync/tests/loom_mpsc.rs,10,closing_tx,,,Test,Other / internal logic,False,False,False,
tokio,tokio::sync::tests,tokio/src/sync/tests/loom_mpsc.rs,28,closing_unbounded_tx,,,Test,Other / internal logic,False,False,False,
tokio,tokio::sync::tests,tokio/src/sync/tests/loom_mpsc.rs,46,closing_bounded_rx,,,Test,Other / internal logic,False,False,False,
tokio,tokio::sync::tests,tokio/src/sync/tests/loom_mpsc.rs,60,closing_and_sending,,,Test,Other / internal logic,False,False,False,
tokio,tokio::sync::tests,tokio/src/sync/tests/loom_mpsc.rs,87,closing_unbounded_rx,,,Test,Other / internal logic,False,False,False,
tokio,tokio::sync::tests,tokio/src/sync/tests/loom_mpsc.rs,101,dropping_tx,,,Test,Other / internal logic,False,False,False,
tokio,tokio::sync::tests,tokio/src/sync/tests/loom_mpsc.rs,119,dropping_unbounded_tx,,,Test,Other / internal logic,False,False,False,
tokio,tokio::sync::tests,tokio/src/sync/tests/loom_mpsc.rs,137,try_recv,,,Test,Non-blocking attempt,False,False,False,
tokio,tokio::sync::tests,tokio/src/sync/tests/loom_mpsc.rs,152,run,,,Test,Runtime/task control,False,False,False,
tokio,tokio::sync::tests,tokio/src/sync/tests/loom_mpsc.rs,193,len_nonzero_after_send,,,Test,Accessor / query,False,False,False,
tokio,tokio::sync::tests,tokio/src/sync/tests/loom_mpsc.rs,210,nonempty_after_send,,,Test,Other / internal logic,False,False,False,
tokio,tokio::sync::tests,tokio/src/sync/tests/loom_mpsc.rs,227,is_empty_during_close,,,Test,Accessor / query,False,False,False,
tokio,tokio::sync::tests,tokio/src/sync/tests/loom_mpsc.rs,241,len_during_close_helper,,,Test,Accessor / query,False,False,False,
tokio,tokio::sync::tests,tokio/src/sync/tests/loom_mpsc.rs,260,len_during_close_0,,,Test,Accessor / query,False,False,False,
tokio,tokio::sync::tests,tokio/src/sync/tests/loom_mpsc.rs,265,len_during_close_1,,,Test,Accessor / query,False,False,False,
tokio,tokio::sync::tests,tokio/src/sync/tests/loom_mpsc.rs,270,len_during_close_block_cap,,,Test,Accessor / query,False,False,False,
tokio,tokio::sync::tests,tokio/src/sync/tests/loom_mpsc.rs,275,len_during_close_block_cap_plus_1,,,Test,Accessor / query,False,False,False,
tokio,tokio::sync::tests,tokio/src/sync/tests/loom_notify.rs,13,notify_one,,,Test,Wake / park,False,False,False,
tokio,tokio::sync::tests,tokio/src/sync/tests/loom_notify.rs,30,notify_waiters,,,Test,Wake / park,False,False,False,
tokio,tokio::sync::tests,tokio/src/sync/tests/loom_notify.rs,51,notify_waiters_and_one,,,Test,Wake / park,False,False,False,
tokio,tokio::sync::tests,tokio/src/sync/tests/loom_notify.rs,80,notify_multi,,,Test,Wake / park,False,False,False,
tokio,tokio::sync::tests,tokio/src/sync/tests/loom_notify.rs,110,notify_drop,,,Test,Wake / park,False,False,False,
tokio,tokio::sync::tests,tokio/src/sync/tests/loom_notify.rs,150,notify_waiters_poll_consistency,,,Test,Wake / park,False,False,False,Polls two `Notified` futures and checks if poll results are consistent with each other.
tokio,tokio::sync::tests,tokio/src/sync/tests/loom_notify.rs,151,notify_waiters_poll_consistency_variant,,,Test,Wake / park,False,False,False,
tokio,tokio::sync::tests,tokio/src/sync/tests/loom_notify.rs,192,notify_waiters_poll_consistency_many,,,Test,Wake / park,False,False,False,Polls two `Notified` futures and checks if poll results are consistent with each other.
tokio,tokio::sync::tests,tokio/src/sync/tests/loom_notify.rs,193,notify_waiters_poll_consistency_many_variant,,,Test,Wake / park,False,False,False,
tokio,tokio::sync::tests,tokio/src/sync/tests/loom_notify.rs,228,notify_waiters_is_atomic,,,Test,Wake / park,False,False,False,Checks if a call to `notify_waiters` is observed as atomic when combined with a concurrent call to `notify_one`.
tokio,tokio::sync::tests,tokio/src/sync/tests/loom_notify.rs,229,notify_waiters_is_atomic_variant,,,Test,Wake / park,False,False,False,
tokio,tokio::sync::tests,tokio/src/sync/tests/loom_notify.rs,277,notify_waiters_sequential_notified_await,,,Test,Wake / park,False,False,False,Checks if a single call to `notify_waiters` does not get through two `Notified` futures created and awaited sequentially like this: notify.notified().await; notify.notified().await;
tokio,tokio::sync::tests,tokio/src/sync/tests/loom_oneshot.rs,10,smoke,,,Test,Other / internal logic,False,False,False,
tokio,tokio::sync::tests,tokio/src/sync/tests/loom_oneshot.rs,24,changing_rx_task,,,Test,Other / internal logic,False,False,False,
tokio,tokio::sync::tests,tokio/src/sync/tests/loom_oneshot.rs,60,try_recv_close,,,Test,Non-blocking attempt,False,False,False,
tokio,tokio::sync::tests,tokio/src/sync/tests/loom_oneshot.rs,74,recv_closed,,,Test,Data movement,False,False,False,
tokio,tokio::sync::tests,tokio/src/sync/tests/loom_oneshot.rs,98,new,OnClose<'a>,,Test,Constructor,False,False,False,
tokio,tokio::sync::tests,tokio/src/sync/tests/loom_oneshot.rs,106,poll,OnClose<'_>,Future,Test,Future impl (poll),False,False,False,
tokio,tokio::sync::tests,tokio/src/sync/tests/loom_oneshot.rs,115,changing_tx_task,,,Test,Other / internal logic,False,False,False,
tokio,tokio::sync::tests,tokio/src/sync/tests/loom_oneshot.rs,143,checking_tx_send_ok_not_drop,,,Test,Other / internal logic,False,False,False,
tokio,tokio::sync::tests,tokio/src/sync/tests/loom_oneshot.rs,154,drop,Msg,Drop,Test,Drop / cleanup,False,False,False,
tokio,tokio::sync::tests,tokio/src/sync/tests/loom_oneshot.rs,190,drop_rx_after_poll,,,Test,Lifecycle / ref-count,False,False,False,
tokio,tokio::sync::tests,tokio/src/sync/tests/loom_rwlock.rs,8,concurrent_write,,,Test,Other / internal logic,False,False,False,
tokio,tokio::sync::tests,tokio/src/sync/tests/loom_rwlock.rs,39,concurrent_read_write,,,Test,Other / internal logic,False,False,False,
tokio,tokio::sync::tests,tokio/src/sync/tests/loom_rwlock.rs,86,downgrade,,,Test,Handle / reference plumbing,False,False,False,
tokio,tokio::sync::tests,tokio/src/sync/tests/loom_semaphore_batch.rs,14,basic_usage,,,Test,Other / internal logic,False,False,False,
tokio,tokio::sync::tests,tokio/src/sync/tests/loom_semaphore_batch.rs,22,actor,,,Test,Async operation,True,False,False,
tokio,tokio::sync::tests,tokio/src/sync/tests/loom_semaphore_batch.rs,51,release,,,Test,Locking / permits,False,False,False,
tokio,tokio::sync::tests,tokio/src/sync/tests/loom_semaphore_batch.rs,70,basic_closing,,,Test,Other / internal logic,False,False,False,
tokio,tokio::sync::tests,tokio/src/sync/tests/loom_semaphore_batch.rs,95,concurrent_close,,,Test,Other / internal logic,False,False,False,
tokio,tokio::sync::tests,tokio/src/sync/tests/loom_semaphore_batch.rs,116,concurrent_cancel,,,Test,Other / internal logic,False,False,False,
tokio,tokio::sync::tests,tokio/src/sync/tests/loom_semaphore_batch.rs,117,poll_and_cancel,,,Test,Poll function,True,False,False,
tokio,tokio::sync::tests,tokio/src/sync/tests/loom_semaphore_batch.rs,160,batch,,,Test,Other / internal logic,False,False,False,
tokio,tokio::sync::tests,tokio/src/sync/tests/loom_semaphore_batch.rs,200,release_during_acquire,,,Test,Locking / permits,False,False,False,
tokio,tokio::sync::tests,tokio/src/sync/tests/loom_semaphore_batch.rs,217,concurrent_permit_updates,,,Test,Other / internal logic,False,False,False,
tokio,tokio::sync::tests,tokio/src/sync/tests/loom_set_once.rs,15,new,DropCounter,,Test,Constructor,False,False,False,
tokio,tokio::sync::tests,tokio/src/sync/tests/loom_set_once.rs,21,assert_num_drops,DropCounter,,Test,Debugging / tracing,False,False,False,
tokio,tokio::sync::tests,tokio/src/sync/tests/loom_set_once.rs,27,drop,DropCounter,Drop,Test,Drop / cleanup,False,False,False,
tokio,tokio::sync::tests,tokio/src/sync/tests/loom_set_once.rs,33,set_once_drop_test,,,Test,Configuration / setter,False,False,False,
tokio,tokio::sync::tests,tokio/src/sync/tests/loom_set_once.rs,56,set_once_wait_test,,,Test,Configuration / setter,False,False,False,
tokio,tokio::sync::tests,tokio/src/sync/tests/loom_watch.rs,8,smoke,,,Test,Other / internal logic,False,False,False,
tokio,tokio::sync::tests,tokio/src/sync/tests/loom_watch.rs,40,wait_for_test,,,Test,Runtime/task control,False,False,False,
tokio,tokio::sync::tests,tokio/src/sync/tests/loom_watch.rs,66,wait_for_returns_correct_value,,,Test,Runtime/task control,False,False,False,
tokio,tokio::sync::tests,tokio/src/sync/tests/loom_watch.rs,93,multiple_sender_drop_concurrently,,,Test,Other / internal logic,False,False,False,
tokio,tokio::sync::tests,tokio/src/sync/tests/notify.rs,10,notify_clones_waker_before_lock,,,Test,Wake / park,False,False,False,
tokio,tokio::sync::tests,tokio/src/sync/tests/notify.rs,13,clone_w,,,Test,Other / internal logic,False,True,False,
tokio,tokio::sync::tests,tokio/src/sync/tests/notify.rs,24,drop_w,,,Test,Lifecycle / ref-count,False,True,False,
tokio,tokio::sync::tests,tokio/src/sync/tests/notify.rs,28,wake,,,Test,Wake / park,False,True,False,
tokio,tokio::sync::tests,tokio/src/sync/tests/notify.rs,32,wake_by_ref,,,Test,Wake / park,False,True,False,
tokio,tokio::sync::tests,tokio/src/sync/tests/notify.rs,52,notify_waiters_handles_panicking_waker,,,Test,Wake / park,False,False,False,
tokio,tokio::sync::tests,tokio/src/sync/tests/notify.rs,60,wake_by_ref,PanickingWaker,ArcWake,Test,Wake / park,False,False,False,
tokio,tokio::sync::tests,tokio/src/sync/tests/notify.rs,90,notify_simple,,,Test,Wake / park,False,False,False,
tokio,tokio::sync::tests,tokio/src/sync/tests/notify.rs,107,watch_test,,,Test,Other / internal logic,False,False,False,
tokio,tokio::sync::tests,tokio/src/sync/tests/semaphore_batch.rs,10,poll_acquire_one_available,,,Test,Poll function,False,False,False,
tokio,tokio::sync::tests,tokio/src/sync/tests/semaphore_batch.rs,20,poll_acquire_many_available,,,Test,Poll function,False,False,False,
tokio,tokio::sync::tests,tokio/src/sync/tests/semaphore_batch.rs,33,try_acquire_one_available,,,Test,Non-blocking attempt,False,False,False,
tokio,tokio::sync::tests,tokio/src/sync/tests/semaphore_batch.rs,45,try_acquire_many_available,,,Test,Non-blocking attempt,False,False,False,
tokio,tokio::sync::tests,tokio/src/sync/tests/semaphore_batch.rs,57,poll_acquire_one_unavailable,,,Test,Poll function,False,False,False,
tokio,tokio::sync::tests,tokio/src/sync/tests/semaphore_batch.rs,81,poll_acquire_many_unavailable,,,Test,Poll function,False,False,False,
tokio,tokio::sync::tests,tokio/src/sync/tests/semaphore_batch.rs,118,try_acquire_one_unavailable,,,Test,Non-blocking attempt,False,False,False,
tokio,tokio::sync::tests,tokio/src/sync/tests/semaphore_batch.rs,137,try_acquire_many_unavailable,,,Test,Non-blocking attempt,False,False,False,
tokio,tokio::sync::tests,tokio/src/sync/tests/semaphore_batch.rs,159,poll_acquire_one_zero_permits,,,Test,Poll function,False,False,False,
tokio,tokio::sync::tests,tokio/src/sync/tests/semaphore_batch.rs,174,max_permits_doesnt_panic,,,Test,Configuration / setter,False,False,False,
tokio,tokio::sync::tests,tokio/src/sync/tests/semaphore_batch.rs,181,validates_max_permits,,,Test,Other / internal logic,False,False,False,
tokio,tokio::sync::tests,tokio/src/sync/tests/semaphore_batch.rs,186,close_semaphore_prevents_acquire,,,Test,Data movement,False,False,False,
tokio,tokio::sync::tests,tokio/src/sync/tests/semaphore_batch.rs,200,close_semaphore_notifies_permit1,,,Test,Data movement,False,False,False,
tokio,tokio::sync::tests,tokio/src/sync/tests/semaphore_batch.rs,213,close_semaphore_notifies_permit2,,,Test,Data movement,False,False,False,
tokio,tokio::sync::tests,tokio/src/sync/tests/semaphore_batch.rs,247,cancel_acquire_releases_permits,,,Test,Lifecycle / ref-count,False,False,False,
tokio,tokio::sync::tests,tokio/src/sync/tests/semaphore_batch.rs,263,release_permits_at_drop,,,Test,Locking / permits,False,False,False,
tokio,tokio::sync::tests,tokio/src/sync/tests/semaphore_batch.rs,274,wake_by_ref,ReleaseOnDrop,ArcWake,Test,Wake / park,False,False,False,
tokio,tokio::sync::tests,tokio/src/sync/tests/semaphore_batch.rs,292,forget_permits_basic,,,Test,Locking / permits,False,False,False,
tokio,tokio::sync::tests,tokio/src/sync/tests/semaphore_batch.rs,301,update_permits_many_times,,,Test,Other / internal logic,False,False,False,
tokio,tokio::task,tokio/src/task/blocking.rs,74,block_in_place,,,Public API,Other / internal logic,False,False,False,Runs the provided blocking function on the current thread without blocking the executor.
tokio,tokio::task,tokio/src/task/blocking.rs,220,spawn_blocking,,,Public API,Runtime/task control,False,False,False,Runs the provided closure on a thread where blocking is acceptable.
tokio,tokio::task,tokio/src/task/builder.rs,69,new,Builder<'a>,,Public API,Constructor,False,False,False,Creates a new task builder.
tokio,tokio::task,tokio/src/task/builder.rs,74,name,Builder<'a>,,Public API,Other / internal logic,False,False,False,Assigns a name to the task which will be spawned.
tokio,tokio::task,tokio/src/task/builder.rs,87,spawn,Builder<'a>,,Public API,Runtime/task control,False,False,False,Spawns a task with this builder's settings on the current runtime.
tokio,tokio::task,tokio/src/task/builder.rs,108,spawn_on,Builder<'a>,,Public API,Runtime/task control,False,False,False,Spawn a task with this builder's settings on the provided [runtime handle].
tokio,tokio::task,tokio/src/task/builder.rs,139,spawn_local,Builder<'a>,,Public API,Runtime/task control,False,False,False,Spawns a `!Send` task on the current [`LocalSet`] or [`LocalRuntime`] with this builder's settings.
tokio,tokio::task,tokio/src/task/builder.rs,160,spawn_local_on,Builder<'a>,,Public API,Runtime/task control,False,False,False,Spawns `!Send` a task on the provided [`LocalSet`] with this builder's settings.
tokio,tokio::task,tokio/src/task/builder.rs,186,spawn_blocking,Builder<'a>,,Public API,Runtime/task control,False,False,False,Spawns blocking code on the blocking threadpool.
tokio,tokio::task,tokio/src/task/builder.rs,205,spawn_blocking_on,Builder<'a>,,Public API,Runtime/task control,False,False,False,Spawns blocking code on the provided [runtime handle]'s blocking threadpool.
tokio,tokio::task,tokio/src/task/join_set.rs,82,new,JoinSet<T>,,Public API,Constructor,False,False,False,Create a new `JoinSet`.
tokio,tokio::task,tokio/src/task/join_set.rs,89,len,JoinSet<T>,,Public API,Accessor / query,False,False,False,Returns the number of tasks currently in the `JoinSet`.
tokio,tokio::task,tokio/src/task/join_set.rs,94,is_empty,JoinSet<T>,,Public API,Accessor / query,False,False,False,Returns whether the `JoinSet` is empty.
tokio,tokio::task,tokio/src/task/join_set.rs,122,build_task,JoinSet<T>,,Public API,Constructor,False,False,False,Returns a [`Builder`] that can be used to configure a task prior to spawning it on this `JoinSet`.
tokio,tokio::task,tokio/src/task/join_set.rs,142,spawn,JoinSet<T>,,Public API,Runtime/task control,False,False,False,"Spawn the provided task on the `JoinSet`, returning an [`AbortHandle`] that can be used to remotely cancel the task."
tokio,tokio::task,tokio/src/task/join_set.rs,161,spawn_on,JoinSet<T>,,Public API,Runtime/task control,False,False,False,Spawn the provided task on the provided runtime and store it in this `JoinSet` returning an [`AbortHandle`] that can be used to remotely cancel the task.
tokio,tokio::task,tokio/src/task/join_set.rs,186,spawn_local,JoinSet<T>,,Public API,Runtime/task control,False,False,False,"Spawn the provided task on the current [`LocalSet`] or [`LocalRuntime`] and store it in this `JoinSet`, returning an [`AbortHandle`] that can be used to remotely cancel the task."
tokio,tokio::task,tokio/src/task/join_set.rs,206,spawn_local_on,JoinSet<T>,,Public API,Runtime/task control,False,False,False,"Spawn the provided task on the provided [`LocalSet`] and store it in this `JoinSet`, returning an [`AbortHandle`] that can be used to remotely cancel the task."
tokio,tokio::task,tokio/src/task/join_set.rs,254,spawn_blocking,JoinSet<T>,,Public API,Runtime/task control,False,False,False,"Spawn the blocking code on the blocking threadpool and store it in this `JoinSet`, returning an [`AbortHandle`] that can be used to remotely cancel the task."
tokio,tokio::task,tokio/src/task/join_set.rs,269,spawn_blocking_on,JoinSet<T>,,Public API,Runtime/task control,False,False,False,"Spawn the blocking code on the blocking threadpool of the provided runtime and store it in this `JoinSet`, returning an [`AbortHandle`] that can be used to remotely cancel the task."
tokio,tokio::task,tokio/src/task/join_set.rs,278,insert,JoinSet<T>,,Private helper,Data movement,False,False,False,
tokio,tokio::task,tokio/src/task/join_set.rs,296,join_next,JoinSet<T>,,Public API,Async operation,True,False,False,Waits until one of the tasks in the set completes and returns its output.
tokio,tokio::task,tokio/src/task/join_set.rs,316,join_next_with_id,JoinSet<T>,,Public API,Async operation,True,False,False,"Waits until one of the tasks in the set completes and returns its output, along with the [task ID] of the completed task."
tokio,tokio::task,tokio/src/task/join_set.rs,323,try_join_next,JoinSet<T>,,Public API,Non-blocking attempt,False,False,False,Tries to join one of the tasks in the set that has completed and return its output.
tokio,tokio::task,tokio/src/task/join_set.rs,352,try_join_next_with_id,JoinSet<T>,,Public API,Non-blocking attempt,False,False,False,"Tries to join one of the tasks in the set that has completed and return its output, along with the [task ID] of the completed task."
tokio,tokio::task,tokio/src/task/join_set.rs,381,shutdown,JoinSet<T>,,Public API,Runtime/task control,True,False,False,Aborts all tasks and waits for them to finish shutting down.
tokio,tokio::task,tokio/src/task/join_set.rs,446,join_all,JoinSet<T>,,Public API,Async operation,True,False,False,"Awaits the completion of all tasks in this `JoinSet`, returning a vector of their results."
tokio,tokio::task,tokio/src/task/join_set.rs,463,abort_all,JoinSet<T>,,Public API,Lifecycle / ref-count,False,False,False,Aborts all tasks on this `JoinSet`.
tokio,tokio::task,tokio/src/task/join_set.rs,471,detach_all,JoinSet<T>,,Public API,Other / internal logic,False,False,False,Removes all tasks from this `JoinSet` without aborting them.
tokio,tokio::task,tokio/src/task/join_set.rs,500,poll_join_next,JoinSet<T>,,Public API,Poll function,False,False,False,Polls for one of the tasks in the set to complete.
tokio,tokio::task,tokio/src/task/join_set.rs,556,poll_join_next_with_id,JoinSet<T>,,Public API,Poll function,False,False,False,Polls for one of the tasks in the set to complete.
tokio,tokio::task,tokio/src/task/join_set.rs,592,drop,JoinSet<T>,Drop,Trait impl,Drop / cleanup,False,False,False,
tokio,tokio::task,tokio/src/task/join_set.rs,598,fmt,JoinSet<T>,fmt::Debug,Trait impl,Formatting,False,False,False,
tokio,tokio::task,tokio/src/task/join_set.rs,604,default,JoinSet<T>,Default,Trait impl,Constructor,False,False,False,
tokio,tokio::task,tokio/src/task/join_set.rs,643,from_iter,JoinSet<T>,std::iter::FromIterator<F>,Trait impl,Conversion,False,False,False,
tokio,tokio::task,tokio/src/task/join_set.rs,687,extend,JoinSet<T>,std::iter::Extend<F>,Trait impl,Combinator / iteration,False,False,False,
tokio,tokio::task,tokio/src/task/join_set.rs,703,name,"Builder<'a, T>",,Public API,Other / internal logic,False,False,False,Assigns a name to the task which will be spawned.
tokio,tokio::task,tokio/src/task/join_set.rs,722,spawn,"Builder<'a, T>",,Public API,Runtime/task control,False,False,False,"Spawn the provided task with this builder's settings and store it in the [`JoinSet`], returning an [`AbortHandle`] that can be used to remotely cancel the task."
tokio,tokio::task,tokio/src/task/join_set.rs,742,spawn_on,"Builder<'a, T>",,Public API,Runtime/task control,False,False,False,"Spawn the provided task on the provided [runtime handle] with this builder's settings, and store it in the [`JoinSet`]."
tokio,tokio::task,tokio/src/task/join_set.rs,765,spawn_blocking,"Builder<'a, T>",,Public API,Runtime/task control,False,False,False,"Spawn the blocking code on the blocking threadpool with this builder's settings, and store it in the [`JoinSet`]."
tokio,tokio::task,tokio/src/task/join_set.rs,785,spawn_blocking_on,"Builder<'a, T>",,Public API,Runtime/task control,False,False,False,"Spawn the blocking code on the blocking threadpool of the provided runtime handle with this builder's settings, and store it in the [`JoinSet`]."
tokio,tokio::task,tokio/src/task/join_set.rs,811,spawn_local,"Builder<'a, T>",,Public API,Runtime/task control,False,False,False,"Spawn the provided task on the current [`LocalSet`] or [`LocalRuntime`] with this builder's settings, and store it in the [`JoinSet`]."
tokio,tokio::task,tokio/src/task/join_set.rs,829,spawn_local_on,"Builder<'a, T>",,Public API,Runtime/task control,False,False,False,"Spawn the provided task on the provided [`LocalSet`] with this builder's settings, and store it in the [`JoinSet`]."
tokio,tokio::task,tokio/src/task/join_set.rs,845,fmt,"Builder<'a, T>",fmt::Debug,Trait impl,Formatting,False,False,False,
tokio,tokio::task,tokio/src/task/local.rs,301,enter,LocalData,,Private helper,Runtime/task control,False,False,False,Should be called except when we call `LocalSet::enter`.
tokio,tokio::task,tokio/src/task/local.rs,320,drop,LocalDataEnterGuard<'a>,Drop,Trait impl,Drop / cleanup,False,False,False,
tokio,tokio::task,tokio/src/task/local.rs,394,spawn_local,,,Public API,Runtime/task control,False,False,False,Spawns a `!Send` future on the current [`LocalSet`] or [`LocalRuntime`].
tokio,tokio::task,tokio/src/task/local.rs,409,spawn_local_inner,,,Crate-internal,Runtime/task control,False,False,False,
tokio,tokio::task,tokio/src/task/local.rs,482,drop,LocalEnterGuard,Drop,Trait impl,Drop / cleanup,False,False,False,
tokio,tokio::task,tokio/src/task/local.rs,496,fmt,LocalEnterGuard,fmt::Debug,Trait impl,Formatting,False,False,False,
tokio,tokio::task,tokio/src/task/local.rs,503,new,LocalSet,,Public API,Constructor,False,False,False,Returns a new local task set.
tokio,tokio::task,tokio/src/task/local.rs,532,enter,LocalSet,,Public API,Runtime/task control,False,False,False,Enters the context of this `LocalSet`.
tokio,tokio::task,tokio/src/task/local.rs,591,spawn_local,LocalSet,,Public API,Runtime/task control,False,False,False,Spawns a `!Send` task onto the local task set.
tokio,tokio::task,tokio/src/task/local.rs,672,block_on,LocalSet,,Public API,Runtime/task control,False,False,False,"Runs a future to completion on the provided runtime, driving any local futures spawned on this task set on the current thread."
tokio,tokio::task,tokio/src/task/local.rs,711,run_until,LocalSet,,Public API,Runtime/task control,True,False,False,"Runs a future to completion on the local set, returning its output."
tokio,tokio::task,tokio/src/task/local.rs,723,spawn_named,LocalSet,,Crate-internal,Runtime/task control,False,False,False,
tokio,tokio::task,tokio/src/task/local.rs,736,spawn_named_inner,LocalSet,,Private helper,Runtime/task control,False,False,False,
tokio,tokio::task,tokio/src/task/local.rs,755,tick,LocalSet,,Private helper,Time / timers,False,False,False,"Ticks the scheduler, returning whether the local future needs to be notified again."
tokio,tokio::task,tokio/src/task/local.rs,780,next_task,LocalSet,,Private helper,Other / internal logic,False,False,False,
tokio,tokio::task,tokio/src/task/local.rs,811,pop_local,LocalSet,,Private helper,Data movement,False,False,False,
tokio,tokio::task,tokio/src/task/local.rs,820,with,LocalSet,,Private helper,Combinator / iteration,False,False,False,
tokio,tokio::task,tokio/src/task/local.rs,829,with_if_possible,LocalSet,,Private helper,Constructor,False,False,False,"This method is like `with`, but it just calls `f` without setting the thread-local if that fails."
tokio,tokio::task,tokio/src/task/local.rs,858,id,LocalSet,,Public API,Accessor / query,False,False,False,Returns the [`Id`] of the current [`LocalSet`] runtime.
tokio,tokio::task,tokio/src/task/local.rs,923,unhandled_panic,LocalSet,,Public API,Other / internal logic,False,False,False,Configure how the `LocalSet` responds to an unhandled panic on a spawned task.
tokio,tokio::task,tokio/src/task/local.rs,935,fmt,LocalSet,fmt::Debug,Trait impl,Formatting,False,False,False,
tokio,tokio::task,tokio/src/task/local.rs,943,poll,LocalSet,Future,Trait impl,Future impl (poll),False,False,False,
tokio,tokio::task,tokio/src/task/local.rs,970,default,LocalSet,Default,Trait impl,Constructor,False,False,False,
tokio,tokio::task,tokio/src/task/local.rs,976,drop,LocalSet,Drop,Trait impl,Drop / cleanup,False,False,False,
tokio,tokio::task,tokio/src/task/local.rs,1027,spawn,Context,,Private helper,Runtime/task control,False,False,False,
tokio,tokio::task,tokio/src/task/local.rs,1059,poll,"RunUntil<'_, T>",Future,Trait impl,Future impl (poll),False,False,False,
tokio,tokio::task,tokio/src/task/local.rs,1089,schedule,Shared,,Private helper,Runtime/task control,False,False,False,Schedule the provided task on the scheduler.
tokio,tokio::task,tokio/src/task/local.rs,1132,ptr_eq,Shared,,Private helper,Handle / reference plumbing,False,False,False,
tokio,tokio::task,tokio/src/task/local.rs,1142,release,Arc<Shared>,task::Schedule,Trait impl,Scheduler hook,False,False,False,
tokio,tokio::task,tokio/src/task/local.rs,1147,schedule,Arc<Shared>,task::Schedule,Trait impl,Scheduler hook,False,False,False,
tokio,tokio::task,tokio/src/task/local.rs,1152,hooks,Arc<Shared>,task::Schedule,Trait impl,Scheduler hook,False,False,False,
tokio,tokio::task,tokio/src/task/local.rs,1159,unhandled_panic,Arc<Shared>,task::Schedule,Trait impl,Scheduler hook,False,False,False,
tokio,tokio::task,tokio/src/task/local.rs,1189,task_pop_front,LocalState,,Private helper,Other / internal logic,False,True,False,# Safety This method must only be called from the thread who has the same [`ThreadId`] as [`Self::owner`].
tokio,tokio::task,tokio/src/task/local.rs,1202,task_push_back,LocalState,,Private helper,Other / internal logic,False,True,False,# Safety This method must only be called from the thread who has the same [`ThreadId`] as [`Self::owner`].
tokio,tokio::task,tokio/src/task/local.rs,1215,take_local_queue,LocalState,,Private helper,Data movement,False,True,False,# Safety This method must only be called from the thread who has the same [`ThreadId`] as [`Self::owner`].
tokio,tokio::task,tokio/src/task/local.rs,1224,task_remove,LocalState,,Private helper,Other / internal logic,False,True,False,
tokio,tokio::task,tokio/src/task/local.rs,1233,owned_is_empty,LocalState,,Private helper,Other / internal logic,False,True,False,Returns true if the `LocalSet` does not have any spawned tasks
tokio,tokio::task,tokio/src/task/local.rs,1241,assert_owner,LocalState,,Private helper,Debugging / tracing,False,True,False,
tokio,tokio::task,tokio/src/task/local.rs,1252,close_and_shutdown_all,LocalState,,Private helper,Data movement,False,True,False,
tokio,tokio::task,tokio/src/task/local.rs,1261,assert_called_from_owner_thread,LocalState,,Private helper,Debugging / tracing,False,False,False,
tokio,tokio::task,tokio/src/task/local.rs,1289,local_current_thread_scheduler,,,Test,Other / internal logic,False,False,False,
tokio,tokio::task,tokio/src/task/local.rs,1311,wakes_to_local_queue,,,Test,Wake / park,False,False,False,
tokio,tokio::task,tokio/src/task/spawn.rs,174,spawn,,,Public API,Runtime/task control,False,False,False,"Spawns a new asynchronous task, returning a [`JoinHandle`] for it."
tokio,tokio::task,tokio/src/task/spawn.rs,188,spawn_inner,,,Crate-internal,Runtime/task control,False,False,False,
tokio,tokio::task,tokio/src/task/task_local.rs,130,scope,LocalKey<T>,,Public API,Other / internal logic,False,False,False,Sets a value `T` as the task-local value for the future `F`.
tokio,tokio::task,tokio/src/task/task_local.rs,168,sync_scope,LocalKey<T>,,Public API,Other / internal logic,False,False,False,Sets a value `T` as the task-local value for the closure `F`.
tokio,tokio::task,tokio/src/task/task_local.rs,179,scope_inner,LocalKey<T>,,Private helper,Other / internal logic,False,False,False,
tokio,tokio::task,tokio/src/task/task_local.rs,189,drop,"Guard<'a, T>",Drop,Trait impl,Drop / cleanup,False,False,False,
tokio,tokio::task,tokio/src/task/task_local.rs,230,with,LocalKey<T>,,Public API,Combinator / iteration,False,False,False,Accesses the current task-local and runs the provided closure.
tokio,tokio::task,tokio/src/task/task_local.rs,245,try_with,LocalKey<T>,,Public API,Non-blocking attempt,False,False,False,Accesses the current task-local and runs the provided closure.
tokio,tokio::task,tokio/src/task/task_local.rs,275,get,LocalKey<T>,,Public API,Accessor / query,False,False,False,Returns a copy of the task-local value if the task-local value implements `Clone`.
tokio,tokio::task,tokio/src/task/task_local.rs,285,try_get,LocalKey<T>,,Public API,Non-blocking attempt,False,False,False,Returns a copy of the task-local value if the task-local value implements `Clone`.
tokio,tokio::task,tokio/src/task/task_local.rs,291,fmt,LocalKey<T>,fmt::Debug,Trait impl,Formatting,False,False,False,
tokio,tokio::task,tokio/src/task/task_local.rs,331,drop,"TaskLocalFuture<T, F>",PinnedDrop,Trait impl,Other / internal logic,False,False,False,
tokio,tokio::task,tokio/src/task/task_local.rs,383,take_value,"TaskLocalFuture<T, F>",,Public API,Data movement,False,False,False,Returns the value stored in the task local by this `TaskLocalFuture`.
tokio,tokio::task,tokio/src/task/task_local.rs,393,poll,"TaskLocalFuture<T, F>",Future,Trait impl,Future impl (poll),False,False,False,
tokio,tokio::task,tokio/src/task/task_local.rs,422,fmt,"TaskLocalFuture<T, F>",fmt::Debug,Trait impl,Formatting,False,False,False,
tokio,tokio::task,tokio/src/task/task_local.rs,428,fmt,"TransparentOption<'a, T>",fmt::Debug,Trait impl,Formatting,False,False,False,
tokio,tokio::task,tokio/src/task/task_local.rs,450,fmt,AccessError,fmt::Debug,Trait impl,Formatting,False,False,False,
tokio,tokio::task,tokio/src/task/task_local.rs,456,fmt,AccessError,fmt::Display,Trait impl,Formatting,False,False,False,
tokio,tokio::task,tokio/src/task/task_local.rs,470,panic,ScopeInnerErr,,Private helper,Other / internal logic,False,False,False,
tokio,tokio::task,tokio/src/task/task_local.rs,479,from,ScopeInnerErr,From<std::cell::BorrowMutError>,Trait impl,Conversion,False,False,False,
tokio,tokio::task,tokio/src/task/task_local.rs,485,from,ScopeInnerErr,From<std::thread::AccessError>,Trait impl,Conversion,False,False,False,
tokio,tokio::task,tokio/src/task/yield_now.rs,38,yield_now,,,Public API,Async operation,True,False,False,Yields execution back to the Tokio runtime.
tokio,tokio::task::coop,tokio/src/task/coop/consume_budget.rs,25,consume_budget,,,Public API,I/O operation,True,False,False,Consumes a unit of budget and returns the execution back to the Tokio runtime *if* the task's coop budget was exhausted.
tokio,tokio::task::coop,tokio/src/task/coop/mod.rs,115,initial,Budget,,Private helper,Other / internal logic,False,False,True,Budget assigned to a task on each poll.
tokio,tokio::task::coop,tokio/src/task/coop/mod.rs,120,unconstrained,Budget,,Crate-internal,Other / internal logic,False,False,True,Returns an unconstrained budget.
tokio,tokio::task::coop,tokio/src/task/coop/mod.rs,124,has_remaining,Budget,,Private helper,Accessor / query,False,False,False,
tokio,tokio::task::coop,tokio/src/task/coop/mod.rs,132,budget,,,Crate-internal,Other / internal logic,False,False,False,Runs the given closure with a cooperative task budget.
tokio,tokio::task::coop,tokio/src/task/coop/mod.rs,139,with_unconstrained,,,Crate-internal,Constructor,False,False,False,Runs the given closure with an unconstrained task budget.
tokio,tokio::task::coop,tokio/src/task/coop/mod.rs,144,with_budget,,,Private helper,Constructor,False,False,False,
tokio,tokio::task::coop,tokio/src/task/coop/mod.rs,150,drop,ResetGuard,Drop,Trait impl,Drop / cleanup,False,False,False,
tokio,tokio::task::coop,tokio/src/task/coop/mod.rs,223,has_budget_remaining,,,Public API,Accessor / query,False,False,False,Returns `true` if there is still budget left on the task.
tokio,tokio::task::coop,tokio/src/task/coop/mod.rs,231,set,,,Crate-internal,Configuration / setter,False,False,False,Sets the current task's budget.
tokio,tokio::task::coop,tokio/src/task/coop/mod.rs,240,stop,,,Crate-internal,Other / internal logic,False,False,False,Forcibly removes the budgeting constraints early.
tokio,tokio::task::coop,tokio/src/task/coop/mod.rs,263,new,RestoreOnPending,,Private helper,Constructor,False,False,False,
tokio,tokio::task::coop,tokio/src/task/coop/mod.rs,273,made_progress,RestoreOnPending,,Public API,Other / internal logic,False,False,False,Signals that the task that obtained this `RestoreOnPending` was able to make progress.
tokio,tokio::task::coop,tokio/src/task/coop/mod.rs,279,drop,RestoreOnPending,Drop,Trait impl,Drop / cleanup,False,False,False,
tokio,tokio::task::coop,tokio/src/task/coop/mod.rs,343,poll_proceed,,,Public API,Poll function,False,False,False,Decrements the task budget and returns [`Poll::Pending`] if the budget is depleted.
tokio,tokio::task::coop,tokio/src/task/coop/mod.rs,371,poll_budget_available,,,Crate-internal,Poll function,False,False,False,"Returns `Poll::Ready` if the current task has budget to consume, and `Poll::Pending` otherwise."
tokio,tokio::task::coop,tokio/src/task/coop/mod.rs,384,inc_budget_forced_yield_count,,,Private helper,Metrics / counters,False,False,False,
tokio,tokio::task::coop,tokio/src/task/coop/mod.rs,393,inc_budget_forced_yield_count,,,Private helper,Metrics / counters,False,False,False,
tokio,tokio::task::coop,tokio/src/task/coop/mod.rs,396,register_waker,,,Private helper,I/O registration,False,False,False,
tokio,tokio::task::coop,tokio/src/task/coop/mod.rs,403,inc_budget_forced_yield_count,,,Private helper,Metrics / counters,False,False,False,
tokio,tokio::task::coop,tokio/src/task/coop/mod.rs,405,register_waker,,,Private helper,I/O registration,False,False,False,
tokio,tokio::task::coop,tokio/src/task/coop/mod.rs,413,decrement,Budget,,Private helper,Other / internal logic,False,False,False,Decrements the budget.
tokio,tokio::task::coop,tokio/src/task/coop/mod.rs,429,is_unconstrained,Budget,,Private helper,Accessor / query,False,False,False,
tokio,tokio::task::coop,tokio/src/task/coop/mod.rs,447,poll,Coop<F>,Future,Trait impl,Future impl (poll),False,False,False,
tokio,tokio::task::coop,tokio/src/task/coop/mod.rs,491,cooperative,,,Public API,Other / internal logic,False,False,False,Creates a wrapper future that makes the inner future cooperate with the Tokio scheduler.
tokio,tokio::task::coop,tokio/src/task/coop/mod.rs,503,get,,,Test,Accessor / query,False,False,False,
tokio,tokio::task::coop,tokio/src/task/coop/mod.rs,508,budgeting,,,Test,Other / internal logic,False,False,False,
tokio,tokio::task::coop,tokio/src/task/coop/unconstrained.rs,23,poll,Unconstrained<F>,Future,Trait impl,Future impl (poll),False,False,False,
tokio,tokio::task::coop,tokio/src/task/coop/unconstrained.rs,30,poll,Unconstrained<F>,Future,Trait impl,Future impl (poll),False,False,False,
tokio,tokio::task::coop,tokio/src/task/coop/unconstrained.rs,43,unconstrained,,,Public API,Other / internal logic,False,False,False,Turn off cooperative scheduling for a future.
tokio,tokio::time,tokio/src/time/clock.rs,15,now,,,Crate-internal,Time / timers,False,False,False,
tokio,tokio::time,tokio/src/time/clock.rs,20,new,Clock,,Crate-internal,Constructor,False,False,False,
tokio,tokio::time,tokio/src/time/clock.rs,24,now,Clock,,Crate-internal,Time / timers,False,False,False,
tokio,tokio::time,tokio/src/time/clock.rs,38,with_clock,,,Private helper,Constructor,False,False,False,
tokio,tokio::time,tokio/src/time/clock.rs,56,with_clock,,,Private helper,Constructor,False,False,False,
tokio,tokio::time,tokio/src/time/clock.rs,161,pause,,,Public API,Other / internal logic,False,False,False,Pauses time.
tokio,tokio::time,tokio/src/time/clock.rs,180,resume,,,Public API,Other / internal logic,False,False,False,Resumes time.
tokio,tokio::time,tokio/src/time/clock.rs,270,advance,,,Public API,Async operation,True,False,False,Advances time.
tokio,tokio::time,tokio/src/time/clock.rs,284,now,,,Crate-internal,Time / timers,False,False,False,"Returns the current instant, factoring in frozen time."
tokio,tokio::time,tokio/src/time/clock.rs,301,new,Clock,,Crate-internal,Constructor,False,False,False,Returns a new `Clock` instance that uses the current execution context's source of time.
tokio,tokio::time,tokio/src/time/clock.rs,322,pause,Clock,,Crate-internal,Other / internal logic,False,False,False,
tokio,tokio::time,tokio/src/time/clock.rs,344,inhibit_auto_advance,Clock,,Crate-internal,Other / internal logic,False,False,False,Temporarily stop auto-advancing the clock (see `tokio::time::pause`).
tokio,tokio::time,tokio/src/time/clock.rs,349,allow_auto_advance,Clock,,Crate-internal,Other / internal logic,False,False,False,
tokio,tokio::time,tokio/src/time/clock.rs,354,can_auto_advance,Clock,,Crate-internal,Other / internal logic,False,False,False,
tokio,tokio::time,tokio/src/time/clock.rs,359,advance,Clock,,Crate-internal,Other / internal logic,False,False,False,
tokio,tokio::time,tokio/src/time/clock.rs,370,now,Clock,,Crate-internal,Time / timers,False,False,False,
tokio,tokio::time,tokio/src/time/error.rs,37,from,Error,From<Kind>,Trait impl,Conversion,False,False,False,
tokio,tokio::time,tokio/src/time/error.rs,58,shutdown,Error,,Public API,Runtime/task control,False,False,False,Creates an error representing a shutdown timer.
tokio,tokio::time,tokio/src/time/error.rs,63,is_shutdown,Error,,Public API,Accessor / query,False,False,False,Returns `true` if the error was caused by the timer being shutdown.
tokio,tokio::time,tokio/src/time/error.rs,68,at_capacity,Error,,Public API,Other / internal logic,False,False,False,Creates an error representing a timer at capacity.
tokio,tokio::time,tokio/src/time/error.rs,73,is_at_capacity,Error,,Public API,Accessor / query,False,False,False,Returns `true` if the error was caused by the timer being at capacity.
tokio,tokio::time,tokio/src/time/error.rs,78,invalid,Error,,Public API,Other / internal logic,False,False,False,Creates an error representing a misconfigured timer.
tokio,tokio::time,tokio/src/time/error.rs,83,is_invalid,Error,,Public API,Accessor / query,False,False,False,Returns `true` if the error was caused by the timer being misconfigured.
tokio,tokio::time,tokio/src/time/error.rs,91,fmt,Error,fmt::Display,Trait impl,Formatting,False,False,False,
tokio,tokio::time,tokio/src/time/error.rs,106,new,Elapsed,,Crate-internal,Constructor,False,False,False,
tokio,tokio::time,tokio/src/time/error.rs,112,fmt,Elapsed,fmt::Display,Trait impl,Formatting,False,False,False,
tokio,tokio::time,tokio/src/time/error.rs,120,from,std::io::Error,From<Elapsed>,Trait impl,Conversion,False,False,False,
tokio,tokio::time,tokio/src/time/instant.rs,48,now,Instant,,Public API,Time / timers,False,False,False,"Returns an instant corresponding to ""now""."
tokio,tokio::time,tokio/src/time/instant.rs,53,from_std,Instant,,Public API,Conversion,False,False,False,Create a `tokio::time::Instant` from a `std::time::Instant`.
tokio,tokio::time,tokio/src/time/instant.rs,58,into_std,Instant,,Public API,Conversion,False,False,False,Convert the value into a `std::time::Instant`.
tokio,tokio::time,tokio/src/time/instant.rs,64,duration_since,Instant,,Public API,Other / internal logic,False,False,False,"Returns the amount of time elapsed from another instant to this one, or zero duration if that instant is later than this one."
tokio,tokio::time,tokio/src/time/instant.rs,85,checked_duration_since,Instant,,Public API,Other / internal logic,False,False,False,"Returns the amount of time elapsed from another instant to this one, or None if that instant is later than this one."
tokio,tokio::time,tokio/src/time/instant.rs,106,saturating_duration_since,Instant,,Public API,Other / internal logic,False,False,False,"Returns the amount of time elapsed from another instant to this one, or zero duration if that instant is later than this one."
tokio,tokio::time,tokio/src/time/instant.rs,126,elapsed,Instant,,Public API,Time / timers,False,False,False,"Returns the amount of time elapsed since this instant was created, or zero duration if this instant is in the future."
tokio,tokio::time,tokio/src/time/instant.rs,133,checked_add,Instant,,Public API,Other / internal logic,False,False,False,"Returns `Some(t)` where `t` is the time `self + duration` if `t` can be represented as `Instant` (which means it's inside the bounds of the underlying data structure), `None` otherwise."
tokio,tokio::time,tokio/src/time/instant.rs,140,checked_sub,Instant,,Public API,Other / internal logic,False,False,False,"Returns `Some(t)` where `t` is the time `self - duration` if `t` can be represented as `Instant` (which means it's inside the bounds of the underlying data structure), `None` otherwise."
tokio,tokio::time,tokio/src/time/instant.rs,146,from,Instant,From<std::time::Instant>,Trait impl,Conversion,False,False,False,
tokio,tokio::time,tokio/src/time/instant.rs,152,from,std::time::Instant,From<Instant>,Trait impl,Conversion,False,False,False,
tokio,tokio::time,tokio/src/time/instant.rs,160,add,Instant,ops::Add<Duration>,Trait impl,Other / internal logic,False,False,False,
tokio,tokio::time,tokio/src/time/instant.rs,166,add_assign,Instant,ops::AddAssign<Duration>,Trait impl,Other / internal logic,False,False,False,
tokio,tokio::time,tokio/src/time/instant.rs,174,sub,Instant,ops::Sub,Trait impl,Other / internal logic,False,False,False,
tokio,tokio::time,tokio/src/time/instant.rs,182,sub,Instant,ops::Sub<Duration>,Trait impl,Other / internal logic,False,False,False,
tokio,tokio::time,tokio/src/time/instant.rs,188,sub_assign,Instant,ops::SubAssign<Duration>,Trait impl,Other / internal logic,False,False,False,
tokio,tokio::time,tokio/src/time/instant.rs,194,fmt,Instant,fmt::Debug,Trait impl,Formatting,False,False,False,
tokio,tokio::time,tokio/src/time/instant.rs,203,now,,,Crate-internal,Time / timers,False,False,False,
tokio,tokio::time,tokio/src/time/instant.rs,212,now,,,Crate-internal,Time / timers,False,False,False,
tokio,tokio::time,tokio/src/time/interval.rs,73,interval,,,Public API,Time / timers,False,False,False,Creates new [`Interval`] that yields with interval of `period`.
tokio,tokio::time,tokio/src/time/interval.rs,108,interval_at,,,Public API,Time / timers,False,False,False,Creates new [`Interval`] that yields with interval of `period` with the first tick completing at `start`.
tokio,tokio::time,tokio/src/time/interval.rs,114,internal_interval_at,,,Private helper,Other / internal logic,False,False,False,
tokio,tokio::time,tokio/src/time/interval.rs,335,next_timeout,MissedTickBehavior,,Private helper,Other / internal logic,False,False,False,"If a tick is missed, this method is called to determine when the next tick should happen."
tokio,tokio::time,tokio/src/time/interval.rs,370,default,MissedTickBehavior,Default,Trait impl,Constructor,False,False,False,Returns [`MissedTickBehavior::Burst`].
tokio,tokio::time,tokio/src/time/interval.rs,428,tick,Interval,,Public API,Time / timers,True,False,False,Completes when the next instant in the interval has been reached.
tokio,tokio::time,tokio/src/time/interval.rs,457,poll_tick,Interval,,Public API,Poll function,False,False,False,Polls for the next instant in the interval to be reached.
tokio,tokio::time,tokio/src/time/interval.rs,517,reset,Interval,,Public API,Configuration / setter,False,False,False,Resets the interval to complete one period after the current time.
tokio,tokio::time,tokio/src/time/interval.rs,549,reset_immediately,Interval,,Public API,Other / internal logic,False,False,False,Resets the interval immediately.
tokio,tokio::time,tokio/src/time/interval.rs,582,reset_after,Interval,,Public API,Other / internal logic,False,False,False,Resets the interval after the specified [`std::time::Duration`].
tokio,tokio::time,tokio/src/time/interval.rs,619,reset_at,Interval,,Public API,Time / timers,False,False,False,Resets the interval to a [`crate::time::Instant`] deadline.
tokio,tokio::time,tokio/src/time/interval.rs,624,missed_tick_behavior,Interval,,Public API,Other / internal logic,False,False,False,Returns the [`MissedTickBehavior`] strategy currently being used.
tokio,tokio::time,tokio/src/time/interval.rs,629,set_missed_tick_behavior,Interval,,Public API,Configuration / setter,False,False,False,Sets the [`MissedTickBehavior`] strategy that should be used.
tokio,tokio::time,tokio/src/time/interval.rs,634,period,Interval,,Public API,Other / internal logic,False,False,False,Returns the period of the interval.
tokio,tokio::time,tokio/src/time/mod.rs,87,safe_delay,,,Private helper,Other / internal logic,False,False,False,
tokio,tokio::time,tokio/src/time/sleep.rs,62,sleep_until,,,Public API,Time / timers,False,False,False,
tokio,tokio::time,tokio/src/time/sleep.rs,123,sleep,,,Public API,Time / timers,False,False,False,
tokio,tokio::time,tokio/src/time/sleep.rs,230,drop,Sleep,PinnedDrop,Trait impl,Other / internal logic,False,False,False,
tokio,tokio::time,tokio/src/time/sleep.rs,255,new_timeout,Sleep,,Crate-internal,Constructor,False,False,False,
tokio,tokio::time,tokio/src/time/sleep.rs,305,deadline,Sleep,,Public API,Time / timers,False,False,False,Returns the instant at which the future will complete.
tokio,tokio::time,tokio/src/time/sleep.rs,312,is_elapsed,Sleep,,Public API,Accessor / query,False,False,False,Returns `true` if `Sleep` has elapsed.
tokio,tokio::time,tokio/src/time/sleep.rs,345,reset,Sleep,,Public API,Configuration / setter,False,False,False,Resets the `Sleep` instance to a new deadline.
tokio,tokio::time,tokio/src/time/sleep.rs,390,reset_without_timer,Sleep,,Crate-internal,Other / internal logic,False,True,False,Resets the `Sleep` instance to a new deadline.
tokio,tokio::time,tokio/src/time/sleep.rs,396,poll_elapsed,Sleep,,Private helper,Poll function,False,False,False,
tokio,tokio::time,tokio/src/time/sleep.rs,469,poll,Sleep,Future,Trait impl,Future impl (poll),False,False,False,
tokio,tokio::time,tokio/src/time/timeout.rs,86,timeout,,,Public API,Time / timers,False,False,False,Requires a `Future` to complete before the specified duration has elapsed.
tokio,tokio::time,tokio/src/time/timeout.rs,165,timeout_at,,,Public API,Other / internal logic,False,False,False,Requires a `Future` to complete before the specified instant in time.
tokio,tokio::time,tokio/src/time/timeout.rs,189,get_ref,Timeout<T>,,Public API,Accessor / query,False,False,False,Gets a reference to the underlying value in this timeout.
tokio,tokio::time,tokio/src/time/timeout.rs,194,get_mut,Timeout<T>,,Public API,Accessor / query,False,False,False,Gets a mutable reference to the underlying value in this timeout.
tokio,tokio::time,tokio/src/time/timeout.rs,199,into_inner,Timeout<T>,,Public API,Conversion,False,False,False,"Consumes this timeout, returning the underlying value."
tokio,tokio::time,tokio/src/time/timeout.rs,210,poll,Timeout<T>,Future,Trait impl,Future impl (poll),False,False,False,
tokio,tokio::time,tokio/src/time/timeout.rs,229,poll_delay,,,Private helper,Poll function,False,False,False,
tokio,tokio::util,tokio/src/util/as_ref.rs,11,as_ref,OwnedBuf,AsRef<[u8]>,Trait impl,Conversion,False,False,False,
tokio,tokio::util,tokio/src/util/as_ref.rs,20,upgrade,,,Crate-internal,Handle / reference plumbing,False,False,False,
tokio,tokio::util,tokio/src/util/atomic_cell.rs,14,new,AtomicCell<T>,,Crate-internal,Constructor,False,False,False,
tokio,tokio::util,tokio/src/util/atomic_cell.rs,20,swap,AtomicCell<T>,,Crate-internal,Other / internal logic,False,False,False,
tokio,tokio::util,tokio/src/util/atomic_cell.rs,25,set,AtomicCell<T>,,Crate-internal,Configuration / setter,False,False,False,
tokio,tokio::util,tokio/src/util/atomic_cell.rs,29,take,AtomicCell<T>,,Crate-internal,Data movement,False,False,False,
tokio,tokio::util,tokio/src/util/atomic_cell.rs,34,to_raw,,,Private helper,Conversion,False,False,False,
tokio,tokio::util,tokio/src/util/atomic_cell.rs,38,from_raw,,,Private helper,Conversion,False,False,False,
tokio,tokio::util,tokio/src/util/atomic_cell.rs,47,drop,AtomicCell<T>,Drop,Trait impl,Drop / cleanup,False,False,False,
tokio,tokio::util,tokio/src/util/bit.rs,11,least_significant,Pack,,Crate-internal,Other / internal logic,False,False,True,Value is packed in the `width` least-significant bits.
tokio,tokio::util,tokio/src/util/bit.rs,18,then,Pack,,Crate-internal,Other / internal logic,False,False,True,Value is packed in the `width` more-significant bits.
tokio,tokio::util,tokio/src/util/bit.rs,26,width,Pack,,Crate-internal,Other / internal logic,False,False,True,"Width, in bits, dedicated to storing the value."
tokio,tokio::util,tokio/src/util/bit.rs,31,max_value,Pack,,Crate-internal,Configuration / setter,False,False,True,Max representable value.
tokio,tokio::util,tokio/src/util/bit.rs,35,pack,Pack,,Crate-internal,Other / internal logic,False,False,False,
tokio,tokio::util,tokio/src/util/bit.rs,40,unpack,Pack,,Crate-internal,Other / internal logic,False,False,False,
tokio,tokio::util,tokio/src/util/bit.rs,46,fmt,Pack,fmt::Debug,Trait impl,Formatting,False,False,False,
tokio,tokio::util,tokio/src/util/bit.rs,56,mask_for,,,Crate-internal,Other / internal logic,False,False,True,Returns a `usize` with the right-most `n` bits set.
tokio,tokio::util,tokio/src/util/bit.rs,62,unpack,,,Crate-internal,Other / internal logic,False,False,True,Unpacks a value using a mask & shift.
tokio,tokio::util,tokio/src/util/blocking_check.rs,7,check_socket_for_blocking,,,Crate-internal,Runtime/task control,False,False,False,
tokio,tokio::util,tokio/src/util/blocking_check.rs,25,check_socket_for_blocking,,,Crate-internal,Runtime/task control,False,False,False,
tokio,tokio::util,tokio/src/util/cacheline.rs,72,new,CachePadded<T>,,Crate-internal,Constructor,False,False,False,Pads and aligns a value to the length of a cache line.
tokio,tokio::util,tokio/src/util/cacheline.rs,80,deref,CachePadded<T>,Deref,Trait impl,Deref,False,False,False,
tokio,tokio::util,tokio/src/util/cacheline.rs,86,deref_mut,CachePadded<T>,DerefMut,Trait impl,Deref,False,False,False,
tokio,tokio::util,tokio/src/util/idle_notified_set.rs,103,addr_of_pointers,ListEntry<T>,,Private helper,Handle / reference plumbing,False,True,False,
tokio,tokio::util,tokio/src/util/idle_notified_set.rs,125,new,IdleNotifiedSet<T>,,Crate-internal,Constructor,False,False,False,Create a new `IdleNotifiedSet`.
tokio,tokio::util,tokio/src/util/idle_notified_set.rs,138,len,IdleNotifiedSet<T>,,Crate-internal,Accessor / query,False,False,False,
tokio,tokio::util,tokio/src/util/idle_notified_set.rs,142,is_empty,IdleNotifiedSet<T>,,Crate-internal,Accessor / query,False,False,False,
tokio,tokio::util,tokio/src/util/idle_notified_set.rs,147,insert_idle,IdleNotifiedSet<T>,,Crate-internal,Data movement,False,False,False,Insert the given value into the `idle` list.
tokio,tokio::util,tokio/src/util/idle_notified_set.rs,169,pop_notified,IdleNotifiedSet<T>,,Crate-internal,Data movement,False,False,False,Pop an entry from the notified list to poll it.
tokio,tokio::util,tokio/src/util/idle_notified_set.rs,205,try_pop_notified,IdleNotifiedSet<T>,,Crate-internal,Non-blocking attempt,False,False,False,Tries to pop an entry from the notified list to poll it.
tokio,tokio::util,tokio/src/util/idle_notified_set.rs,232,for_each,IdleNotifiedSet<T>,,Crate-internal,Combinator / iteration,False,False,False,Call a function on every element in this list.
tokio,tokio::util,tokio/src/util/idle_notified_set.rs,233,get_ptrs,,,Private helper,Accessor / query,False,False,False,
tokio,tokio::util,tokio/src/util/idle_notified_set.rs,278,drain,IdleNotifiedSet<T>,,Crate-internal,Combinator / iteration,False,False,False,"Remove all entries in both lists, applying some function to each element."
tokio,tokio::util,tokio/src/util/idle_notified_set.rs,296,pop_next,"AllEntries<T, F>",,Private helper,Data movement,False,False,False,
tokio,tokio::util,tokio/src/util/idle_notified_set.rs,311,drop,"AllEntries<T, F>",Drop,Trait impl,Drop / cleanup,False,False,False,
tokio,tokio::util,tokio/src/util/idle_notified_set.rs,346,move_to_new_list,,,Private helper,Other / internal logic,False,True,False,"# Safety The mutex for the entries must be held, and the target list must be such that setting `my_list` to `Neither` is ok."
tokio,tokio::util,tokio/src/util/idle_notified_set.rs,367,remove,"EntryInOneOfTheLists<'a, T>",,Crate-internal,Data movement,False,False,False,"Remove this entry from the list it is in, returning the value associated with the entry."
tokio,tokio::util,tokio/src/util/idle_notified_set.rs,406,with_value_and_context,"EntryInOneOfTheLists<'a, T>",,Crate-internal,Constructor,False,False,False,Access the value in this entry together with a context for its waker.
tokio,tokio::util,tokio/src/util/idle_notified_set.rs,424,drop,IdleNotifiedSet<T>,Drop,Trait impl,Drop / cleanup,False,False,False,
tokio,tokio::util,tokio/src/util/idle_notified_set.rs,438,wake_by_ref,ListEntry<T>,Wake,Trait impl,Waker,False,False,False,
tokio,tokio::util,tokio/src/util/idle_notified_set.rs,466,wake,ListEntry<T>,Wake,Trait impl,Waker,False,False,False,
tokio,tokio::util,tokio/src/util/idle_notified_set.rs,478,as_raw,ListEntry<T>,linked_list::Link,Trait impl,Intrusive-list link,False,False,False,
tokio,tokio::util,tokio/src/util/idle_notified_set.rs,484,from_raw,ListEntry<T>,linked_list::Link,Trait impl,Intrusive-list link,False,True,False,
tokio,tokio::util,tokio/src/util/idle_notified_set.rs,488,pointers,ListEntry<T>,linked_list::Link,Trait impl,Intrusive-list link,False,True,False,
tokio,tokio::util,tokio/src/util/idle_notified_set.rs,504,join_set_test,,,Test,Other / internal logic,False,False,False,
tokio,tokio::util,tokio/src/util/linked_list.rs,57,as_raw,trait Link,,Trait method (declaration/default),Conversion,False,False,False,Convert the handle to a raw pointer without consuming the handle.
tokio,tokio::util,tokio/src/util/linked_list.rs,60,from_raw,trait Link,,Trait method (declaration/default),Conversion,False,True,False,Convert the raw pointer to a handle
tokio,tokio::util,tokio/src/util/linked_list.rs,72,pointers,trait Link,,Trait method (declaration/default),Other / internal logic,False,True,False,Return the pointers for a node
tokio,tokio::util,tokio/src/util/linked_list.rs,113,new,LinkedList<L>,,Crate-internal,Constructor,False,False,True,Creates an empty linked list.
tokio,tokio::util,tokio/src/util/linked_list.rs,121,push_front,LinkedList<L>,,Crate-internal,Data movement,False,False,False,Adds an element first in the list.
tokio,tokio::util,tokio/src/util/linked_list.rs,144,pop_front,LinkedList<L>,,Crate-internal,Data movement,False,False,False,"Removes the first element from a list and returns it, or None if it is empty."
tokio,tokio::util,tokio/src/util/linked_list.rs,164,pop_back,LinkedList<L>,,Crate-internal,Data movement,False,False,False,"Removes the last element from a list and returns it, or None if it is empty."
tokio,tokio::util,tokio/src/util/linked_list.rs,183,is_empty,LinkedList<L>,,Crate-internal,Accessor / query,False,False,False,Returns whether the linked list does not contain any node
tokio,tokio::util,tokio/src/util/linked_list.rs,202,remove,LinkedList<L>,,Crate-internal,Data movement,False,True,False,Removes the specified node from the list
tokio,tokio::util,tokio/src/util/linked_list.rs,238,fmt,LinkedList<L>,fmt::Debug,Trait impl,Formatting,False,False,False,
tokio,tokio::util,tokio/src/util/linked_list.rs,254,last,LinkedList<L>,,Crate-internal,Other / internal logic,False,False,False,
tokio,tokio::util,tokio/src/util/linked_list.rs,261,default,LinkedList<L>,Default,Trait impl,Constructor,False,False,False,
tokio,tokio::util,tokio/src/util/linked_list.rs,276,drain_filter,LinkedList<L>,,Crate-internal,Combinator / iteration,False,False,False,
tokio,tokio::util,tokio/src/util/linked_list.rs,295,next,"DrainFilter<'a, L, F>",Iterator,Trait impl,Iterator,False,False,False,
tokio,tokio::util,tokio/src/util/linked_list.rs,313,for_each,LinkedList<L>,,Crate-internal,Combinator / iteration,False,False,False,
tokio,tokio::util,tokio/src/util/linked_list.rs,356,into_guarded,LinkedList<L>,,Crate-internal,Conversion,False,False,False,Turns a linked list into the guarded version by linking the guard node with the head and tail nodes.
tokio,tokio::util,tokio/src/util/linked_list.rs,383,tail,GuardedLinkedList<L>,,Private helper,Other / internal logic,False,False,False,
tokio,tokio::util,tokio/src/util/linked_list.rs,400,pop_back,GuardedLinkedList<L>,,Crate-internal,Data movement,False,False,False,"Removes the last element from a list and returns it, or None if it is empty."
tokio,tokio::util,tokio/src/util/linked_list.rs,421,new,Pointers<T>,,Crate-internal,Constructor,False,False,False,Create a new set of empty pointers
tokio,tokio::util,tokio/src/util/linked_list.rs,431,get_prev,Pointers<T>,,Crate-internal,Accessor / query,False,False,False,
tokio,tokio::util,tokio/src/util/linked_list.rs,435,get_next,Pointers<T>,,Crate-internal,Accessor / query,False,False,False,
tokio,tokio::util,tokio/src/util/linked_list.rs,440,set_prev,Pointers<T>,,Private helper,Configuration / setter,False,False,False,
tokio,tokio::util,tokio/src/util/linked_list.rs,446,set_next,Pointers<T>,,Private helper,Configuration / setter,False,False,False,
tokio,tokio::util,tokio/src/util/linked_list.rs,455,fmt,Pointers<T>,fmt::Debug,Trait impl,Formatting,False,False,False,
tokio,tokio::util,tokio/src/util/linked_list.rs,483,as_raw,&'a Entry,Link,Trait impl,Intrusive-list link,False,False,False,
tokio,tokio::util,tokio/src/util/linked_list.rs,487,from_raw,&'a Entry,Link,Trait impl,Intrusive-list link,False,True,False,
tokio,tokio::util,tokio/src/util/linked_list.rs,491,pointers,&'a Entry,Link,Trait impl,Intrusive-list link,False,True,False,
tokio,tokio::util,tokio/src/util/linked_list.rs,496,entry,,,Private helper,Other / internal logic,False,False,False,
tokio,tokio::util,tokio/src/util/linked_list.rs,503,ptr,,,Private helper,Other / internal logic,False,False,False,
tokio,tokio::util,tokio/src/util/linked_list.rs,507,collect_list,,,Private helper,Other / internal logic,False,False,False,
tokio,tokio::util,tokio/src/util/linked_list.rs,517,push_all,,,Private helper,Data movement,False,False,False,
tokio,tokio::util,tokio/src/util/linked_list.rs,540,const_new,,,Private helper,Constructor,False,False,False,
tokio,tokio::util,tokio/src/util/linked_list.rs,545,push_and_drain,,,Private helper,Data movement,False,False,False,
tokio,tokio::util,tokio/src/util/linked_list.rs,565,push_pop_push_pop,,,Private helper,Data movement,False,False,False,
tokio,tokio::util,tokio/src/util/linked_list.rs,587,remove_by_address,,,Private helper,Data movement,False,False,False,
tokio,tokio::util,tokio/src/util/linked_list.rs,737,fuzz_linked_list,,,Public API,Other / internal logic,False,False,False,This is a fuzz test.
tokio,tokio::util,tokio/src/util/memchr.rs,7,memchr_inner,,,Private helper,Other / internal logic,False,False,False,
tokio,tokio::util,tokio/src/util/memchr.rs,12,memchr_inner,,,Private helper,Other / internal logic,False,False,False,
tokio,tokio::util,tokio/src/util/memchr.rs,36,memchr,,,Crate-internal,Other / internal logic,False,False,False,
tokio,tokio::util,tokio/src/util/memchr.rs,58,memchr_test,,,Test,Other / internal logic,False,False,False,
tokio,tokio::util,tokio/src/util/memchr.rs,82,memchr_all,,,Test,Other / internal logic,False,False,False,
tokio,tokio::util,tokio/src/util/memchr.rs,97,memchr_empty,,,Test,Other / internal logic,False,False,False,
tokio,tokio::util,tokio/src/util/metric_atomics.rs,22,load,MetricAtomicU64,,Crate-internal,Other / internal logic,False,False,False,
tokio,tokio::util,tokio/src/util/metric_atomics.rs,28,store,MetricAtomicU64,,Crate-internal,Configuration / setter,False,False,False,
tokio,tokio::util,tokio/src/util/metric_atomics.rs,32,new,MetricAtomicU64,,Crate-internal,Constructor,False,False,False,
tokio,tokio::util,tokio/src/util/metric_atomics.rs,36,add,MetricAtomicU64,,Crate-internal,Other / internal logic,False,False,False,
tokio,tokio::util,tokio/src/util/metric_atomics.rs,42,store,MetricAtomicU64,,Crate-internal,Configuration / setter,False,False,False,
tokio,tokio::util,tokio/src/util/metric_atomics.rs,44,add,MetricAtomicU64,,Crate-internal,Other / internal logic,False,False,False,
tokio,tokio::util,tokio/src/util/metric_atomics.rs,45,new,MetricAtomicU64,,Crate-internal,Constructor,False,False,False,
tokio,tokio::util,tokio/src/util/metric_atomics.rs,60,new,MetricAtomicUsize,,Crate-internal,Constructor,False,False,False,
tokio,tokio::util,tokio/src/util/metric_atomics.rs,66,load,MetricAtomicUsize,,Crate-internal,Other / internal logic,False,False,False,
tokio,tokio::util,tokio/src/util/metric_atomics.rs,70,store,MetricAtomicUsize,,Crate-internal,Configuration / setter,False,False,False,
tokio,tokio::util,tokio/src/util/metric_atomics.rs,74,increment,MetricAtomicUsize,,Crate-internal,Other / internal logic,False,False,False,
tokio,tokio::util,tokio/src/util/metric_atomics.rs,78,decrement,MetricAtomicUsize,,Crate-internal,Other / internal logic,False,False,False,
tokio,tokio::util,tokio/src/util/mod.rs,108,pin_as_deref_mut,,,Crate-internal,Other / internal logic,False,False,False,
tokio,tokio::util,tokio/src/util/ptr_expose.rs,21,new,PtrExposeDomain<T>,,Crate-internal,Constructor,False,False,True,
tokio,tokio::util,tokio/src/util/ptr_expose.rs,30,expose_provenance,PtrExposeDomain<T>,,Crate-internal,Other / internal logic,False,False,False,
tokio,tokio::util,tokio/src/util/ptr_expose.rs,46,from_exposed_addr,PtrExposeDomain<T>,,Crate-internal,Conversion,False,False,False,
tokio,tokio::util,tokio/src/util/ptr_expose.rs,63,unexpose_provenance,PtrExposeDomain<T>,,Crate-internal,Other / internal logic,False,False,False,
tokio,tokio::util,tokio/src/util/rand.rs,36,new,RngSeed,,Crate-internal,Constructor,False,False,False,Creates a random seed using loom internally.
tokio,tokio::util,tokio/src/util/rand.rs,40,from_u64,RngSeed,,Private helper,Conversion,False,False,False,
tokio,tokio::util,tokio/src/util/rand.rs,47,from_pair,RngSeed,,Private helper,Conversion,False,False,False,
tokio,tokio::util,tokio/src/util/rand.rs,58,new,FastRand,,Crate-internal,Constructor,False,False,False,Initialize a new fast random number generator using the default source of entropy.
tokio,tokio::util,tokio/src/util/rand.rs,63,from_seed,FastRand,,Crate-internal,Conversion,False,False,False,"Initializes a new, thread-local, fast random number generator."
tokio,tokio::util,tokio/src/util/rand.rs,71,fastrand_n,FastRand,,Crate-internal,Other / internal logic,False,False,False,
tokio,tokio::util,tokio/src/util/rand.rs,78,fastrand,FastRand,,Private helper,Other / internal logic,False,False,False,
tokio,tokio::util,tokio/src/util/rand.rs,97,non_zero_seed_from_u64,,,Test,Other / internal logic,False,False,False,
tokio,tokio::util,tokio/src/util/rand.rs,104,non_zero_seed_from_pair,,,Test,Other / internal logic,False,False,False,
tokio,tokio::util,tokio/src/util/rc_cell.rs,13,new,RcCell<T>,,Crate-internal,Constructor,False,False,True,
tokio,tokio::util,tokio/src/util/rc_cell.rs,21,new,RcCell<T>,,Crate-internal,Constructor,False,False,False,
tokio,tokio::util,tokio/src/util/rc_cell.rs,29,with_inner,RcCell<T>,,Private helper,Constructor,False,True,False,Safety: This method may not be called recursively.
tokio,tokio::util,tokio/src/util/rc_cell.rs,41,get,RcCell<T>,,Crate-internal,Accessor / query,False,False,False,
tokio,tokio::util,tokio/src/util/rc_cell.rs,47,replace,RcCell<T>,,Crate-internal,Other / internal logic,False,False,False,
tokio,tokio::util,tokio/src/util/rc_cell.rs,53,set,RcCell<T>,,Crate-internal,Configuration / setter,False,False,False,
tokio,tokio::util,tokio/src/util/sharded_list.rs,32,get_shard_id,trait ShardedListItem,,Trait method (declaration/default),Accessor / query,False,True,False,# Safety The provided pointer must point at a valid list item.
tokio,tokio::util,tokio/src/util/sharded_list.rs,45,new,ShardedList<L>,,Crate-internal,Constructor,False,False,False,Creates a new and empty sharded linked list with the specified size.
tokio,tokio::util,tokio/src/util/sharded_list.rs,60,pop_back,ShardedList<L>,,Crate-internal,Data movement,False,False,False,"Removes the last element from a list specified by `shard_id` and returns it, or None if it is empty."
tokio,tokio::util,tokio/src/util/sharded_list.rs,77,remove,ShardedList<L>,,Crate-internal,Data movement,False,True,False,Removes the specified node from the list.
tokio,tokio::util,tokio/src/util/sharded_list.rs,90,lock_shard,ShardedList<L>,,Crate-internal,Locking / permits,False,False,False,"Gets the lock of `ShardedList`, makes us have the write permission."
tokio,tokio::util,tokio/src/util/sharded_list.rs,101,len,ShardedList<L>,,Crate-internal,Accessor / query,False,False,False,Gets the count of elements in this list.
tokio,tokio::util,tokio/src/util/sharded_list.rs,108,added,ShardedList<L>,,Crate-internal,Other / internal logic,False,False,False,Gets the total number of elements added to this list.
tokio,tokio::util,tokio/src/util/sharded_list.rs,115,is_empty,ShardedList<L>,,Crate-internal,Accessor / query,False,False,False,Returns whether the linked list does not contain any node.
tokio,tokio::util,tokio/src/util/sharded_list.rs,122,shard_size,ShardedList<L>,,Crate-internal,Other / internal logic,False,False,False,Gets the shard size of this `ShardedList`.
tokio,tokio::util,tokio/src/util/sharded_list.rs,127,shard_inner,ShardedList<L>,,Private helper,Other / internal logic,False,False,False,
tokio,tokio::util,tokio/src/util/sharded_list.rs,135,push,"ShardGuard<'a, L>",,Crate-internal,Data movement,False,False,False,Push a value to this shard.
tokio,tokio::util,tokio/src/util/sharded_list.rs,146,for_each,ShardedList<L>,,Crate-internal,Combinator / iteration,False,False,False,
tokio,tokio::util,tokio/src/util/sync_wrapper.rs,21,new,SyncWrapper<T>,,Crate-internal,Constructor,False,False,False,
tokio,tokio::util,tokio/src/util/sync_wrapper.rs,25,into_inner,SyncWrapper<T>,,Crate-internal,Conversion,False,False,False,
tokio,tokio::util,tokio/src/util/sync_wrapper.rs,32,downcast_ref_sync,SyncWrapper<Box<dyn Any + Send>>,,Crate-internal,Other / internal logic,False,False,False,Attempt to downcast using `Any::downcast_ref()` to a type that is known to be `Sync`.
tokio,tokio::util,tokio/src/util/trace.rs,24,new,SpawnMeta<'a>,,Crate-internal,Constructor,False,False,False,Create new spawn meta with a name and original size (before possible auto-boxing)
tokio,tokio::util,tokio/src/util/trace.rs,35,new_unnamed,SpawnMeta<'a>,,Crate-internal,Constructor,False,False,False,Create a new unnamed spawn meta with the original size (before possible auto-boxing)
tokio,tokio::util,tokio/src/util/trace.rs,62,task,,,Crate-internal,Other / internal logic,False,False,False,
tokio,tokio::util,tokio/src/util/trace.rs,63,get_span,,,Private helper,Accessor / query,False,False,False,
tokio,tokio::util,tokio/src/util/trace.rs,89,blocking_task,,,Crate-internal,Blocking (sync) variant,False,False,False,
tokio,tokio::util,tokio/src/util/trace.rs,114,async_op,,,Crate-internal,Other / internal logic,False,False,False,
tokio,tokio::util,tokio/src/util/trace.rs,156,poll,InstrumentedAsyncOp<F>,Future,Trait impl,Future impl (poll),False,False,False,
tokio,tokio::util,tokio/src/util/trace.rs,169,task,,,Crate-internal,Other / internal logic,False,False,False,
tokio,tokio::util,tokio/src/util/trace.rs,175,blocking_task,,,Crate-internal,Blocking (sync) variant,False,False,False,
tokio,tokio::util,tokio/src/util/trace.rs,185,caller_location,,,Crate-internal,Other / internal logic,False,False,False,
tokio,tokio::util,tokio/src/util/try_lock.rs,35,new,TryLock<T>,,Crate-internal,Constructor,False,False,True,Create a new `TryLock`
tokio,tokio::util,tokio/src/util/try_lock.rs,41,new,TryLock<T>,,Crate-internal,Constructor,False,False,False,Create a new `TryLock`
tokio,tokio::util,tokio/src/util/try_lock.rs,46,try_lock,TryLock<T>,,Crate-internal,Non-blocking attempt,False,False,False,Attempt to acquire lock
tokio,tokio::util,tokio/src/util/try_lock.rs,65,deref,"LockGuard<'_, T>",Deref,Trait impl,Deref,False,False,False,
tokio,tokio::util,tokio/src/util/try_lock.rs,71,deref_mut,"LockGuard<'_, T>",DerefMut,Trait impl,Deref,False,False,False,
tokio,tokio::util,tokio/src/util/try_lock.rs,77,drop,"LockGuard<'_, T>",Drop,Trait impl,Drop / cleanup,False,False,False,
tokio,tokio::util,tokio/src/util/typeid.rs,9,try_transmute,,,Crate-internal,Non-blocking attempt,False,True,False,
tokio,tokio::util,tokio/src/util/typeid.rs,21,nonstatic_typeid,,,Private helper,Other / internal logic,False,False,False,
tokio,tokio::util,tokio/src/util/typeid.rs,26,get_type_id,trait NonStaticAny,,Trait method (declaration/default),Accessor / query,False,False,False,
tokio,tokio::util,tokio/src/util/typeid.rs,33,get_type_id,PhantomData<T>,NonStaticAny,Trait impl,Accessor / query,False,False,False,
tokio,tokio::util,tokio/src/util/wake.rs,11,wake,trait Wake,,Trait method (declaration/default),Wake / park,False,False,False,Wake by value.
tokio,tokio::util,tokio/src/util/wake.rs,14,wake_by_ref,trait Wake,,Trait method (declaration/default),Wake / park,False,False,False,Wake by reference.
tokio,tokio::util,tokio/src/util/wake.rs,27,deref,WakerRef<'_>,Deref,Trait impl,Deref,False,False,False,
tokio,tokio::util,tokio/src/util/wake.rs,33,waker_ref,,,Crate-internal,Wake / park,False,False,False,Creates a reference to a `Waker` from a reference to `Arc<impl Wake>`.
tokio,tokio::util,tokio/src/util/wake.rs,44,waker_vtable,,,Private helper,Wake / park,False,False,False,
tokio,tokio::util,tokio/src/util/wake.rs,53,clone_arc_raw,,,Private helper,Other / internal logic,False,True,False,
tokio,tokio::util,tokio/src/util/wake.rs,61,wake_arc_raw,,,Private helper,Wake / park,False,True,False,
tokio,tokio::util,tokio/src/util/wake.rs,68,wake_by_ref_arc_raw,,,Private helper,Wake / park,False,True,False,
tokio,tokio::util,tokio/src/util/wake.rs,75,drop_arc_raw,,,Private helper,Lifecycle / ref-count,False,True,False,
tokio,tokio::util,tokio/src/util/wake_list.rs,18,new,WakeList,,Crate-internal,Constructor,False,False,False,
tokio,tokio::util,tokio/src/util/wake_list.rs,28,can_push,WakeList,,Crate-internal,Other / internal logic,False,False,False,
tokio,tokio::util,tokio/src/util/wake_list.rs,32,push,WakeList,,Crate-internal,Data movement,False,False,False,
tokio,tokio::util,tokio/src/util/wake_list.rs,39,wake_all,WakeList,,Crate-internal,Wake / park,False,False,False,
tokio,tokio::util,tokio/src/util/wake_list.rs,46,drop,DropGuard,Drop,Trait impl,Drop / cleanup,False,False,False,
tokio,tokio::util,tokio/src/util/wake_list.rs,77,drop,WakeList,Drop,Trait impl,Drop / cleanup,False,False,False,
tokio,tokio::util::rand,tokio/src/util/rand/rt.rs,22,new,RngSeedGenerator,,Crate-internal,Constructor,False,False,False,Returns a new generator from the provided seed.
tokio,tokio::util::rand,tokio/src/util/rand/rt.rs,29,next_seed,RngSeedGenerator,,Crate-internal,Other / internal logic,False,False,False,Returns the next seed in the sequence.
tokio,tokio::util::rand,tokio/src/util/rand/rt.rs,42,next_generator,RngSeedGenerator,,Crate-internal,Other / internal logic,False,False,False,Directly creates a generator using the next seed.
tokio,tokio::util::rand,tokio/src/util/rand/rt.rs,53,replace_seed,FastRand,,Crate-internal,Other / internal logic,False,False,False,"Replaces the state of the random number generator with the provided seed, returning the seed that represents the previous state of the random number generator."
tokio,tokio::util::rand,tokio/src/util/rand/rt_unstable.rs,15,from_bytes,RngSeed,,Public API,Conversion,False,False,False,Generates a seed from the provided byte slice.
